[Header],,,,,,,,,,,,,,,,,,,,
Application Name,LabSolutions,,,,,,,,,,,,,,,,,,,
Version,5.127 SP1,,,,,,,,,,,,,,,,,,,
Data File Name,C:\LabSolutions\BPS2032 2026\TUES PM\GR11\GR11-16-6-MeOH-3-ISO-50-1.5-20u-CP-0.1-BiPH-150x4.6x5-amb-254.lcd,,,,,,,,,,,,,,,,,,,
Output Date,25/08/2026,,,,,,,,,,,,,,,,,,,
Output Time,5:56:30 PM,,,,,,,,,,,,,,,,,,,
,,,,,,,,,,,,,,,,,,,,
[File Information],,,,,,,,,,,,,,,,,,,,
Type,Data File,,,,,,,,,,,,,,,,,,,
Generated,25/08/2026 17:28,,,,,,,,,,,,,,,,,,,
Generated by,System Administrator,,,,,,,,,,,,,,,,,,,
Modified,25/08/2026 17:54,,,,,,,,,,,,,,,,,,,
Modified by,System Administrator,,,,,,,,,,,,,,,,,,,
,,,,,,,,,,,,,,,,,,,,
[Sample Information],,,,,,,,,,,,,,,,,,,,
Operator Name,System Administrator,,,,,,,,,,,,,,,,,,,
Acquired,25/08/2026 17:28,,,,,,,,,,,,,,,,,,,
Sample Type,0:Unknown,,,,,,,,,,,,,,,,,,,
Level,0,,,,,,,,,,,,,,,,,,,
Sample Name,GR11-16-6-MeOH-3-ISO-50-1.5-20u-CP-0.1-BiPH-150x4.6x5-amb-254,,,,,,,,,,,,,,,,,,,
Sample ID,,,,,,,,,,,,,,,,,,,,
ISTD Amount1,1,,,,,,,,,,,,,,,,,,,
ISTD Amount2,1,,,,,,,,,,,,,,,,,,,
ISTD Amount3,1,,,,,,,,,,,,,,,,,,,
ISTD Amount4,1,,,,,,,,,,,,,,,,,,,
ISTD Amount5,1,,,,,,,,,,,,,,,,,,,
ISTD Amount6,1,,,,,,,,,,,,,,,,,,,
ISTD Amount7,1,,,,,,,,,,,,,,,,,,,
ISTD Amount8,1,,,,,,,,,,,,,,,,,,,
ISTD Amount9,1,,,,,,,,,,,,,,,,,,,
ISTD Amount10,1,,,,,,,,,,,,,,,,,,,
ISTD Amount11,1,,,,,,,,,,,,,,,,,,,
ISTD Amount12,1,,,,,,,,,,,,,,,,,,,
ISTD Amount13,1,,,,,,,,,,,,,,,,,,,
ISTD Amount14,1,,,,,,,,,,,,,,,,,,,
ISTD Amount15,1,,,,,,,,,,,,,,,,,,,
ISTD Amount16,1,,,,,,,,,,,,,,,,,,,
ISTD Amount17,1,,,,,,,,,,,,,,,,,,,
ISTD Amount18,1,,,,,,,,,,,,,,,,,,,
ISTD Amount19,1,,,,,,,,,,,,,,,,,,,
ISTD Amount20,1,,,,,,,,,,,,,,,,,,,
ISTD Amount21,1,,,,,,,,,,,,,,,,,,,
ISTD Amount22,1,,,,,,,,,,,,,,,,,,,
ISTD Amount23,1,,,,,,,,,,,,,,,,,,,
ISTD Amount24,1,,,,,,,,,,,,,,,,,,,
ISTD Amount25,1,,,,,,,,,,,,,,,,,,,
ISTD Amount26,1,,,,,,,,,,,,,,,,,,,
ISTD Amount27,1,,,,,,,,,,,,,,,,,,,
ISTD Amount28,1,,,,,,,,,,,,,,,,,,,
ISTD Amount29,1,,,,,,,,,,,,,,,,,,,
ISTD Amount30,1,,,,,,,,,,,,,,,,,,,
ISTD Amount31,1,,,,,,,,,,,,,,,,,,,
ISTD Amount32,1,,,,,,,,,,,,,,,,,,,
Sample Amount,1,,,,,,,,,,,,,,,,,,,
Dilution Factor,1,,,,,,,,,,,,,,,,,,,
Vial#,2,,,,,,,,,,,,,,,,,,,
Injection Volume,20,,,,,,,,,,,,,,,,,,,
,,,,,,,,,,,,,,,,,,,,
[Original Files],,,,,,,,,,,,,,,,,,,,
Data File,C:\LabSolutions\BPS2032 2026\TUES PM\GR11\GR11-16-6-MeOH-3-ISO-50-1.5-20u-CP-0.1-BiPH-150x4.6x5-amb-254.lcd,,,,,,,,,,,,,,,,,,,
Method File,C:\LabSolutions\BPS2032 2026\TUES PM\GR11\ISO-50-1.5-20u-amb-254.lcm,,,,,,,,,,,,,,,,,,,
Batch File,,,,,,,,,,,,,,,,,,,,
Report Format File,C:\Users\MonashTeachingLC\Desktop\2021- pdf report.lsr,,,,,,,,,,,,,,,,,,,
,,,,,,,,,,,,,,,,,,,,
[File Description],,,,,,,,,,,,,,,,,,,,
,,,,,,,,,,,,,,,,,,,,
,,,,,,,,,,,,,,,,,,,,
[Configuration],,,,,,,,,,,,,,,,,,,,
Instrument Name,HPLC 3-01205,,,,,,,,,,,,,,,,,,,
Instrument #,1,,,,,,,,,,,,,,,,,,,
Line #,1,,,,,,,,,,,,,,,,,,,
# of Detectors,1,,,,,,,,,,,,,,,,,,,
Detector ID,Detector A,,,,,,,,,,,,,,,,,,,
Detector Name,Detector A,,,,,,,,,,,,,,,,,,,
# of Channels,1,,,,,,,,,,,,,,,,,,,
,,,,,,,,,,,,,,,,,,,,
[Peak Table(Detector A)],,,,,,,,,,,,,,,,,,,,
# of Peaks,3,,,,,,,,,,,,,,,,,,,
Peak#,R.Time,I.Time,F.Time,Area,Height,A/H,Conc.,Mark,ID#,Name,k',Plate #,Plate Ht.,Tailing,Resolution,Sep.Factor,Area Ratio,Height Ratio,Conc. %,Norm Conc.
1,1.232,1.108,1.492,8826413,1116866,7.903,44.923, V ,,,0,478,314.071,1.252,0,0,0,0,0,0
2,19.533,17.958,21.817,8249814,172353,47.866,41.988,SV ,,,14.855,3919,38.275,1.212,24.905,0,0,0,0,0
3,23.132,21.817,24.575,2571823,53945,47.675,13.089, V ,,,17.777,5510,27.224,1.17,2.893,1.197,0,0,0,0
,,,,,,,,,,,,,,,,,,,,
[Compound Results(Detector A)],,,,,,,,,,,,,,,,,,,,
# of IDs,0,,,,,,,,,,,,,,,,,,,
,,,,,,,,,,,,,,,,,,,,
[Group Results(Detector A)],,,,,,,,,,,,,,,,,,,,
# of Groups,0,,,,,,,,,,,,,,,,,,,
,,,,,,,,,,,,,,,,,,,,
[Slice Data(Detector A)],,,,,,,,,,,,,,,,,,,,
# of Slices,0,,,,,,,,,,,,,,,,,,,
,,,,,,,,,,,,,,,,,,,,
[LC Chromatogram(Detector A-Ch1)],,,,,,,,,,,,,,,,,,,,
Interval(msec),500,,,,,,,,,,,,,,,,,,,
# of Points,3051,,,,,,,,,,,,,,,,,,,
Start Time(min),0,,,,,,,,,,,,,,,,,,,
End Time(min),25.417,,,,,,,,,,,,,,,,,,,
Intensity Units,mAU,,,,,,,,,,,,,,,,,,,
Intensity Multiplier,0.001,,,,,,,,,,,,,,,,,,,
Wavelength(nm),254nm,,,,,,,,,,,,,,,,,,,
R.Time (min),Intensity,,,,,,,,,,,,,,,,,,,
0,20,,,,,,,,,,,,,,,,,,,
0.00833,20,,,,,,,,,,,,,,,,,,,
0.01667,2,,,,,,,,,,,,,,,,,,,
0.025,-1,,,,,,,,,,,,,,,,,,,
0.03333,-2,,,,,,,,,,,,,,,,,,,
0.04167,-2,,,,,,,,,,,,,,,,,,,
0.05,-2,,,,,,,,,,,,,,,,,,,
0.05833,-2,,,,,,,,,,,,,,,,,,,
0.06667,-1,,,,,,,,,,,,,,,,,,,
0.075,0,,,,,,,,,,,,,,,,,,,
0.08333,2,,,,,,,,,,,,,,,,,,,
0.09167,4,,,,,,,,,,,,,,,,,,,
0.1,5,,,,,,,,,,,,,,,,,,,
0.10833,5,,,,,,,,,,,,,,,,,,,
0.11667,3,,,,,,,,,,,,,,,,,,,
0.125,1,,,,,,,,,,,,,,,,,,,
0.13333,0,,,,,,,,,,,,,,,,,,,
0.14167,-1,,,,,,,,,,,,,,,,,,,
0.15,-1,,,,,,,,,,,,,,,,,,,
0.15833,-1,,,,,,,,,,,,,,,,,,,
0.16667,1,,,,,,,,,,,,,,,,,,,
0.175,5,,,,,,,,,,,,,,,,,,,
0.18333,8,,,,,,,,,,,,,,,,,,,
0.19167,8,,,,,,,,,,,,,,,,,,,
0.2,7,,,,,,,,,,,,,,,,,,,
0.20833,7,,,,,,,,,,,,,,,,,,,
0.21667,5,,,,,,,,,,,,,,,,,,,
0.225,4,,,,,,,,,,,,,,,,,,,
0.23333,3,,,,,,,,,,,,,,,,,,,
0.24167,1,,,,,,,,,,,,,,,,,,,
0.25,0,,,,,,,,,,,,,,,,,,,
0.25833,-1,,,,,,,,,,,,,,,,,,,
0.26667,-1,,,,,,,,,,,,,,,,,,,
0.275,0,,,,,,,,,,,,,,,,,,,
0.28333,1,,,,,,,,,,,,,,,,,,,
0.29167,2,,,,,,,,,,,,,,,,,,,
0.3,2,,,,,,,,,,,,,,,,,,,
0.30833,1,,,,,,,,,,,,,,,,,,,
0.31667,0,,,,,,,,,,,,,,,,,,,
0.325,0,,,,,,,,,,,,,,,,,,,
0.33333,-1,,,,,,,,,,,,,,,,,,,
0.34167,-1,,,,,,,,,,,,,,,,,,,
0.35,-2,,,,,,,,,,,,,,,,,,,
0.35833,-3,,,,,,,,,,,,,,,,,,,
0.36667,-3,,,,,,,,,,,,,,,,,,,
0.375,-2,,,,,,,,,,,,,,,,,,,
0.38333,1,,,,,,,,,,,,,,,,,,,
0.39167,3,,,,,,,,,,,,,,,,,,,
0.4,4,,,,,,,,,,,,,,,,,,,
0.40833,3,,,,,,,,,,,,,,,,,,,
0.41667,0,,,,,,,,,,,,,,,,,,,
0.425,-3,,,,,,,,,,,,,,,,,,,
0.43333,-4,,,,,,,,,,,,,,,,,,,
0.44167,-5,,,,,,,,,,,,,,,,,,,
0.45,-6,,,,,,,,,,,,,,,,,,,
0.45833,-7,,,,,,,,,,,,,,,,,,,
0.46667,-6,,,,,,,,,,,,,,,,,,,
0.475,-5,,,,,,,,,,,,,,,,,,,
0.48333,-3,,,,,,,,,,,,,,,,,,,
0.49167,-2,,,,,,,,,,,,,,,,,,,
0.5,-1,,,,,,,,,,,,,,,,,,,
0.50833,-1,,,,,,,,,,,,,,,,,,,
0.51667,-2,,,,,,,,,,,,,,,,,,,
0.525,-4,,,,,,,,,,,,,,,,,,,
0.53333,-6,,,,,,,,,,,,,,,,,,,
0.54167,-9,,,,,,,,,,,,,,,,,,,
0.55,-10,,,,,,,,,,,,,,,,,,,
0.55833,-9,,,,,,,,,,,,,,,,,,,
0.56667,-8,,,,,,,,,,,,,,,,,,,
0.575,-7,,,,,,,,,,,,,,,,,,,
0.58333,-6,,,,,,,,,,,,,,,,,,,
0.59167,-4,,,,,,,,,,,,,,,,,,,
0.6,-4,,,,,,,,,,,,,,,,,,,
0.60833,-5,,,,,,,,,,,,,,,,,,,
0.61667,-6,,,,,,,,,,,,,,,,,,,
0.625,-7,,,,,,,,,,,,,,,,,,,
0.63333,-8,,,,,,,,,,,,,,,,,,,
0.64167,-10,,,,,,,,,,,,,,,,,,,
0.65,-11,,,,,,,,,,,,,,,,,,,
0.65833,-10,,,,,,,,,,,,,,,,,,,
0.66667,-10,,,,,,,,,,,,,,,,,,,
0.675,-10,,,,,,,,,,,,,,,,,,,
0.68333,-8,,,,,,,,,,,,,,,,,,,
0.69167,-6,,,,,,,,,,,,,,,,,,,
0.7,-5,,,,,,,,,,,,,,,,,,,
0.70833,-5,,,,,,,,,,,,,,,,,,,
0.71667,-5,,,,,,,,,,,,,,,,,,,
0.725,-6,,,,,,,,,,,,,,,,,,,
0.73333,-7,,,,,,,,,,,,,,,,,,,
0.74167,-10,,,,,,,,,,,,,,,,,,,
0.75,-12,,,,,,,,,,,,,,,,,,,
0.75833,-12,,,,,,,,,,,,,,,,,,,
0.76667,-11,,,,,,,,,,,,,,,,,,,
0.775,-10,,,,,,,,,,,,,,,,,,,
0.78333,-8,,,,,,,,,,,,,,,,,,,
0.79167,-6,,,,,,,,,,,,,,,,,,,
0.8,-6,,,,,,,,,,,,,,,,,,,
0.80833,-6,,,,,,,,,,,,,,,,,,,
0.81667,-7,,,,,,,,,,,,,,,,,,,
0.825,-7,,,,,,,,,,,,,,,,,,,
0.83333,-7,,,,,,,,,,,,,,,,,,,
0.84167,-5,,,,,,,,,,,,,,,,,,,
0.85,-2,,,,,,,,,,,,,,,,,,,
0.85833,1,,,,,,,,,,,,,,,,,,,
0.86667,1,,,,,,,,,,,,,,,,,,,
0.875,-1,,,,,,,,,,,,,,,,,,,
0.88333,-6,,,,,,,,,,,,,,,,,,,
0.89167,-11,,,,,,,,,,,,,,,,,,,
0.9,-16,,,,,,,,,,,,,,,,,,,
0.90833,-14,,,,,,,,,,,,,,,,,,,
0.91667,12,,,,,,,,,,,,,,,,,,,
0.925,77,,,,,,,,,,,,,,,,,,,
0.93333,172,,,,,,,,,,,,,,,,,,,
0.94167,261,,,,,,,,,,,,,,,,,,,
0.95,316,,,,,,,,,,,,,,,,,,,
0.95833,332,,,,,,,,,,,,,,,,,,,
0.96667,329,,,,,,,,,,,,,,,,,,,
0.975,326,,,,,,,,,,,,,,,,,,,
0.98333,328,,,,,,,,,,,,,,,,,,,
0.99167,326,,,,,,,,,,,,,,,,,,,
1,312,,,,,,,,,,,,,,,,,,,
1.00833,285,,,,,,,,,,,,,,,,,,,
1.01667,255,,,,,,,,,,,,,,,,,,,
1.025,227,,,,,,,,,,,,,,,,,,,
1.03333,203,,,,,,,,,,,,,,,,,,,
1.04167,184,,,,,,,,,,,,,,,,,,,
1.05,168,,,,,,,,,,,,,,,,,,,
1.05833,154,,,,,,,,,,,,,,,,,,,
1.06667,139,,,,,,,,,,,,,,,,,,,
1.075,120,,,,,,,,,,,,,,,,,,,
1.08333,100,,,,,,,,,,,,,,,,,,,
1.09167,79,,,,,,,,,,,,,,,,,,,
1.1,59,,,,,,,,,,,,,,,,,,,
1.10833,43,,,,,,,,,,,,,,,,,,,
1.11667,52,,,,,,,,,,,,,,,,,,,
1.125,855,,,,,,,,,,,,,,,,,,,
1.13333,10135,,,,,,,,,,,,,,,,,,,
1.14167,46782,,,,,,,,,,,,,,,,,,,
1.15,113547,,,,,,,,,,,,,,,,,,,
1.15833,197631,,,,,,,,,,,,,,,,,,,
1.16667,307842,,,,,,,,,,,,,,,,,,,
1.175,455684,,,,,,,,,,,,,,,,,,,
1.18333,629400,,,,,,,,,,,,,,,,,,,
1.19167,798448,,,,,,,,,,,,,,,,,,,
1.2,934526,,,,,,,,,,,,,,,,,,,
1.20833,1027633,,,,,,,,,,,,,,,,,,,
1.21667,1082963,,,,,,,,,,,,,,,,,,,
1.225,1110451,,,,,,,,,,,,,,,,,,,
1.23333,1116655,,,,,,,,,,,,,,,,,,,
1.24167,1104254,,,,,,,,,,,,,,,,,,,
1.25,1074660,,,,,,,,,,,,,,,,,,,
1.25833,1029402,,,,,,,,,,,,,,,,,,,
1.26667,973434,,,,,,,,,,,,,,,,,,,
1.275,914187,,,,,,,,,,,,,,,,,,,
1.28333,854312,,,,,,,,,,,,,,,,,,,
1.29167,788477,,,,,,,,,,,,,,,,,,,
1.3,709390,,,,,,,,,,,,,,,,,,,
1.30833,613842,,,,,,,,,,,,,,,,,,,
1.31667,505150,,,,,,,,,,,,,,,,,,,
1.325,392609,,,,,,,,,,,,,,,,,,,
1.33333,287809,,,,,,,,,,,,,,,,,,,
1.34167,199877,,,,,,,,,,,,,,,,,,,
1.35,132627,,,,,,,,,,,,,,,,,,,
1.35833,84963,,,,,,,,,,,,,,,,,,,
1.36667,53138,,,,,,,,,,,,,,,,,,,
1.375,32839,,,,,,,,,,,,,,,,,,,
1.38333,20325,,,,,,,,,,,,,,,,,,,
1.39167,12784,,,,,,,,,,,,,,,,,,,
1.4,8282,,,,,,,,,,,,,,,,,,,
1.40833,5574,,,,,,,,,,,,,,,,,,,
1.41667,3900,,,,,,,,,,,,,,,,,,,
1.425,2807,,,,,,,,,,,,,,,,,,,
1.43333,2028,,,,,,,,,,,,,,,,,,,
1.44167,1412,,,,,,,,,,,,,,,,,,,
1.45,887,,,,,,,,,,,,,,,,,,,
1.45833,442,,,,,,,,,,,,,,,,,,,
1.46667,90,,,,,,,,,,,,,,,,,,,
1.475,-159,,,,,,,,,,,,,,,,,,,
1.48333,-306,,,,,,,,,,,,,,,,,,,
1.49167,-364,,,,,,,,,,,,,,,,,,,
1.5,-350,,,,,,,,,,,,,,,,,,,
1.50833,-285,,,,,,,,,,,,,,,,,,,
1.51667,-190,,,,,,,,,,,,,,,,,,,
1.525,-85,,,,,,,,,,,,,,,,,,,
1.53333,14,,,,,,,,,,,,,,,,,,,
1.54167,98,,,,,,,,,,,,,,,,,,,
1.55,164,,,,,,,,,,,,,,,,,,,
1.55833,213,,,,,,,,,,,,,,,,,,,
1.56667,246,,,,,,,,,,,,,,,,,,,
1.575,268,,,,,,,,,,,,,,,,,,,
1.58333,281,,,,,,,,,,,,,,,,,,,
1.59167,288,,,,,,,,,,,,,,,,,,,
1.6,289,,,,,,,,,,,,,,,,,,,
1.60833,286,,,,,,,,,,,,,,,,,,,
1.61667,277,,,,,,,,,,,,,,,,,,,
1.625,267,,,,,,,,,,,,,,,,,,,
1.63333,255,,,,,,,,,,,,,,,,,,,
1.64167,243,,,,,,,,,,,,,,,,,,,
1.65,231,,,,,,,,,,,,,,,,,,,
1.65833,220,,,,,,,,,,,,,,,,,,,
1.66667,211,,,,,,,,,,,,,,,,,,,
1.675,203,,,,,,,,,,,,,,,,,,,
1.68333,196,,,,,,,,,,,,,,,,,,,
1.69167,191,,,,,,,,,,,,,,,,,,,
1.7,185,,,,,,,,,,,,,,,,,,,
1.70833,179,,,,,,,,,,,,,,,,,,,
1.71667,175,,,,,,,,,,,,,,,,,,,
1.725,169,,,,,,,,,,,,,,,,,,,
1.73333,160,,,,,,,,,,,,,,,,,,,
1.74167,149,,,,,,,,,,,,,,,,,,,
1.75,136,,,,,,,,,,,,,,,,,,,
1.75833,118,,,,,,,,,,,,,,,,,,,
1.76667,95,,,,,,,,,,,,,,,,,,,
1.775,69,,,,,,,,,,,,,,,,,,,
1.78333,41,,,,,,,,,,,,,,,,,,,
1.79167,14,,,,,,,,,,,,,,,,,,,
1.8,-9,,,,,,,,,,,,,,,,,,,
1.80833,-27,,,,,,,,,,,,,,,,,,,
1.81667,-37,,,,,,,,,,,,,,,,,,,
1.825,-41,,,,,,,,,,,,,,,,,,,
1.83333,-41,,,,,,,,,,,,,,,,,,,
1.84167,-36,,,,,,,,,,,,,,,,,,,
1.85,-27,,,,,,,,,,,,,,,,,,,
1.85833,-12,,,,,,,,,,,,,,,,,,,
1.86667,7,,,,,,,,,,,,,,,,,,,
1.875,28,,,,,,,,,,,,,,,,,,,
1.88333,50,,,,,,,,,,,,,,,,,,,
1.89167,72,,,,,,,,,,,,,,,,,,,
1.9,94,,,,,,,,,,,,,,,,,,,
1.90833,112,,,,,,,,,,,,,,,,,,,
1.91667,127,,,,,,,,,,,,,,,,,,,
1.925,138,,,,,,,,,,,,,,,,,,,
1.93333,147,,,,,,,,,,,,,,,,,,,
1.94167,154,,,,,,,,,,,,,,,,,,,
1.95,159,,,,,,,,,,,,,,,,,,,
1.95833,165,,,,,,,,,,,,,,,,,,,
1.96667,172,,,,,,,,,,,,,,,,,,,
1.975,177,,,,,,,,,,,,,,,,,,,
1.98333,182,,,,,,,,,,,,,,,,,,,
1.99167,182,,,,,,,,,,,,,,,,,,,
2,179,,,,,,,,,,,,,,,,,,,
2.00833,174,,,,,,,,,,,,,,,,,,,
2.01667,168,,,,,,,,,,,,,,,,,,,
2.025,158,,,,,,,,,,,,,,,,,,,
2.03333,147,,,,,,,,,,,,,,,,,,,
2.04167,137,,,,,,,,,,,,,,,,,,,
2.05,128,,,,,,,,,,,,,,,,,,,
2.05833,121,,,,,,,,,,,,,,,,,,,
2.06667,114,,,,,,,,,,,,,,,,,,,
2.075,109,,,,,,,,,,,,,,,,,,,
2.08333,106,,,,,,,,,,,,,,,,,,,
2.09167,106,,,,,,,,,,,,,,,,,,,
2.1,107,,,,,,,,,,,,,,,,,,,
2.10833,107,,,,,,,,,,,,,,,,,,,
2.11667,108,,,,,,,,,,,,,,,,,,,
2.125,108,,,,,,,,,,,,,,,,,,,
2.13333,107,,,,,,,,,,,,,,,,,,,
2.14167,106,,,,,,,,,,,,,,,,,,,
2.15,105,,,,,,,,,,,,,,,,,,,
2.15833,103,,,,,,,,,,,,,,,,,,,
2.16667,103,,,,,,,,,,,,,,,,,,,
2.175,102,,,,,,,,,,,,,,,,,,,
2.18333,103,,,,,,,,,,,,,,,,,,,
2.19167,105,,,,,,,,,,,,,,,,,,,
2.2,108,,,,,,,,,,,,,,,,,,,
2.20833,113,,,,,,,,,,,,,,,,,,,
2.21667,119,,,,,,,,,,,,,,,,,,,
2.225,123,,,,,,,,,,,,,,,,,,,
2.23333,127,,,,,,,,,,,,,,,,,,,
2.24167,130,,,,,,,,,,,,,,,,,,,
2.25,134,,,,,,,,,,,,,,,,,,,
2.25833,141,,,,,,,,,,,,,,,,,,,
2.26667,148,,,,,,,,,,,,,,,,,,,
2.275,155,,,,,,,,,,,,,,,,,,,
2.28333,164,,,,,,,,,,,,,,,,,,,
2.29167,176,,,,,,,,,,,,,,,,,,,
2.3,190,,,,,,,,,,,,,,,,,,,
2.30833,205,,,,,,,,,,,,,,,,,,,
2.31667,221,,,,,,,,,,,,,,,,,,,
2.325,240,,,,,,,,,,,,,,,,,,,
2.33333,261,,,,,,,,,,,,,,,,,,,
2.34167,280,,,,,,,,,,,,,,,,,,,
2.35,300,,,,,,,,,,,,,,,,,,,
2.35833,322,,,,,,,,,,,,,,,,,,,
2.36667,348,,,,,,,,,,,,,,,,,,,
2.375,377,,,,,,,,,,,,,,,,,,,
2.38333,411,,,,,,,,,,,,,,,,,,,
2.39167,449,,,,,,,,,,,,,,,,,,,
2.4,492,,,,,,,,,,,,,,,,,,,
2.40833,540,,,,,,,,,,,,,,,,,,,
2.41667,592,,,,,,,,,,,,,,,,,,,
2.425,644,,,,,,,,,,,,,,,,,,,
2.43333,693,,,,,,,,,,,,,,,,,,,
2.44167,735,,,,,,,,,,,,,,,,,,,
2.45,770,,,,,,,,,,,,,,,,,,,
2.45833,796,,,,,,,,,,,,,,,,,,,
2.46667,813,,,,,,,,,,,,,,,,,,,
2.475,823,,,,,,,,,,,,,,,,,,,
2.48333,827,,,,,,,,,,,,,,,,,,,
2.49167,828,,,,,,,,,,,,,,,,,,,
2.5,826,,,,,,,,,,,,,,,,,,,
2.50833,821,,,,,,,,,,,,,,,,,,,
2.51667,813,,,,,,,,,,,,,,,,,,,
2.525,803,,,,,,,,,,,,,,,,,,,
2.53333,786,,,,,,,,,,,,,,,,,,,
2.54167,763,,,,,,,,,,,,,,,,,,,
2.55,731,,,,,,,,,,,,,,,,,,,
2.55833,691,,,,,,,,,,,,,,,,,,,
2.56667,643,,,,,,,,,,,,,,,,,,,
2.575,589,,,,,,,,,,,,,,,,,,,
2.58333,530,,,,,,,,,,,,,,,,,,,
2.59167,470,,,,,,,,,,,,,,,,,,,
2.6,410,,,,,,,,,,,,,,,,,,,
2.60833,354,,,,,,,,,,,,,,,,,,,
2.61667,302,,,,,,,,,,,,,,,,,,,
2.625,257,,,,,,,,,,,,,,,,,,,
2.63333,217,,,,,,,,,,,,,,,,,,,
2.64167,182,,,,,,,,,,,,,,,,,,,
2.65,154,,,,,,,,,,,,,,,,,,,
2.65833,130,,,,,,,,,,,,,,,,,,,
2.66667,109,,,,,,,,,,,,,,,,,,,
2.675,93,,,,,,,,,,,,,,,,,,,
2.68333,81,,,,,,,,,,,,,,,,,,,
2.69167,72,,,,,,,,,,,,,,,,,,,
2.7,67,,,,,,,,,,,,,,,,,,,
2.70833,63,,,,,,,,,,,,,,,,,,,
2.71667,61,,,,,,,,,,,,,,,,,,,
2.725,58,,,,,,,,,,,,,,,,,,,
2.73333,55,,,,,,,,,,,,,,,,,,,
2.74167,52,,,,,,,,,,,,,,,,,,,
2.75,49,,,,,,,,,,,,,,,,,,,
2.75833,45,,,,,,,,,,,,,,,,,,,
2.76667,42,,,,,,,,,,,,,,,,,,,
2.775,39,,,,,,,,,,,,,,,,,,,
2.78333,36,,,,,,,,,,,,,,,,,,,
2.79167,35,,,,,,,,,,,,,,,,,,,
2.8,35,,,,,,,,,,,,,,,,,,,
2.80833,34,,,,,,,,,,,,,,,,,,,
2.81667,34,,,,,,,,,,,,,,,,,,,
2.825,35,,,,,,,,,,,,,,,,,,,
2.83333,36,,,,,,,,,,,,,,,,,,,
2.84167,36,,,,,,,,,,,,,,,,,,,
2.85,36,,,,,,,,,,,,,,,,,,,
2.85833,37,,,,,,,,,,,,,,,,,,,
2.86667,38,,,,,,,,,,,,,,,,,,,
2.875,39,,,,,,,,,,,,,,,,,,,
2.88333,40,,,,,,,,,,,,,,,,,,,
2.89167,44,,,,,,,,,,,,,,,,,,,
2.9,48,,,,,,,,,,,,,,,,,,,
2.90833,51,,,,,,,,,,,,,,,,,,,
2.91667,56,,,,,,,,,,,,,,,,,,,
2.925,62,,,,,,,,,,,,,,,,,,,
2.93333,67,,,,,,,,,,,,,,,,,,,
2.94167,70,,,,,,,,,,,,,,,,,,,
2.95,73,,,,,,,,,,,,,,,,,,,
2.95833,76,,,,,,,,,,,,,,,,,,,
2.96667,78,,,,,,,,,,,,,,,,,,,
2.975,79,,,,,,,,,,,,,,,,,,,
2.98333,80,,,,,,,,,,,,,,,,,,,
2.99167,81,,,,,,,,,,,,,,,,,,,
3,82,,,,,,,,,,,,,,,,,,,
3.00833,83,,,,,,,,,,,,,,,,,,,
3.01667,85,,,,,,,,,,,,,,,,,,,
3.025,86,,,,,,,,,,,,,,,,,,,
3.03333,85,,,,,,,,,,,,,,,,,,,
3.04167,83,,,,,,,,,,,,,,,,,,,
3.05,81,,,,,,,,,,,,,,,,,,,
3.05833,77,,,,,,,,,,,,,,,,,,,
3.06667,73,,,,,,,,,,,,,,,,,,,
3.075,70,,,,,,,,,,,,,,,,,,,
3.08333,67,,,,,,,,,,,,,,,,,,,
3.09167,64,,,,,,,,,,,,,,,,,,,
3.1,63,,,,,,,,,,,,,,,,,,,
3.10833,60,,,,,,,,,,,,,,,,,,,
3.11667,59,,,,,,,,,,,,,,,,,,,
3.125,57,,,,,,,,,,,,,,,,,,,
3.13333,56,,,,,,,,,,,,,,,,,,,
3.14167,52,,,,,,,,,,,,,,,,,,,
3.15,48,,,,,,,,,,,,,,,,,,,
3.15833,46,,,,,,,,,,,,,,,,,,,
3.16667,42,,,,,,,,,,,,,,,,,,,
3.175,38,,,,,,,,,,,,,,,,,,,
3.18333,35,,,,,,,,,,,,,,,,,,,
3.19167,31,,,,,,,,,,,,,,,,,,,
3.2,27,,,,,,,,,,,,,,,,,,,
3.20833,25,,,,,,,,,,,,,,,,,,,
3.21667,25,,,,,,,,,,,,,,,,,,,
3.225,25,,,,,,,,,,,,,,,,,,,
3.23333,25,,,,,,,,,,,,,,,,,,,
3.24167,24,,,,,,,,,,,,,,,,,,,
3.25,23,,,,,,,,,,,,,,,,,,,
3.25833,20,,,,,,,,,,,,,,,,,,,
3.26667,18,,,,,,,,,,,,,,,,,,,
3.275,15,,,,,,,,,,,,,,,,,,,
3.28333,11,,,,,,,,,,,,,,,,,,,
3.29167,9,,,,,,,,,,,,,,,,,,,
3.3,9,,,,,,,,,,,,,,,,,,,
3.30833,8,,,,,,,,,,,,,,,,,,,
3.31667,8,,,,,,,,,,,,,,,,,,,
3.325,7,,,,,,,,,,,,,,,,,,,
3.33333,9,,,,,,,,,,,,,,,,,,,
3.34167,11,,,,,,,,,,,,,,,,,,,
3.35,12,,,,,,,,,,,,,,,,,,,
3.35833,12,,,,,,,,,,,,,,,,,,,
3.36667,9,,,,,,,,,,,,,,,,,,,
3.375,5,,,,,,,,,,,,,,,,,,,
3.38333,3,,,,,,,,,,,,,,,,,,,
3.39167,1,,,,,,,,,,,,,,,,,,,
3.4,0,,,,,,,,,,,,,,,,,,,
3.40833,0,,,,,,,,,,,,,,,,,,,
3.41667,-1,,,,,,,,,,,,,,,,,,,
3.425,0,,,,,,,,,,,,,,,,,,,
3.43333,2,,,,,,,,,,,,,,,,,,,
3.44167,3,,,,,,,,,,,,,,,,,,,
3.45,3,,,,,,,,,,,,,,,,,,,
3.45833,2,,,,,,,,,,,,,,,,,,,
3.46667,2,,,,,,,,,,,,,,,,,,,
3.475,0,,,,,,,,,,,,,,,,,,,
3.48333,-1,,,,,,,,,,,,,,,,,,,
3.49167,-3,,,,,,,,,,,,,,,,,,,
3.5,-4,,,,,,,,,,,,,,,,,,,
3.50833,-4,,,,,,,,,,,,,,,,,,,
3.51667,-4,,,,,,,,,,,,,,,,,,,
3.525,-2,,,,,,,,,,,,,,,,,,,
3.53333,1,,,,,,,,,,,,,,,,,,,
3.54167,3,,,,,,,,,,,,,,,,,,,
3.55,3,,,,,,,,,,,,,,,,,,,
3.55833,3,,,,,,,,,,,,,,,,,,,
3.56667,3,,,,,,,,,,,,,,,,,,,
3.575,3,,,,,,,,,,,,,,,,,,,
3.58333,1,,,,,,,,,,,,,,,,,,,
3.59167,0,,,,,,,,,,,,,,,,,,,
3.6,-1,,,,,,,,,,,,,,,,,,,
3.60833,-1,,,,,,,,,,,,,,,,,,,
3.61667,0,,,,,,,,,,,,,,,,,,,
3.625,2,,,,,,,,,,,,,,,,,,,
3.63333,4,,,,,,,,,,,,,,,,,,,
3.64167,6,,,,,,,,,,,,,,,,,,,
3.65,9,,,,,,,,,,,,,,,,,,,
3.65833,9,,,,,,,,,,,,,,,,,,,
3.66667,8,,,,,,,,,,,,,,,,,,,
3.675,7,,,,,,,,,,,,,,,,,,,
3.68333,5,,,,,,,,,,,,,,,,,,,
3.69167,3,,,,,,,,,,,,,,,,,,,
3.7,3,,,,,,,,,,,,,,,,,,,
3.70833,3,,,,,,,,,,,,,,,,,,,
3.71667,4,,,,,,,,,,,,,,,,,,,
3.725,5,,,,,,,,,,,,,,,,,,,
3.73333,6,,,,,,,,,,,,,,,,,,,
3.74167,8,,,,,,,,,,,,,,,,,,,
3.75,9,,,,,,,,,,,,,,,,,,,
3.75833,9,,,,,,,,,,,,,,,,,,,
3.76667,7,,,,,,,,,,,,,,,,,,,
3.775,5,,,,,,,,,,,,,,,,,,,
3.78333,4,,,,,,,,,,,,,,,,,,,
3.79167,4,,,,,,,,,,,,,,,,,,,
3.8,4,,,,,,,,,,,,,,,,,,,
3.80833,4,,,,,,,,,,,,,,,,,,,
3.81667,3,,,,,,,,,,,,,,,,,,,
3.825,5,,,,,,,,,,,,,,,,,,,
3.83333,7,,,,,,,,,,,,,,,,,,,
3.84167,10,,,,,,,,,,,,,,,,,,,
3.85,11,,,,,,,,,,,,,,,,,,,
3.85833,11,,,,,,,,,,,,,,,,,,,
3.86667,11,,,,,,,,,,,,,,,,,,,
3.875,10,,,,,,,,,,,,,,,,,,,
3.88333,9,,,,,,,,,,,,,,,,,,,
3.89167,8,,,,,,,,,,,,,,,,,,,
3.9,6,,,,,,,,,,,,,,,,,,,
3.90833,5,,,,,,,,,,,,,,,,,,,
3.91667,5,,,,,,,,,,,,,,,,,,,
3.925,6,,,,,,,,,,,,,,,,,,,
3.93333,8,,,,,,,,,,,,,,,,,,,
3.94167,11,,,,,,,,,,,,,,,,,,,
3.95,13,,,,,,,,,,,,,,,,,,,
3.95833,14,,,,,,,,,,,,,,,,,,,
3.96667,13,,,,,,,,,,,,,,,,,,,
3.975,11,,,,,,,,,,,,,,,,,,,
3.98333,10,,,,,,,,,,,,,,,,,,,
3.99167,8,,,,,,,,,,,,,,,,,,,
4,7,,,,,,,,,,,,,,,,,,,
4.00833,8,,,,,,,,,,,,,,,,,,,
4.01667,10,,,,,,,,,,,,,,,,,,,
4.025,11,,,,,,,,,,,,,,,,,,,
4.03333,11,,,,,,,,,,,,,,,,,,,
4.04167,13,,,,,,,,,,,,,,,,,,,
4.05,14,,,,,,,,,,,,,,,,,,,
4.05833,16,,,,,,,,,,,,,,,,,,,
4.06667,16,,,,,,,,,,,,,,,,,,,
4.075,15,,,,,,,,,,,,,,,,,,,
4.08333,14,,,,,,,,,,,,,,,,,,,
4.09167,13,,,,,,,,,,,,,,,,,,,
4.1,11,,,,,,,,,,,,,,,,,,,
4.10833,10,,,,,,,,,,,,,,,,,,,
4.11667,10,,,,,,,,,,,,,,,,,,,
4.125,10,,,,,,,,,,,,,,,,,,,
4.13333,10,,,,,,,,,,,,,,,,,,,
4.14167,11,,,,,,,,,,,,,,,,,,,
4.15,11,,,,,,,,,,,,,,,,,,,
4.15833,11,,,,,,,,,,,,,,,,,,,
4.16667,11,,,,,,,,,,,,,,,,,,,
4.175,11,,,,,,,,,,,,,,,,,,,
4.18333,9,,,,,,,,,,,,,,,,,,,
4.19167,7,,,,,,,,,,,,,,,,,,,
4.2,6,,,,,,,,,,,,,,,,,,,
4.20833,7,,,,,,,,,,,,,,,,,,,
4.21667,6,,,,,,,,,,,,,,,,,,,
4.225,6,,,,,,,,,,,,,,,,,,,
4.23333,7,,,,,,,,,,,,,,,,,,,
4.24167,8,,,,,,,,,,,,,,,,,,,
4.25,9,,,,,,,,,,,,,,,,,,,
4.25833,10,,,,,,,,,,,,,,,,,,,
4.26667,12,,,,,,,,,,,,,,,,,,,
4.275,12,,,,,,,,,,,,,,,,,,,
4.28333,10,,,,,,,,,,,,,,,,,,,
4.29167,8,,,,,,,,,,,,,,,,,,,
4.3,6,,,,,,,,,,,,,,,,,,,
4.30833,4,,,,,,,,,,,,,,,,,,,
4.31667,3,,,,,,,,,,,,,,,,,,,
4.325,3,,,,,,,,,,,,,,,,,,,
4.33333,4,,,,,,,,,,,,,,,,,,,
4.34167,6,,,,,,,,,,,,,,,,,,,
4.35,9,,,,,,,,,,,,,,,,,,,
4.35833,10,,,,,,,,,,,,,,,,,,,
4.36667,9,,,,,,,,,,,,,,,,,,,
4.375,7,,,,,,,,,,,,,,,,,,,
4.38333,6,,,,,,,,,,,,,,,,,,,
4.39167,4,,,,,,,,,,,,,,,,,,,
4.4,3,,,,,,,,,,,,,,,,,,,
4.40833,2,,,,,,,,,,,,,,,,,,,
4.41667,1,,,,,,,,,,,,,,,,,,,
4.425,1,,,,,,,,,,,,,,,,,,,
4.43333,0,,,,,,,,,,,,,,,,,,,
4.44167,1,,,,,,,,,,,,,,,,,,,
4.45,4,,,,,,,,,,,,,,,,,,,
4.45833,6,,,,,,,,,,,,,,,,,,,
4.46667,8,,,,,,,,,,,,,,,,,,,
4.475,8,,,,,,,,,,,,,,,,,,,
4.48333,8,,,,,,,,,,,,,,,,,,,
4.49167,8,,,,,,,,,,,,,,,,,,,
4.5,8,,,,,,,,,,,,,,,,,,,
4.50833,7,,,,,,,,,,,,,,,,,,,
4.51667,7,,,,,,,,,,,,,,,,,,,
4.525,8,,,,,,,,,,,,,,,,,,,
4.53333,9,,,,,,,,,,,,,,,,,,,
4.54167,12,,,,,,,,,,,,,,,,,,,
4.55,14,,,,,,,,,,,,,,,,,,,
4.55833,16,,,,,,,,,,,,,,,,,,,
4.56667,17,,,,,,,,,,,,,,,,,,,
4.575,17,,,,,,,,,,,,,,,,,,,
4.58333,16,,,,,,,,,,,,,,,,,,,
4.59167,14,,,,,,,,,,,,,,,,,,,
4.6,13,,,,,,,,,,,,,,,,,,,
4.60833,12,,,,,,,,,,,,,,,,,,,
4.61667,13,,,,,,,,,,,,,,,,,,,
4.625,13,,,,,,,,,,,,,,,,,,,
4.63333,15,,,,,,,,,,,,,,,,,,,
4.64167,17,,,,,,,,,,,,,,,,,,,
4.65,20,,,,,,,,,,,,,,,,,,,
4.65833,24,,,,,,,,,,,,,,,,,,,
4.66667,26,,,,,,,,,,,,,,,,,,,
4.675,26,,,,,,,,,,,,,,,,,,,
4.68333,26,,,,,,,,,,,,,,,,,,,
4.69167,26,,,,,,,,,,,,,,,,,,,
4.7,26,,,,,,,,,,,,,,,,,,,
4.70833,27,,,,,,,,,,,,,,,,,,,
4.71667,28,,,,,,,,,,,,,,,,,,,
4.725,30,,,,,,,,,,,,,,,,,,,
4.73333,33,,,,,,,,,,,,,,,,,,,
4.74167,37,,,,,,,,,,,,,,,,,,,
4.75,38,,,,,,,,,,,,,,,,,,,
4.75833,39,,,,,,,,,,,,,,,,,,,
4.76667,41,,,,,,,,,,,,,,,,,,,
4.775,42,,,,,,,,,,,,,,,,,,,
4.78333,41,,,,,,,,,,,,,,,,,,,
4.79167,39,,,,,,,,,,,,,,,,,,,
4.8,38,,,,,,,,,,,,,,,,,,,
4.80833,38,,,,,,,,,,,,,,,,,,,
4.81667,36,,,,,,,,,,,,,,,,,,,
4.825,35,,,,,,,,,,,,,,,,,,,
4.83333,34,,,,,,,,,,,,,,,,,,,
4.84167,34,,,,,,,,,,,,,,,,,,,
4.85,35,,,,,,,,,,,,,,,,,,,
4.85833,36,,,,,,,,,,,,,,,,,,,
4.86667,36,,,,,,,,,,,,,,,,,,,
4.875,35,,,,,,,,,,,,,,,,,,,
4.88333,33,,,,,,,,,,,,,,,,,,,
4.89167,30,,,,,,,,,,,,,,,,,,,
4.9,27,,,,,,,,,,,,,,,,,,,
4.90833,24,,,,,,,,,,,,,,,,,,,
4.91667,22,,,,,,,,,,,,,,,,,,,
4.925,19,,,,,,,,,,,,,,,,,,,
4.93333,16,,,,,,,,,,,,,,,,,,,
4.94167,14,,,,,,,,,,,,,,,,,,,
4.95,13,,,,,,,,,,,,,,,,,,,
4.95833,12,,,,,,,,,,,,,,,,,,,
4.96667,12,,,,,,,,,,,,,,,,,,,
4.975,12,,,,,,,,,,,,,,,,,,,
4.98333,12,,,,,,,,,,,,,,,,,,,
4.99167,11,,,,,,,,,,,,,,,,,,,
5,9,,,,,,,,,,,,,,,,,,,
5.00833,5,,,,,,,,,,,,,,,,,,,
5.01667,2,,,,,,,,,,,,,,,,,,,
5.025,-1,,,,,,,,,,,,,,,,,,,
5.03333,-3,,,,,,,,,,,,,,,,,,,
5.04167,-4,,,,,,,,,,,,,,,,,,,
5.05,-4,,,,,,,,,,,,,,,,,,,
5.05833,-1,,,,,,,,,,,,,,,,,,,
5.06667,1,,,,,,,,,,,,,,,,,,,
5.075,2,,,,,,,,,,,,,,,,,,,
5.08333,4,,,,,,,,,,,,,,,,,,,
5.09167,5,,,,,,,,,,,,,,,,,,,
5.1,5,,,,,,,,,,,,,,,,,,,
5.10833,3,,,,,,,,,,,,,,,,,,,
5.11667,1,,,,,,,,,,,,,,,,,,,
5.125,1,,,,,,,,,,,,,,,,,,,
5.13333,1,,,,,,,,,,,,,,,,,,,
5.14167,2,,,,,,,,,,,,,,,,,,,
5.15,3,,,,,,,,,,,,,,,,,,,
5.15833,4,,,,,,,,,,,,,,,,,,,
5.16667,6,,,,,,,,,,,,,,,,,,,
5.175,6,,,,,,,,,,,,,,,,,,,
5.18333,5,,,,,,,,,,,,,,,,,,,
5.19167,5,,,,,,,,,,,,,,,,,,,
5.2,6,,,,,,,,,,,,,,,,,,,
5.20833,5,,,,,,,,,,,,,,,,,,,
5.21667,4,,,,,,,,,,,,,,,,,,,
5.225,4,,,,,,,,,,,,,,,,,,,
5.23333,4,,,,,,,,,,,,,,,,,,,
5.24167,6,,,,,,,,,,,,,,,,,,,
5.25,9,,,,,,,,,,,,,,,,,,,
5.25833,10,,,,,,,,,,,,,,,,,,,
5.26667,12,,,,,,,,,,,,,,,,,,,
5.275,12,,,,,,,,,,,,,,,,,,,
5.28333,13,,,,,,,,,,,,,,,,,,,
5.29167,14,,,,,,,,,,,,,,,,,,,
5.3,14,,,,,,,,,,,,,,,,,,,
5.30833,13,,,,,,,,,,,,,,,,,,,
5.31667,12,,,,,,,,,,,,,,,,,,,
5.325,10,,,,,,,,,,,,,,,,,,,
5.33333,9,,,,,,,,,,,,,,,,,,,
5.34167,10,,,,,,,,,,,,,,,,,,,
5.35,12,,,,,,,,,,,,,,,,,,,
5.35833,15,,,,,,,,,,,,,,,,,,,
5.36667,16,,,,,,,,,,,,,,,,,,,
5.375,18,,,,,,,,,,,,,,,,,,,
5.38333,19,,,,,,,,,,,,,,,,,,,
5.39167,19,,,,,,,,,,,,,,,,,,,
5.4,18,,,,,,,,,,,,,,,,,,,
5.40833,17,,,,,,,,,,,,,,,,,,,
5.41667,16,,,,,,,,,,,,,,,,,,,
5.425,15,,,,,,,,,,,,,,,,,,,
5.43333,14,,,,,,,,,,,,,,,,,,,
5.44167,14,,,,,,,,,,,,,,,,,,,
5.45,16,,,,,,,,,,,,,,,,,,,
5.45833,19,,,,,,,,,,,,,,,,,,,
5.46667,21,,,,,,,,,,,,,,,,,,,
5.475,22,,,,,,,,,,,,,,,,,,,
5.48333,25,,,,,,,,,,,,,,,,,,,
5.49167,28,,,,,,,,,,,,,,,,,,,
5.5,28,,,,,,,,,,,,,,,,,,,
5.50833,28,,,,,,,,,,,,,,,,,,,
5.51667,27,,,,,,,,,,,,,,,,,,,
5.525,26,,,,,,,,,,,,,,,,,,,
5.53333,26,,,,,,,,,,,,,,,,,,,
5.54167,28,,,,,,,,,,,,,,,,,,,
5.55,32,,,,,,,,,,,,,,,,,,,
5.55833,36,,,,,,,,,,,,,,,,,,,
5.56667,40,,,,,,,,,,,,,,,,,,,
5.575,43,,,,,,,,,,,,,,,,,,,
5.58333,47,,,,,,,,,,,,,,,,,,,
5.59167,51,,,,,,,,,,,,,,,,,,,
5.6,55,,,,,,,,,,,,,,,,,,,
5.60833,58,,,,,,,,,,,,,,,,,,,
5.61667,61,,,,,,,,,,,,,,,,,,,
5.625,64,,,,,,,,,,,,,,,,,,,
5.63333,68,,,,,,,,,,,,,,,,,,,
5.64167,72,,,,,,,,,,,,,,,,,,,
5.65,77,,,,,,,,,,,,,,,,,,,
5.65833,83,,,,,,,,,,,,,,,,,,,
5.66667,89,,,,,,,,,,,,,,,,,,,
5.675,95,,,,,,,,,,,,,,,,,,,
5.68333,100,,,,,,,,,,,,,,,,,,,
5.69167,104,,,,,,,,,,,,,,,,,,,
5.7,107,,,,,,,,,,,,,,,,,,,
5.70833,108,,,,,,,,,,,,,,,,,,,
5.71667,109,,,,,,,,,,,,,,,,,,,
5.725,108,,,,,,,,,,,,,,,,,,,
5.73333,108,,,,,,,,,,,,,,,,,,,
5.74167,108,,,,,,,,,,,,,,,,,,,
5.75,108,,,,,,,,,,,,,,,,,,,
5.75833,109,,,,,,,,,,,,,,,,,,,
5.76667,111,,,,,,,,,,,,,,,,,,,
5.775,113,,,,,,,,,,,,,,,,,,,
5.78333,114,,,,,,,,,,,,,,,,,,,
5.79167,115,,,,,,,,,,,,,,,,,,,
5.8,115,,,,,,,,,,,,,,,,,,,
5.80833,114,,,,,,,,,,,,,,,,,,,
5.81667,115,,,,,,,,,,,,,,,,,,,
5.825,114,,,,,,,,,,,,,,,,,,,
5.83333,114,,,,,,,,,,,,,,,,,,,
5.84167,115,,,,,,,,,,,,,,,,,,,
5.85,118,,,,,,,,,,,,,,,,,,,
5.85833,122,,,,,,,,,,,,,,,,,,,
5.86667,127,,,,,,,,,,,,,,,,,,,
5.875,132,,,,,,,,,,,,,,,,,,,
5.88333,137,,,,,,,,,,,,,,,,,,,
5.89167,142,,,,,,,,,,,,,,,,,,,
5.9,145,,,,,,,,,,,,,,,,,,,
5.90833,147,,,,,,,,,,,,,,,,,,,
5.91667,147,,,,,,,,,,,,,,,,,,,
5.925,148,,,,,,,,,,,,,,,,,,,
5.93333,148,,,,,,,,,,,,,,,,,,,
5.94167,149,,,,,,,,,,,,,,,,,,,
5.95,150,,,,,,,,,,,,,,,,,,,
5.95833,151,,,,,,,,,,,,,,,,,,,
5.96667,152,,,,,,,,,,,,,,,,,,,
5.975,153,,,,,,,,,,,,,,,,,,,
5.98333,153,,,,,,,,,,,,,,,,,,,
5.99167,151,,,,,,,,,,,,,,,,,,,
6,148,,,,,,,,,,,,,,,,,,,
6.00833,143,,,,,,,,,,,,,,,,,,,
6.01667,136,,,,,,,,,,,,,,,,,,,
6.025,129,,,,,,,,,,,,,,,,,,,
6.03333,123,,,,,,,,,,,,,,,,,,,
6.04167,118,,,,,,,,,,,,,,,,,,,
6.05,112,,,,,,,,,,,,,,,,,,,
6.05833,106,,,,,,,,,,,,,,,,,,,
6.06667,102,,,,,,,,,,,,,,,,,,,
6.075,99,,,,,,,,,,,,,,,,,,,
6.08333,96,,,,,,,,,,,,,,,,,,,
6.09167,93,,,,,,,,,,,,,,,,,,,
6.1,88,,,,,,,,,,,,,,,,,,,
6.10833,83,,,,,,,,,,,,,,,,,,,
6.11667,77,,,,,,,,,,,,,,,,,,,
6.125,72,,,,,,,,,,,,,,,,,,,
6.13333,68,,,,,,,,,,,,,,,,,,,
6.14167,64,,,,,,,,,,,,,,,,,,,
6.15,62,,,,,,,,,,,,,,,,,,,
6.15833,62,,,,,,,,,,,,,,,,,,,
6.16667,63,,,,,,,,,,,,,,,,,,,
6.175,64,,,,,,,,,,,,,,,,,,,
6.18333,65,,,,,,,,,,,,,,,,,,,
6.19167,67,,,,,,,,,,,,,,,,,,,
6.2,69,,,,,,,,,,,,,,,,,,,
6.20833,68,,,,,,,,,,,,,,,,,,,
6.21667,67,,,,,,,,,,,,,,,,,,,
6.225,66,,,,,,,,,,,,,,,,,,,
6.23333,64,,,,,,,,,,,,,,,,,,,
6.24167,63,,,,,,,,,,,,,,,,,,,
6.25,64,,,,,,,,,,,,,,,,,,,
6.25833,65,,,,,,,,,,,,,,,,,,,
6.26667,67,,,,,,,,,,,,,,,,,,,
6.275,70,,,,,,,,,,,,,,,,,,,
6.28333,73,,,,,,,,,,,,,,,,,,,
6.29167,75,,,,,,,,,,,,,,,,,,,
6.3,76,,,,,,,,,,,,,,,,,,,
6.30833,77,,,,,,,,,,,,,,,,,,,
6.31667,78,,,,,,,,,,,,,,,,,,,
6.325,79,,,,,,,,,,,,,,,,,,,
6.33333,79,,,,,,,,,,,,,,,,,,,
6.34167,80,,,,,,,,,,,,,,,,,,,
6.35,81,,,,,,,,,,,,,,,,,,,
6.35833,83,,,,,,,,,,,,,,,,,,,
6.36667,86,,,,,,,,,,,,,,,,,,,
6.375,89,,,,,,,,,,,,,,,,,,,
6.38333,92,,,,,,,,,,,,,,,,,,,
6.39167,96,,,,,,,,,,,,,,,,,,,
6.4,99,,,,,,,,,,,,,,,,,,,
6.40833,100,,,,,,,,,,,,,,,,,,,
6.41667,101,,,,,,,,,,,,,,,,,,,
6.425,100,,,,,,,,,,,,,,,,,,,
6.43333,98,,,,,,,,,,,,,,,,,,,
6.44167,96,,,,,,,,,,,,,,,,,,,
6.45,95,,,,,,,,,,,,,,,,,,,
6.45833,94,,,,,,,,,,,,,,,,,,,
6.46667,96,,,,,,,,,,,,,,,,,,,
6.475,97,,,,,,,,,,,,,,,,,,,
6.48333,99,,,,,,,,,,,,,,,,,,,
6.49167,99,,,,,,,,,,,,,,,,,,,
6.5,99,,,,,,,,,,,,,,,,,,,
6.50833,98,,,,,,,,,,,,,,,,,,,
6.51667,96,,,,,,,,,,,,,,,,,,,
6.525,93,,,,,,,,,,,,,,,,,,,
6.53333,91,,,,,,,,,,,,,,,,,,,
6.54167,89,,,,,,,,,,,,,,,,,,,
6.55,87,,,,,,,,,,,,,,,,,,,
6.55833,86,,,,,,,,,,,,,,,,,,,
6.56667,85,,,,,,,,,,,,,,,,,,,
6.575,85,,,,,,,,,,,,,,,,,,,
6.58333,86,,,,,,,,,,,,,,,,,,,
6.59167,86,,,,,,,,,,,,,,,,,,,
6.6,85,,,,,,,,,,,,,,,,,,,
6.60833,83,,,,,,,,,,,,,,,,,,,
6.61667,81,,,,,,,,,,,,,,,,,,,
6.625,79,,,,,,,,,,,,,,,,,,,
6.63333,77,,,,,,,,,,,,,,,,,,,
6.64167,75,,,,,,,,,,,,,,,,,,,
6.65,72,,,,,,,,,,,,,,,,,,,
6.65833,70,,,,,,,,,,,,,,,,,,,
6.66667,70,,,,,,,,,,,,,,,,,,,
6.675,70,,,,,,,,,,,,,,,,,,,
6.68333,71,,,,,,,,,,,,,,,,,,,
6.69167,72,,,,,,,,,,,,,,,,,,,
6.7,72,,,,,,,,,,,,,,,,,,,
6.70833,72,,,,,,,,,,,,,,,,,,,
6.71667,72,,,,,,,,,,,,,,,,,,,
6.725,73,,,,,,,,,,,,,,,,,,,
6.73333,71,,,,,,,,,,,,,,,,,,,
6.74167,70,,,,,,,,,,,,,,,,,,,
6.75,69,,,,,,,,,,,,,,,,,,,
6.75833,68,,,,,,,,,,,,,,,,,,,
6.76667,69,,,,,,,,,,,,,,,,,,,
6.775,71,,,,,,,,,,,,,,,,,,,
6.78333,73,,,,,,,,,,,,,,,,,,,
6.79167,76,,,,,,,,,,,,,,,,,,,
6.8,79,,,,,,,,,,,,,,,,,,,
6.80833,80,,,,,,,,,,,,,,,,,,,
6.81667,79,,,,,,,,,,,,,,,,,,,
6.825,78,,,,,,,,,,,,,,,,,,,
6.83333,77,,,,,,,,,,,,,,,,,,,
6.84167,75,,,,,,,,,,,,,,,,,,,
6.85,75,,,,,,,,,,,,,,,,,,,
6.85833,75,,,,,,,,,,,,,,,,,,,
6.86667,76,,,,,,,,,,,,,,,,,,,
6.875,79,,,,,,,,,,,,,,,,,,,
6.88333,82,,,,,,,,,,,,,,,,,,,
6.89167,86,,,,,,,,,,,,,,,,,,,
6.9,89,,,,,,,,,,,,,,,,,,,
6.90833,92,,,,,,,,,,,,,,,,,,,
6.91667,93,,,,,,,,,,,,,,,,,,,
6.925,93,,,,,,,,,,,,,,,,,,,
6.93333,92,,,,,,,,,,,,,,,,,,,
6.94167,91,,,,,,,,,,,,,,,,,,,
6.95,91,,,,,,,,,,,,,,,,,,,
6.95833,92,,,,,,,,,,,,,,,,,,,
6.96667,93,,,,,,,,,,,,,,,,,,,
6.975,95,,,,,,,,,,,,,,,,,,,
6.98333,99,,,,,,,,,,,,,,,,,,,
6.99167,102,,,,,,,,,,,,,,,,,,,
7,105,,,,,,,,,,,,,,,,,,,
7.00833,108,,,,,,,,,,,,,,,,,,,
7.01667,109,,,,,,,,,,,,,,,,,,,
7.025,109,,,,,,,,,,,,,,,,,,,
7.03333,109,,,,,,,,,,,,,,,,,,,
7.04167,108,,,,,,,,,,,,,,,,,,,
7.05,108,,,,,,,,,,,,,,,,,,,
7.05833,106,,,,,,,,,,,,,,,,,,,
7.06667,106,,,,,,,,,,,,,,,,,,,
7.075,105,,,,,,,,,,,,,,,,,,,
7.08333,106,,,,,,,,,,,,,,,,,,,
7.09167,107,,,,,,,,,,,,,,,,,,,
7.1,108,,,,,,,,,,,,,,,,,,,
7.10833,108,,,,,,,,,,,,,,,,,,,
7.11667,107,,,,,,,,,,,,,,,,,,,
7.125,105,,,,,,,,,,,,,,,,,,,
7.13333,103,,,,,,,,,,,,,,,,,,,
7.14167,99,,,,,,,,,,,,,,,,,,,
7.15,96,,,,,,,,,,,,,,,,,,,
7.15833,94,,,,,,,,,,,,,,,,,,,
7.16667,93,,,,,,,,,,,,,,,,,,,
7.175,92,,,,,,,,,,,,,,,,,,,
7.18333,94,,,,,,,,,,,,,,,,,,,
7.19167,95,,,,,,,,,,,,,,,,,,,
7.2,97,,,,,,,,,,,,,,,,,,,
7.20833,98,,,,,,,,,,,,,,,,,,,
7.21667,98,,,,,,,,,,,,,,,,,,,
7.225,97,,,,,,,,,,,,,,,,,,,
7.23333,95,,,,,,,,,,,,,,,,,,,
7.24167,93,,,,,,,,,,,,,,,,,,,
7.25,91,,,,,,,,,,,,,,,,,,,
7.25833,90,,,,,,,,,,,,,,,,,,,
7.26667,90,,,,,,,,,,,,,,,,,,,
7.275,90,,,,,,,,,,,,,,,,,,,
7.28333,92,,,,,,,,,,,,,,,,,,,
7.29167,93,,,,,,,,,,,,,,,,,,,
7.3,94,,,,,,,,,,,,,,,,,,,
7.30833,96,,,,,,,,,,,,,,,,,,,
7.31667,98,,,,,,,,,,,,,,,,,,,
7.325,99,,,,,,,,,,,,,,,,,,,
7.33333,99,,,,,,,,,,,,,,,,,,,
7.34167,99,,,,,,,,,,,,,,,,,,,
7.35,98,,,,,,,,,,,,,,,,,,,
7.35833,98,,,,,,,,,,,,,,,,,,,
7.36667,98,,,,,,,,,,,,,,,,,,,
7.375,99,,,,,,,,,,,,,,,,,,,
7.38333,100,,,,,,,,,,,,,,,,,,,
7.39167,101,,,,,,,,,,,,,,,,,,,
7.4,103,,,,,,,,,,,,,,,,,,,
7.40833,104,,,,,,,,,,,,,,,,,,,
7.41667,106,,,,,,,,,,,,,,,,,,,
7.425,106,,,,,,,,,,,,,,,,,,,
7.43333,106,,,,,,,,,,,,,,,,,,,
7.44167,105,,,,,,,,,,,,,,,,,,,
7.45,104,,,,,,,,,,,,,,,,,,,
7.45833,102,,,,,,,,,,,,,,,,,,,
7.46667,102,,,,,,,,,,,,,,,,,,,
7.475,102,,,,,,,,,,,,,,,,,,,
7.48333,103,,,,,,,,,,,,,,,,,,,
7.49167,104,,,,,,,,,,,,,,,,,,,
7.5,105,,,,,,,,,,,,,,,,,,,
7.50833,106,,,,,,,,,,,,,,,,,,,
7.51667,107,,,,,,,,,,,,,,,,,,,
7.525,109,,,,,,,,,,,,,,,,,,,
7.53333,109,,,,,,,,,,,,,,,,,,,
7.54167,107,,,,,,,,,,,,,,,,,,,
7.55,104,,,,,,,,,,,,,,,,,,,
7.55833,103,,,,,,,,,,,,,,,,,,,
7.56667,104,,,,,,,,,,,,,,,,,,,
7.575,105,,,,,,,,,,,,,,,,,,,
7.58333,106,,,,,,,,,,,,,,,,,,,
7.59167,107,,,,,,,,,,,,,,,,,,,
7.6,108,,,,,,,,,,,,,,,,,,,
7.60833,110,,,,,,,,,,,,,,,,,,,
7.61667,112,,,,,,,,,,,,,,,,,,,
7.625,111,,,,,,,,,,,,,,,,,,,
7.63333,110,,,,,,,,,,,,,,,,,,,
7.64167,107,,,,,,,,,,,,,,,,,,,
7.65,105,,,,,,,,,,,,,,,,,,,
7.65833,102,,,,,,,,,,,,,,,,,,,
7.66667,100,,,,,,,,,,,,,,,,,,,
7.675,99,,,,,,,,,,,,,,,,,,,
7.68333,99,,,,,,,,,,,,,,,,,,,
7.69167,100,,,,,,,,,,,,,,,,,,,
7.7,102,,,,,,,,,,,,,,,,,,,
7.70833,104,,,,,,,,,,,,,,,,,,,
7.71667,104,,,,,,,,,,,,,,,,,,,
7.725,103,,,,,,,,,,,,,,,,,,,
7.73333,102,,,,,,,,,,,,,,,,,,,
7.74167,101,,,,,,,,,,,,,,,,,,,
7.75,99,,,,,,,,,,,,,,,,,,,
7.75833,96,,,,,,,,,,,,,,,,,,,
7.76667,94,,,,,,,,,,,,,,,,,,,
7.775,93,,,,,,,,,,,,,,,,,,,
7.78333,92,,,,,,,,,,,,,,,,,,,
7.79167,93,,,,,,,,,,,,,,,,,,,
7.8,93,,,,,,,,,,,,,,,,,,,
7.80833,94,,,,,,,,,,,,,,,,,,,
7.81667,94,,,,,,,,,,,,,,,,,,,
7.825,93,,,,,,,,,,,,,,,,,,,
7.83333,92,,,,,,,,,,,,,,,,,,,
7.84167,90,,,,,,,,,,,,,,,,,,,
7.85,88,,,,,,,,,,,,,,,,,,,
7.85833,86,,,,,,,,,,,,,,,,,,,
7.86667,83,,,,,,,,,,,,,,,,,,,
7.875,81,,,,,,,,,,,,,,,,,,,
7.88333,79,,,,,,,,,,,,,,,,,,,
7.89167,79,,,,,,,,,,,,,,,,,,,
7.9,80,,,,,,,,,,,,,,,,,,,
7.90833,81,,,,,,,,,,,,,,,,,,,
7.91667,82,,,,,,,,,,,,,,,,,,,
7.925,82,,,,,,,,,,,,,,,,,,,
7.93333,81,,,,,,,,,,,,,,,,,,,
7.94167,80,,,,,,,,,,,,,,,,,,,
7.95,77,,,,,,,,,,,,,,,,,,,
7.95833,75,,,,,,,,,,,,,,,,,,,
7.96667,74,,,,,,,,,,,,,,,,,,,
7.975,74,,,,,,,,,,,,,,,,,,,
7.98333,74,,,,,,,,,,,,,,,,,,,
7.99167,75,,,,,,,,,,,,,,,,,,,
8,76,,,,,,,,,,,,,,,,,,,
8.00833,78,,,,,,,,,,,,,,,,,,,
8.01667,79,,,,,,,,,,,,,,,,,,,
8.025,79,,,,,,,,,,,,,,,,,,,
8.03333,78,,,,,,,,,,,,,,,,,,,
8.04167,78,,,,,,,,,,,,,,,,,,,
8.05,76,,,,,,,,,,,,,,,,,,,
8.05833,73,,,,,,,,,,,,,,,,,,,
8.06667,71,,,,,,,,,,,,,,,,,,,
8.075,70,,,,,,,,,,,,,,,,,,,
8.08333,70,,,,,,,,,,,,,,,,,,,
8.09167,70,,,,,,,,,,,,,,,,,,,
8.1,71,,,,,,,,,,,,,,,,,,,
8.10833,72,,,,,,,,,,,,,,,,,,,
8.11667,73,,,,,,,,,,,,,,,,,,,
8.125,73,,,,,,,,,,,,,,,,,,,
8.13333,73,,,,,,,,,,,,,,,,,,,
8.14167,73,,,,,,,,,,,,,,,,,,,
8.15,72,,,,,,,,,,,,,,,,,,,
8.15833,71,,,,,,,,,,,,,,,,,,,
8.16667,70,,,,,,,,,,,,,,,,,,,
8.175,68,,,,,,,,,,,,,,,,,,,
8.18333,67,,,,,,,,,,,,,,,,,,,
8.19167,67,,,,,,,,,,,,,,,,,,,
8.2,70,,,,,,,,,,,,,,,,,,,
8.20833,71,,,,,,,,,,,,,,,,,,,
8.21667,73,,,,,,,,,,,,,,,,,,,
8.225,75,,,,,,,,,,,,,,,,,,,
8.23333,74,,,,,,,,,,,,,,,,,,,
8.24167,74,,,,,,,,,,,,,,,,,,,
8.25,73,,,,,,,,,,,,,,,,,,,
8.25833,72,,,,,,,,,,,,,,,,,,,
8.26667,70,,,,,,,,,,,,,,,,,,,
8.275,68,,,,,,,,,,,,,,,,,,,
8.28333,66,,,,,,,,,,,,,,,,,,,
8.29167,66,,,,,,,,,,,,,,,,,,,
8.3,67,,,,,,,,,,,,,,,,,,,
8.30833,69,,,,,,,,,,,,,,,,,,,
8.31667,72,,,,,,,,,,,,,,,,,,,
8.325,73,,,,,,,,,,,,,,,,,,,
8.33333,73,,,,,,,,,,,,,,,,,,,
8.34167,73,,,,,,,,,,,,,,,,,,,
8.35,74,,,,,,,,,,,,,,,,,,,
8.35833,72,,,,,,,,,,,,,,,,,,,
8.36667,70,,,,,,,,,,,,,,,,,,,
8.375,69,,,,,,,,,,,,,,,,,,,
8.38333,68,,,,,,,,,,,,,,,,,,,
8.39167,67,,,,,,,,,,,,,,,,,,,
8.4,68,,,,,,,,,,,,,,,,,,,
8.40833,69,,,,,,,,,,,,,,,,,,,
8.41667,70,,,,,,,,,,,,,,,,,,,
8.425,72,,,,,,,,,,,,,,,,,,,
8.43333,73,,,,,,,,,,,,,,,,,,,
8.44167,74,,,,,,,,,,,,,,,,,,,
8.45,73,,,,,,,,,,,,,,,,,,,
8.45833,71,,,,,,,,,,,,,,,,,,,
8.46667,70,,,,,,,,,,,,,,,,,,,
8.475,69,,,,,,,,,,,,,,,,,,,
8.48333,69,,,,,,,,,,,,,,,,,,,
8.49167,69,,,,,,,,,,,,,,,,,,,
8.5,71,,,,,,,,,,,,,,,,,,,
8.50833,73,,,,,,,,,,,,,,,,,,,
8.51667,75,,,,,,,,,,,,,,,,,,,
8.525,76,,,,,,,,,,,,,,,,,,,
8.53333,77,,,,,,,,,,,,,,,,,,,
8.54167,78,,,,,,,,,,,,,,,,,,,
8.55,78,,,,,,,,,,,,,,,,,,,
8.55833,78,,,,,,,,,,,,,,,,,,,
8.56667,77,,,,,,,,,,,,,,,,,,,
8.575,77,,,,,,,,,,,,,,,,,,,
8.58333,76,,,,,,,,,,,,,,,,,,,
8.59167,75,,,,,,,,,,,,,,,,,,,
8.6,76,,,,,,,,,,,,,,,,,,,
8.60833,77,,,,,,,,,,,,,,,,,,,
8.61667,79,,,,,,,,,,,,,,,,,,,
8.625,80,,,,,,,,,,,,,,,,,,,
8.63333,81,,,,,,,,,,,,,,,,,,,
8.64167,82,,,,,,,,,,,,,,,,,,,
8.65,82,,,,,,,,,,,,,,,,,,,
8.65833,82,,,,,,,,,,,,,,,,,,,
8.66667,82,,,,,,,,,,,,,,,,,,,
8.675,82,,,,,,,,,,,,,,,,,,,
8.68333,81,,,,,,,,,,,,,,,,,,,
8.69167,81,,,,,,,,,,,,,,,,,,,
8.7,82,,,,,,,,,,,,,,,,,,,
8.70833,86,,,,,,,,,,,,,,,,,,,
8.71667,89,,,,,,,,,,,,,,,,,,,
8.725,92,,,,,,,,,,,,,,,,,,,
8.73333,93,,,,,,,,,,,,,,,,,,,
8.74167,94,,,,,,,,,,,,,,,,,,,
8.75,93,,,,,,,,,,,,,,,,,,,
8.75833,94,,,,,,,,,,,,,,,,,,,
8.76667,94,,,,,,,,,,,,,,,,,,,
8.775,93,,,,,,,,,,,,,,,,,,,
8.78333,93,,,,,,,,,,,,,,,,,,,
8.79167,93,,,,,,,,,,,,,,,,,,,
8.8,93,,,,,,,,,,,,,,,,,,,
8.80833,94,,,,,,,,,,,,,,,,,,,
8.81667,94,,,,,,,,,,,,,,,,,,,
8.825,95,,,,,,,,,,,,,,,,,,,
8.83333,96,,,,,,,,,,,,,,,,,,,
8.84167,97,,,,,,,,,,,,,,,,,,,
8.85,98,,,,,,,,,,,,,,,,,,,
8.85833,99,,,,,,,,,,,,,,,,,,,
8.86667,98,,,,,,,,,,,,,,,,,,,
8.875,95,,,,,,,,,,,,,,,,,,,
8.88333,93,,,,,,,,,,,,,,,,,,,
8.89167,92,,,,,,,,,,,,,,,,,,,
8.9,91,,,,,,,,,,,,,,,,,,,
8.90833,91,,,,,,,,,,,,,,,,,,,
8.91667,91,,,,,,,,,,,,,,,,,,,
8.925,90,,,,,,,,,,,,,,,,,,,
8.93333,91,,,,,,,,,,,,,,,,,,,
8.94167,91,,,,,,,,,,,,,,,,,,,
8.95,90,,,,,,,,,,,,,,,,,,,
8.95833,88,,,,,,,,,,,,,,,,,,,
8.96667,86,,,,,,,,,,,,,,,,,,,
8.975,84,,,,,,,,,,,,,,,,,,,
8.98333,82,,,,,,,,,,,,,,,,,,,
8.99167,78,,,,,,,,,,,,,,,,,,,
9,76,,,,,,,,,,,,,,,,,,,
9.00833,74,,,,,,,,,,,,,,,,,,,
9.01667,74,,,,,,,,,,,,,,,,,,,
9.025,74,,,,,,,,,,,,,,,,,,,
9.03333,75,,,,,,,,,,,,,,,,,,,
9.04167,75,,,,,,,,,,,,,,,,,,,
9.05,74,,,,,,,,,,,,,,,,,,,
9.05833,72,,,,,,,,,,,,,,,,,,,
9.06667,70,,,,,,,,,,,,,,,,,,,
9.075,66,,,,,,,,,,,,,,,,,,,
9.08333,64,,,,,,,,,,,,,,,,,,,
9.09167,63,,,,,,,,,,,,,,,,,,,
9.1,61,,,,,,,,,,,,,,,,,,,
9.10833,61,,,,,,,,,,,,,,,,,,,
9.11667,61,,,,,,,,,,,,,,,,,,,
9.125,61,,,,,,,,,,,,,,,,,,,
9.13333,63,,,,,,,,,,,,,,,,,,,
9.14167,64,,,,,,,,,,,,,,,,,,,
9.15,64,,,,,,,,,,,,,,,,,,,
9.15833,62,,,,,,,,,,,,,,,,,,,
9.16667,60,,,,,,,,,,,,,,,,,,,
9.175,58,,,,,,,,,,,,,,,,,,,
9.18333,57,,,,,,,,,,,,,,,,,,,
9.19167,57,,,,,,,,,,,,,,,,,,,
9.2,56,,,,,,,,,,,,,,,,,,,
9.20833,55,,,,,,,,,,,,,,,,,,,
9.21667,55,,,,,,,,,,,,,,,,,,,
9.225,57,,,,,,,,,,,,,,,,,,,
9.23333,58,,,,,,,,,,,,,,,,,,,
9.24167,60,,,,,,,,,,,,,,,,,,,
9.25,61,,,,,,,,,,,,,,,,,,,
9.25833,61,,,,,,,,,,,,,,,,,,,
9.26667,59,,,,,,,,,,,,,,,,,,,
9.275,57,,,,,,,,,,,,,,,,,,,
9.28333,56,,,,,,,,,,,,,,,,,,,
9.29167,54,,,,,,,,,,,,,,,,,,,
9.3,54,,,,,,,,,,,,,,,,,,,
9.30833,54,,,,,,,,,,,,,,,,,,,
9.31667,55,,,,,,,,,,,,,,,,,,,
9.325,57,,,,,,,,,,,,,,,,,,,
9.33333,60,,,,,,,,,,,,,,,,,,,
9.34167,61,,,,,,,,,,,,,,,,,,,
9.35,63,,,,,,,,,,,,,,,,,,,
9.35833,63,,,,,,,,,,,,,,,,,,,
9.36667,62,,,,,,,,,,,,,,,,,,,
9.375,59,,,,,,,,,,,,,,,,,,,
9.38333,57,,,,,,,,,,,,,,,,,,,
9.39167,55,,,,,,,,,,,,,,,,,,,
9.4,53,,,,,,,,,,,,,,,,,,,
9.40833,52,,,,,,,,,,,,,,,,,,,
9.41667,53,,,,,,,,,,,,,,,,,,,
9.425,55,,,,,,,,,,,,,,,,,,,
9.43333,57,,,,,,,,,,,,,,,,,,,
9.44167,59,,,,,,,,,,,,,,,,,,,
9.45,59,,,,,,,,,,,,,,,,,,,
9.45833,58,,,,,,,,,,,,,,,,,,,
9.46667,57,,,,,,,,,,,,,,,,,,,
9.475,56,,,,,,,,,,,,,,,,,,,
9.48333,55,,,,,,,,,,,,,,,,,,,
9.49167,54,,,,,,,,,,,,,,,,,,,
9.5,54,,,,,,,,,,,,,,,,,,,
9.50833,54,,,,,,,,,,,,,,,,,,,
9.51667,54,,,,,,,,,,,,,,,,,,,
9.525,55,,,,,,,,,,,,,,,,,,,
9.53333,57,,,,,,,,,,,,,,,,,,,
9.54167,58,,,,,,,,,,,,,,,,,,,
9.55,60,,,,,,,,,,,,,,,,,,,
9.55833,61,,,,,,,,,,,,,,,,,,,
9.56667,61,,,,,,,,,,,,,,,,,,,
9.575,60,,,,,,,,,,,,,,,,,,,
9.58333,60,,,,,,,,,,,,,,,,,,,
9.59167,59,,,,,,,,,,,,,,,,,,,
9.6,59,,,,,,,,,,,,,,,,,,,
9.60833,60,,,,,,,,,,,,,,,,,,,
9.61667,62,,,,,,,,,,,,,,,,,,,
9.625,63,,,,,,,,,,,,,,,,,,,
9.63333,65,,,,,,,,,,,,,,,,,,,
9.64167,67,,,,,,,,,,,,,,,,,,,
9.65,69,,,,,,,,,,,,,,,,,,,
9.65833,70,,,,,,,,,,,,,,,,,,,
9.66667,71,,,,,,,,,,,,,,,,,,,
9.675,72,,,,,,,,,,,,,,,,,,,
9.68333,73,,,,,,,,,,,,,,,,,,,
9.69167,73,,,,,,,,,,,,,,,,,,,
9.7,72,,,,,,,,,,,,,,,,,,,
9.70833,72,,,,,,,,,,,,,,,,,,,
9.71667,74,,,,,,,,,,,,,,,,,,,
9.725,78,,,,,,,,,,,,,,,,,,,
9.73333,81,,,,,,,,,,,,,,,,,,,
9.74167,84,,,,,,,,,,,,,,,,,,,
9.75,87,,,,,,,,,,,,,,,,,,,
9.75833,89,,,,,,,,,,,,,,,,,,,
9.76667,90,,,,,,,,,,,,,,,,,,,
9.775,91,,,,,,,,,,,,,,,,,,,
9.78333,91,,,,,,,,,,,,,,,,,,,
9.79167,92,,,,,,,,,,,,,,,,,,,
9.8,93,,,,,,,,,,,,,,,,,,,
9.80833,94,,,,,,,,,,,,,,,,,,,
9.81667,96,,,,,,,,,,,,,,,,,,,
9.825,97,,,,,,,,,,,,,,,,,,,
9.83333,100,,,,,,,,,,,,,,,,,,,
9.84167,102,,,,,,,,,,,,,,,,,,,
9.85,105,,,,,,,,,,,,,,,,,,,
9.85833,108,,,,,,,,,,,,,,,,,,,
9.86667,109,,,,,,,,,,,,,,,,,,,
9.875,109,,,,,,,,,,,,,,,,,,,
9.88333,108,,,,,,,,,,,,,,,,,,,
9.89167,107,,,,,,,,,,,,,,,,,,,
9.9,107,,,,,,,,,,,,,,,,,,,
9.90833,107,,,,,,,,,,,,,,,,,,,
9.91667,109,,,,,,,,,,,,,,,,,,,
9.925,111,,,,,,,,,,,,,,,,,,,
9.93333,113,,,,,,,,,,,,,,,,,,,
9.94167,115,,,,,,,,,,,,,,,,,,,
9.95,118,,,,,,,,,,,,,,,,,,,
9.95833,119,,,,,,,,,,,,,,,,,,,
9.96667,120,,,,,,,,,,,,,,,,,,,
9.975,119,,,,,,,,,,,,,,,,,,,
9.98333,117,,,,,,,,,,,,,,,,,,,
9.99167,114,,,,,,,,,,,,,,,,,,,
10,112,,,,,,,,,,,,,,,,,,,
10.00833,111,,,,,,,,,,,,,,,,,,,
10.01667,110,,,,,,,,,,,,,,,,,,,
10.025,110,,,,,,,,,,,,,,,,,,,
10.03333,111,,,,,,,,,,,,,,,,,,,
10.04167,112,,,,,,,,,,,,,,,,,,,
10.05,114,,,,,,,,,,,,,,,,,,,
10.05833,115,,,,,,,,,,,,,,,,,,,
10.06667,116,,,,,,,,,,,,,,,,,,,
10.075,116,,,,,,,,,,,,,,,,,,,
10.08333,114,,,,,,,,,,,,,,,,,,,
10.09167,112,,,,,,,,,,,,,,,,,,,
10.1,110,,,,,,,,,,,,,,,,,,,
10.10833,109,,,,,,,,,,,,,,,,,,,
10.11667,107,,,,,,,,,,,,,,,,,,,
10.125,107,,,,,,,,,,,,,,,,,,,
10.13333,108,,,,,,,,,,,,,,,,,,,
10.14167,109,,,,,,,,,,,,,,,,,,,
10.15,110,,,,,,,,,,,,,,,,,,,
10.15833,111,,,,,,,,,,,,,,,,,,,
10.16667,112,,,,,,,,,,,,,,,,,,,
10.175,113,,,,,,,,,,,,,,,,,,,
10.18333,113,,,,,,,,,,,,,,,,,,,
10.19167,113,,,,,,,,,,,,,,,,,,,
10.2,111,,,,,,,,,,,,,,,,,,,
10.20833,110,,,,,,,,,,,,,,,,,,,
10.21667,110,,,,,,,,,,,,,,,,,,,
10.225,110,,,,,,,,,,,,,,,,,,,
10.23333,112,,,,,,,,,,,,,,,,,,,
10.24167,114,,,,,,,,,,,,,,,,,,,
10.25,116,,,,,,,,,,,,,,,,,,,
10.25833,118,,,,,,,,,,,,,,,,,,,
10.26667,120,,,,,,,,,,,,,,,,,,,
10.275,121,,,,,,,,,,,,,,,,,,,
10.28333,121,,,,,,,,,,,,,,,,,,,
10.29167,121,,,,,,,,,,,,,,,,,,,
10.3,120,,,,,,,,,,,,,,,,,,,
10.30833,119,,,,,,,,,,,,,,,,,,,
10.31667,119,,,,,,,,,,,,,,,,,,,
10.325,121,,,,,,,,,,,,,,,,,,,
10.33333,123,,,,,,,,,,,,,,,,,,,
10.34167,125,,,,,,,,,,,,,,,,,,,
10.35,127,,,,,,,,,,,,,,,,,,,
10.35833,128,,,,,,,,,,,,,,,,,,,
10.36667,129,,,,,,,,,,,,,,,,,,,
10.375,129,,,,,,,,,,,,,,,,,,,
10.38333,129,,,,,,,,,,,,,,,,,,,
10.39167,127,,,,,,,,,,,,,,,,,,,
10.4,125,,,,,,,,,,,,,,,,,,,
10.40833,122,,,,,,,,,,,,,,,,,,,
10.41667,121,,,,,,,,,,,,,,,,,,,
10.425,121,,,,,,,,,,,,,,,,,,,
10.43333,121,,,,,,,,,,,,,,,,,,,
10.44167,121,,,,,,,,,,,,,,,,,,,
10.45,122,,,,,,,,,,,,,,,,,,,
10.45833,123,,,,,,,,,,,,,,,,,,,
10.46667,123,,,,,,,,,,,,,,,,,,,
10.475,121,,,,,,,,,,,,,,,,,,,
10.48333,119,,,,,,,,,,,,,,,,,,,
10.49167,117,,,,,,,,,,,,,,,,,,,
10.5,115,,,,,,,,,,,,,,,,,,,
10.50833,112,,,,,,,,,,,,,,,,,,,
10.51667,109,,,,,,,,,,,,,,,,,,,
10.525,105,,,,,,,,,,,,,,,,,,,
10.53333,102,,,,,,,,,,,,,,,,,,,
10.54167,99,,,,,,,,,,,,,,,,,,,
10.55,99,,,,,,,,,,,,,,,,,,,
10.55833,99,,,,,,,,,,,,,,,,,,,
10.56667,98,,,,,,,,,,,,,,,,,,,
10.575,96,,,,,,,,,,,,,,,,,,,
10.58333,93,,,,,,,,,,,,,,,,,,,
10.59167,88,,,,,,,,,,,,,,,,,,,
10.6,85,,,,,,,,,,,,,,,,,,,
10.60833,81,,,,,,,,,,,,,,,,,,,
10.61667,79,,,,,,,,,,,,,,,,,,,
10.625,76,,,,,,,,,,,,,,,,,,,
10.63333,75,,,,,,,,,,,,,,,,,,,
10.64167,75,,,,,,,,,,,,,,,,,,,
10.65,74,,,,,,,,,,,,,,,,,,,
10.65833,73,,,,,,,,,,,,,,,,,,,
10.66667,72,,,,,,,,,,,,,,,,,,,
10.675,71,,,,,,,,,,,,,,,,,,,
10.68333,69,,,,,,,,,,,,,,,,,,,
10.69167,66,,,,,,,,,,,,,,,,,,,
10.7,61,,,,,,,,,,,,,,,,,,,
10.70833,57,,,,,,,,,,,,,,,,,,,
10.71667,54,,,,,,,,,,,,,,,,,,,
10.725,51,,,,,,,,,,,,,,,,,,,
10.73333,50,,,,,,,,,,,,,,,,,,,
10.74167,50,,,,,,,,,,,,,,,,,,,
10.75,52,,,,,,,,,,,,,,,,,,,
10.75833,53,,,,,,,,,,,,,,,,,,,
10.76667,53,,,,,,,,,,,,,,,,,,,
10.775,53,,,,,,,,,,,,,,,,,,,
10.78333,52,,,,,,,,,,,,,,,,,,,
10.79167,49,,,,,,,,,,,,,,,,,,,
10.8,45,,,,,,,,,,,,,,,,,,,
10.80833,43,,,,,,,,,,,,,,,,,,,
10.81667,40,,,,,,,,,,,,,,,,,,,
10.825,38,,,,,,,,,,,,,,,,,,,
10.83333,37,,,,,,,,,,,,,,,,,,,
10.84167,36,,,,,,,,,,,,,,,,,,,
10.85,37,,,,,,,,,,,,,,,,,,,
10.85833,39,,,,,,,,,,,,,,,,,,,
10.86667,39,,,,,,,,,,,,,,,,,,,
10.875,39,,,,,,,,,,,,,,,,,,,
10.88333,38,,,,,,,,,,,,,,,,,,,
10.89167,37,,,,,,,,,,,,,,,,,,,
10.9,35,,,,,,,,,,,,,,,,,,,
10.90833,33,,,,,,,,,,,,,,,,,,,
10.91667,32,,,,,,,,,,,,,,,,,,,
10.925,31,,,,,,,,,,,,,,,,,,,
10.93333,30,,,,,,,,,,,,,,,,,,,
10.94167,29,,,,,,,,,,,,,,,,,,,
10.95,30,,,,,,,,,,,,,,,,,,,
10.95833,32,,,,,,,,,,,,,,,,,,,
10.96667,33,,,,,,,,,,,,,,,,,,,
10.975,35,,,,,,,,,,,,,,,,,,,
10.98333,35,,,,,,,,,,,,,,,,,,,
10.99167,35,,,,,,,,,,,,,,,,,,,
11,34,,,,,,,,,,,,,,,,,,,
11.00833,32,,,,,,,,,,,,,,,,,,,
11.01667,30,,,,,,,,,,,,,,,,,,,
11.025,28,,,,,,,,,,,,,,,,,,,
11.03333,27,,,,,,,,,,,,,,,,,,,
11.04167,27,,,,,,,,,,,,,,,,,,,
11.05,28,,,,,,,,,,,,,,,,,,,
11.05833,29,,,,,,,,,,,,,,,,,,,
11.06667,30,,,,,,,,,,,,,,,,,,,
11.075,32,,,,,,,,,,,,,,,,,,,
11.08333,32,,,,,,,,,,,,,,,,,,,
11.09167,31,,,,,,,,,,,,,,,,,,,
11.1,29,,,,,,,,,,,,,,,,,,,
11.10833,27,,,,,,,,,,,,,,,,,,,
11.11667,24,,,,,,,,,,,,,,,,,,,
11.125,22,,,,,,,,,,,,,,,,,,,
11.13333,22,,,,,,,,,,,,,,,,,,,
11.14167,23,,,,,,,,,,,,,,,,,,,
11.15,25,,,,,,,,,,,,,,,,,,,
11.15833,26,,,,,,,,,,,,,,,,,,,
11.16667,28,,,,,,,,,,,,,,,,,,,
11.175,29,,,,,,,,,,,,,,,,,,,
11.18333,29,,,,,,,,,,,,,,,,,,,
11.19167,28,,,,,,,,,,,,,,,,,,,
11.2,27,,,,,,,,,,,,,,,,,,,
11.20833,27,,,,,,,,,,,,,,,,,,,
11.21667,26,,,,,,,,,,,,,,,,,,,
11.225,25,,,,,,,,,,,,,,,,,,,
11.23333,22,,,,,,,,,,,,,,,,,,,
11.24167,21,,,,,,,,,,,,,,,,,,,
11.25,22,,,,,,,,,,,,,,,,,,,
11.25833,24,,,,,,,,,,,,,,,,,,,
11.26667,26,,,,,,,,,,,,,,,,,,,
11.275,28,,,,,,,,,,,,,,,,,,,
11.28333,29,,,,,,,,,,,,,,,,,,,
11.29167,30,,,,,,,,,,,,,,,,,,,
11.3,29,,,,,,,,,,,,,,,,,,,
11.30833,26,,,,,,,,,,,,,,,,,,,
11.31667,24,,,,,,,,,,,,,,,,,,,
11.325,22,,,,,,,,,,,,,,,,,,,
11.33333,22,,,,,,,,,,,,,,,,,,,
11.34167,23,,,,,,,,,,,,,,,,,,,
11.35,24,,,,,,,,,,,,,,,,,,,
11.35833,25,,,,,,,,,,,,,,,,,,,
11.36667,27,,,,,,,,,,,,,,,,,,,
11.375,28,,,,,,,,,,,,,,,,,,,
11.38333,29,,,,,,,,,,,,,,,,,,,
11.39167,29,,,,,,,,,,,,,,,,,,,
11.4,29,,,,,,,,,,,,,,,,,,,
11.40833,29,,,,,,,,,,,,,,,,,,,
11.41667,28,,,,,,,,,,,,,,,,,,,
11.425,26,,,,,,,,,,,,,,,,,,,
11.43333,25,,,,,,,,,,,,,,,,,,,
11.44167,25,,,,,,,,,,,,,,,,,,,
11.45,25,,,,,,,,,,,,,,,,,,,
11.45833,25,,,,,,,,,,,,,,,,,,,
11.46667,26,,,,,,,,,,,,,,,,,,,
11.475,29,,,,,,,,,,,,,,,,,,,
11.48333,30,,,,,,,,,,,,,,,,,,,
11.49167,31,,,,,,,,,,,,,,,,,,,
11.5,29,,,,,,,,,,,,,,,,,,,
11.50833,27,,,,,,,,,,,,,,,,,,,
11.51667,25,,,,,,,,,,,,,,,,,,,
11.525,24,,,,,,,,,,,,,,,,,,,
11.53333,24,,,,,,,,,,,,,,,,,,,
11.54167,22,,,,,,,,,,,,,,,,,,,
11.55,22,,,,,,,,,,,,,,,,,,,
11.55833,24,,,,,,,,,,,,,,,,,,,
11.56667,26,,,,,,,,,,,,,,,,,,,
11.575,28,,,,,,,,,,,,,,,,,,,
11.58333,30,,,,,,,,,,,,,,,,,,,
11.59167,30,,,,,,,,,,,,,,,,,,,
11.6,29,,,,,,,,,,,,,,,,,,,
11.60833,27,,,,,,,,,,,,,,,,,,,
11.61667,25,,,,,,,,,,,,,,,,,,,
11.625,23,,,,,,,,,,,,,,,,,,,
11.63333,22,,,,,,,,,,,,,,,,,,,
11.64167,20,,,,,,,,,,,,,,,,,,,
11.65,21,,,,,,,,,,,,,,,,,,,
11.65833,22,,,,,,,,,,,,,,,,,,,
11.66667,24,,,,,,,,,,,,,,,,,,,
11.675,26,,,,,,,,,,,,,,,,,,,
11.68333,27,,,,,,,,,,,,,,,,,,,
11.69167,28,,,,,,,,,,,,,,,,,,,
11.7,27,,,,,,,,,,,,,,,,,,,
11.70833,26,,,,,,,,,,,,,,,,,,,
11.71667,23,,,,,,,,,,,,,,,,,,,
11.725,22,,,,,,,,,,,,,,,,,,,
11.73333,22,,,,,,,,,,,,,,,,,,,
11.74167,23,,,,,,,,,,,,,,,,,,,
11.75,24,,,,,,,,,,,,,,,,,,,
11.75833,24,,,,,,,,,,,,,,,,,,,
11.76667,25,,,,,,,,,,,,,,,,,,,
11.775,26,,,,,,,,,,,,,,,,,,,
11.78333,27,,,,,,,,,,,,,,,,,,,
11.79167,28,,,,,,,,,,,,,,,,,,,
11.8,28,,,,,,,,,,,,,,,,,,,
11.80833,26,,,,,,,,,,,,,,,,,,,
11.81667,24,,,,,,,,,,,,,,,,,,,
11.825,23,,,,,,,,,,,,,,,,,,,
11.83333,23,,,,,,,,,,,,,,,,,,,
11.84167,22,,,,,,,,,,,,,,,,,,,
11.85,21,,,,,,,,,,,,,,,,,,,
11.85833,22,,,,,,,,,,,,,,,,,,,
11.86667,23,,,,,,,,,,,,,,,,,,,
11.875,26,,,,,,,,,,,,,,,,,,,
11.88333,28,,,,,,,,,,,,,,,,,,,
11.89167,29,,,,,,,,,,,,,,,,,,,
11.9,29,,,,,,,,,,,,,,,,,,,
11.90833,28,,,,,,,,,,,,,,,,,,,
11.91667,27,,,,,,,,,,,,,,,,,,,
11.925,25,,,,,,,,,,,,,,,,,,,
11.93333,24,,,,,,,,,,,,,,,,,,,
11.94167,23,,,,,,,,,,,,,,,,,,,
11.95,22,,,,,,,,,,,,,,,,,,,
11.95833,22,,,,,,,,,,,,,,,,,,,
11.96667,24,,,,,,,,,,,,,,,,,,,
11.975,25,,,,,,,,,,,,,,,,,,,
11.98333,25,,,,,,,,,,,,,,,,,,,
11.99167,26,,,,,,,,,,,,,,,,,,,
12,27,,,,,,,,,,,,,,,,,,,
12.00833,28,,,,,,,,,,,,,,,,,,,
12.01667,27,,,,,,,,,,,,,,,,,,,
12.025,26,,,,,,,,,,,,,,,,,,,
12.03333,25,,,,,,,,,,,,,,,,,,,
12.04167,25,,,,,,,,,,,,,,,,,,,
12.05,25,,,,,,,,,,,,,,,,,,,
12.05833,24,,,,,,,,,,,,,,,,,,,
12.06667,25,,,,,,,,,,,,,,,,,,,
12.075,27,,,,,,,,,,,,,,,,,,,
12.08333,30,,,,,,,,,,,,,,,,,,,
12.09167,31,,,,,,,,,,,,,,,,,,,
12.1,33,,,,,,,,,,,,,,,,,,,
12.10833,34,,,,,,,,,,,,,,,,,,,
12.11667,35,,,,,,,,,,,,,,,,,,,
12.125,35,,,,,,,,,,,,,,,,,,,
12.13333,34,,,,,,,,,,,,,,,,,,,
12.14167,35,,,,,,,,,,,,,,,,,,,
12.15,35,,,,,,,,,,,,,,,,,,,
12.15833,36,,,,,,,,,,,,,,,,,,,
12.16667,37,,,,,,,,,,,,,,,,,,,
12.175,39,,,,,,,,,,,,,,,,,,,
12.18333,41,,,,,,,,,,,,,,,,,,,
12.19167,43,,,,,,,,,,,,,,,,,,,
12.2,45,,,,,,,,,,,,,,,,,,,
12.20833,45,,,,,,,,,,,,,,,,,,,
12.21667,44,,,,,,,,,,,,,,,,,,,
12.225,43,,,,,,,,,,,,,,,,,,,
12.23333,42,,,,,,,,,,,,,,,,,,,
12.24167,42,,,,,,,,,,,,,,,,,,,
12.25,42,,,,,,,,,,,,,,,,,,,
12.25833,42,,,,,,,,,,,,,,,,,,,
12.26667,43,,,,,,,,,,,,,,,,,,,
12.275,44,,,,,,,,,,,,,,,,,,,
12.28333,46,,,,,,,,,,,,,,,,,,,
12.29167,49,,,,,,,,,,,,,,,,,,,
12.3,50,,,,,,,,,,,,,,,,,,,
12.30833,49,,,,,,,,,,,,,,,,,,,
12.31667,48,,,,,,,,,,,,,,,,,,,
12.325,47,,,,,,,,,,,,,,,,,,,
12.33333,46,,,,,,,,,,,,,,,,,,,
12.34167,44,,,,,,,,,,,,,,,,,,,
12.35,43,,,,,,,,,,,,,,,,,,,
12.35833,42,,,,,,,,,,,,,,,,,,,
12.36667,43,,,,,,,,,,,,,,,,,,,
12.375,42,,,,,,,,,,,,,,,,,,,
12.38333,41,,,,,,,,,,,,,,,,,,,
12.39167,43,,,,,,,,,,,,,,,,,,,
12.4,46,,,,,,,,,,,,,,,,,,,
12.40833,48,,,,,,,,,,,,,,,,,,,
12.41667,47,,,,,,,,,,,,,,,,,,,
12.425,45,,,,,,,,,,,,,,,,,,,
12.43333,42,,,,,,,,,,,,,,,,,,,
12.44167,39,,,,,,,,,,,,,,,,,,,
12.45,38,,,,,,,,,,,,,,,,,,,
12.45833,38,,,,,,,,,,,,,,,,,,,
12.46667,38,,,,,,,,,,,,,,,,,,,
12.475,39,,,,,,,,,,,,,,,,,,,
12.48333,40,,,,,,,,,,,,,,,,,,,
12.49167,41,,,,,,,,,,,,,,,,,,,
12.5,41,,,,,,,,,,,,,,,,,,,
12.50833,41,,,,,,,,,,,,,,,,,,,
12.51667,40,,,,,,,,,,,,,,,,,,,
12.525,39,,,,,,,,,,,,,,,,,,,
12.53333,38,,,,,,,,,,,,,,,,,,,
12.54167,35,,,,,,,,,,,,,,,,,,,
12.55,33,,,,,,,,,,,,,,,,,,,
12.55833,30,,,,,,,,,,,,,,,,,,,
12.56667,30,,,,,,,,,,,,,,,,,,,
12.575,30,,,,,,,,,,,,,,,,,,,
12.58333,31,,,,,,,,,,,,,,,,,,,
12.59167,32,,,,,,,,,,,,,,,,,,,
12.6,32,,,,,,,,,,,,,,,,,,,
12.60833,31,,,,,,,,,,,,,,,,,,,
12.61667,30,,,,,,,,,,,,,,,,,,,
12.625,28,,,,,,,,,,,,,,,,,,,
12.63333,26,,,,,,,,,,,,,,,,,,,
12.64167,25,,,,,,,,,,,,,,,,,,,
12.65,23,,,,,,,,,,,,,,,,,,,
12.65833,21,,,,,,,,,,,,,,,,,,,
12.66667,19,,,,,,,,,,,,,,,,,,,
12.675,19,,,,,,,,,,,,,,,,,,,
12.68333,20,,,,,,,,,,,,,,,,,,,
12.69167,21,,,,,,,,,,,,,,,,,,,
12.7,21,,,,,,,,,,,,,,,,,,,
12.70833,22,,,,,,,,,,,,,,,,,,,
12.71667,22,,,,,,,,,,,,,,,,,,,
12.725,21,,,,,,,,,,,,,,,,,,,
12.73333,19,,,,,,,,,,,,,,,,,,,
12.74167,16,,,,,,,,,,,,,,,,,,,
12.75,14,,,,,,,,,,,,,,,,,,,
12.75833,12,,,,,,,,,,,,,,,,,,,
12.76667,11,,,,,,,,,,,,,,,,,,,
12.775,12,,,,,,,,,,,,,,,,,,,
12.78333,13,,,,,,,,,,,,,,,,,,,
12.79167,14,,,,,,,,,,,,,,,,,,,
12.8,14,,,,,,,,,,,,,,,,,,,
12.80833,13,,,,,,,,,,,,,,,,,,,
12.81667,12,,,,,,,,,,,,,,,,,,,
12.825,10,,,,,,,,,,,,,,,,,,,
12.83333,8,,,,,,,,,,,,,,,,,,,
12.84167,7,,,,,,,,,,,,,,,,,,,
12.85,6,,,,,,,,,,,,,,,,,,,
12.85833,5,,,,,,,,,,,,,,,,,,,
12.86667,4,,,,,,,,,,,,,,,,,,,
12.875,3,,,,,,,,,,,,,,,,,,,
12.88333,3,,,,,,,,,,,,,,,,,,,
12.89167,3,,,,,,,,,,,,,,,,,,,
12.9,4,,,,,,,,,,,,,,,,,,,
12.90833,6,,,,,,,,,,,,,,,,,,,
12.91667,6,,,,,,,,,,,,,,,,,,,
12.925,5,,,,,,,,,,,,,,,,,,,
12.93333,3,,,,,,,,,,,,,,,,,,,
12.94167,2,,,,,,,,,,,,,,,,,,,
12.95,1,,,,,,,,,,,,,,,,,,,
12.95833,0,,,,,,,,,,,,,,,,,,,
12.96667,0,,,,,,,,,,,,,,,,,,,
12.975,0,,,,,,,,,,,,,,,,,,,
12.98333,1,,,,,,,,,,,,,,,,,,,
12.99167,3,,,,,,,,,,,,,,,,,,,
13,4,,,,,,,,,,,,,,,,,,,
13.00833,5,,,,,,,,,,,,,,,,,,,
13.01667,4,,,,,,,,,,,,,,,,,,,
13.025,4,,,,,,,,,,,,,,,,,,,
13.03333,3,,,,,,,,,,,,,,,,,,,
13.04167,2,,,,,,,,,,,,,,,,,,,
13.05,1,,,,,,,,,,,,,,,,,,,
13.05833,0,,,,,,,,,,,,,,,,,,,
13.06667,-1,,,,,,,,,,,,,,,,,,,
13.075,0,,,,,,,,,,,,,,,,,,,
13.08333,1,,,,,,,,,,,,,,,,,,,
13.09167,3,,,,,,,,,,,,,,,,,,,
13.1,4,,,,,,,,,,,,,,,,,,,
13.10833,6,,,,,,,,,,,,,,,,,,,
13.11667,8,,,,,,,,,,,,,,,,,,,
13.125,7,,,,,,,,,,,,,,,,,,,
13.13333,5,,,,,,,,,,,,,,,,,,,
13.14167,3,,,,,,,,,,,,,,,,,,,
13.15,2,,,,,,,,,,,,,,,,,,,
13.15833,1,,,,,,,,,,,,,,,,,,,
13.16667,0,,,,,,,,,,,,,,,,,,,
13.175,0,,,,,,,,,,,,,,,,,,,
13.18333,-1,,,,,,,,,,,,,,,,,,,
13.19167,0,,,,,,,,,,,,,,,,,,,
13.2,2,,,,,,,,,,,,,,,,,,,
13.20833,4,,,,,,,,,,,,,,,,,,,
13.21667,6,,,,,,,,,,,,,,,,,,,
13.225,7,,,,,,,,,,,,,,,,,,,
13.23333,6,,,,,,,,,,,,,,,,,,,
13.24167,4,,,,,,,,,,,,,,,,,,,
13.25,3,,,,,,,,,,,,,,,,,,,
13.25833,3,,,,,,,,,,,,,,,,,,,
13.26667,3,,,,,,,,,,,,,,,,,,,
13.275,4,,,,,,,,,,,,,,,,,,,
13.28333,6,,,,,,,,,,,,,,,,,,,
13.29167,7,,,,,,,,,,,,,,,,,,,
13.3,9,,,,,,,,,,,,,,,,,,,
13.30833,11,,,,,,,,,,,,,,,,,,,
13.31667,11,,,,,,,,,,,,,,,,,,,
13.325,12,,,,,,,,,,,,,,,,,,,
13.33333,11,,,,,,,,,,,,,,,,,,,
13.34167,11,,,,,,,,,,,,,,,,,,,
13.35,10,,,,,,,,,,,,,,,,,,,
13.35833,8,,,,,,,,,,,,,,,,,,,
13.36667,7,,,,,,,,,,,,,,,,,,,
13.375,7,,,,,,,,,,,,,,,,,,,
13.38333,10,,,,,,,,,,,,,,,,,,,
13.39167,12,,,,,,,,,,,,,,,,,,,
13.4,12,,,,,,,,,,,,,,,,,,,
13.40833,13,,,,,,,,,,,,,,,,,,,
13.41667,13,,,,,,,,,,,,,,,,,,,
13.425,15,,,,,,,,,,,,,,,,,,,
13.43333,15,,,,,,,,,,,,,,,,,,,
13.44167,14,,,,,,,,,,,,,,,,,,,
13.45,14,,,,,,,,,,,,,,,,,,,
13.45833,13,,,,,,,,,,,,,,,,,,,
13.46667,12,,,,,,,,,,,,,,,,,,,
13.475,12,,,,,,,,,,,,,,,,,,,
13.48333,12,,,,,,,,,,,,,,,,,,,
13.49167,14,,,,,,,,,,,,,,,,,,,
13.5,15,,,,,,,,,,,,,,,,,,,
13.50833,16,,,,,,,,,,,,,,,,,,,
13.51667,18,,,,,,,,,,,,,,,,,,,
13.525,19,,,,,,,,,,,,,,,,,,,
13.53333,18,,,,,,,,,,,,,,,,,,,
13.54167,17,,,,,,,,,,,,,,,,,,,
13.55,16,,,,,,,,,,,,,,,,,,,
13.55833,15,,,,,,,,,,,,,,,,,,,
13.56667,14,,,,,,,,,,,,,,,,,,,
13.575,13,,,,,,,,,,,,,,,,,,,
13.58333,14,,,,,,,,,,,,,,,,,,,
13.59167,15,,,,,,,,,,,,,,,,,,,
13.6,17,,,,,,,,,,,,,,,,,,,
13.60833,18,,,,,,,,,,,,,,,,,,,
13.61667,18,,,,,,,,,,,,,,,,,,,
13.625,19,,,,,,,,,,,,,,,,,,,
13.63333,20,,,,,,,,,,,,,,,,,,,
13.64167,19,,,,,,,,,,,,,,,,,,,
13.65,18,,,,,,,,,,,,,,,,,,,
13.65833,16,,,,,,,,,,,,,,,,,,,
13.66667,15,,,,,,,,,,,,,,,,,,,
13.675,12,,,,,,,,,,,,,,,,,,,
13.68333,12,,,,,,,,,,,,,,,,,,,
13.69167,13,,,,,,,,,,,,,,,,,,,
13.7,14,,,,,,,,,,,,,,,,,,,
13.70833,15,,,,,,,,,,,,,,,,,,,
13.71667,16,,,,,,,,,,,,,,,,,,,
13.725,16,,,,,,,,,,,,,,,,,,,
13.73333,15,,,,,,,,,,,,,,,,,,,
13.74167,15,,,,,,,,,,,,,,,,,,,
13.75,13,,,,,,,,,,,,,,,,,,,
13.75833,12,,,,,,,,,,,,,,,,,,,
13.76667,10,,,,,,,,,,,,,,,,,,,
13.775,9,,,,,,,,,,,,,,,,,,,
13.78333,8,,,,,,,,,,,,,,,,,,,
13.79167,9,,,,,,,,,,,,,,,,,,,
13.8,9,,,,,,,,,,,,,,,,,,,
13.80833,10,,,,,,,,,,,,,,,,,,,
13.81667,10,,,,,,,,,,,,,,,,,,,
13.825,11,,,,,,,,,,,,,,,,,,,
13.83333,11,,,,,,,,,,,,,,,,,,,
13.84167,11,,,,,,,,,,,,,,,,,,,
13.85,10,,,,,,,,,,,,,,,,,,,
13.85833,8,,,,,,,,,,,,,,,,,,,
13.86667,5,,,,,,,,,,,,,,,,,,,
13.875,2,,,,,,,,,,,,,,,,,,,
13.88333,-1,,,,,,,,,,,,,,,,,,,
13.89167,-1,,,,,,,,,,,,,,,,,,,
13.9,-1,,,,,,,,,,,,,,,,,,,
13.90833,1,,,,,,,,,,,,,,,,,,,
13.91667,3,,,,,,,,,,,,,,,,,,,
13.925,5,,,,,,,,,,,,,,,,,,,
13.93333,5,,,,,,,,,,,,,,,,,,,
13.94167,4,,,,,,,,,,,,,,,,,,,
13.95,2,,,,,,,,,,,,,,,,,,,
13.95833,-1,,,,,,,,,,,,,,,,,,,
13.96667,-3,,,,,,,,,,,,,,,,,,,
13.975,-5,,,,,,,,,,,,,,,,,,,
13.98333,-6,,,,,,,,,,,,,,,,,,,
13.99167,-6,,,,,,,,,,,,,,,,,,,
14,-5,,,,,,,,,,,,,,,,,,,
14.00833,-4,,,,,,,,,,,,,,,,,,,
14.01667,-3,,,,,,,,,,,,,,,,,,,
14.025,-2,,,,,,,,,,,,,,,,,,,
14.03333,-2,,,,,,,,,,,,,,,,,,,
14.04167,-3,,,,,,,,,,,,,,,,,,,
14.05,-6,,,,,,,,,,,,,,,,,,,
14.05833,-8,,,,,,,,,,,,,,,,,,,
14.06667,-10,,,,,,,,,,,,,,,,,,,
14.075,-12,,,,,,,,,,,,,,,,,,,
14.08333,-12,,,,,,,,,,,,,,,,,,,
14.09167,-10,,,,,,,,,,,,,,,,,,,
14.1,-8,,,,,,,,,,,,,,,,,,,
14.10833,-6,,,,,,,,,,,,,,,,,,,
14.11667,-5,,,,,,,,,,,,,,,,,,,
14.125,-4,,,,,,,,,,,,,,,,,,,
14.13333,-4,,,,,,,,,,,,,,,,,,,
14.14167,-5,,,,,,,,,,,,,,,,,,,
14.15,-6,,,,,,,,,,,,,,,,,,,
14.15833,-9,,,,,,,,,,,,,,,,,,,
14.16667,-11,,,,,,,,,,,,,,,,,,,
14.175,-14,,,,,,,,,,,,,,,,,,,
14.18333,-14,,,,,,,,,,,,,,,,,,,
14.19167,-14,,,,,,,,,,,,,,,,,,,
14.2,-13,,,,,,,,,,,,,,,,,,,
14.20833,-13,,,,,,,,,,,,,,,,,,,
14.21667,-13,,,,,,,,,,,,,,,,,,,
14.225,-12,,,,,,,,,,,,,,,,,,,
14.23333,-10,,,,,,,,,,,,,,,,,,,
14.24167,-10,,,,,,,,,,,,,,,,,,,
14.25,-10,,,,,,,,,,,,,,,,,,,
14.25833,-11,,,,,,,,,,,,,,,,,,,
14.26667,-13,,,,,,,,,,,,,,,,,,,
14.275,-16,,,,,,,,,,,,,,,,,,,
14.28333,-18,,,,,,,,,,,,,,,,,,,
14.29167,-17,,,,,,,,,,,,,,,,,,,
14.3,-16,,,,,,,,,,,,,,,,,,,
14.30833,-15,,,,,,,,,,,,,,,,,,,
14.31667,-13,,,,,,,,,,,,,,,,,,,
14.325,-12,,,,,,,,,,,,,,,,,,,
14.33333,-10,,,,,,,,,,,,,,,,,,,
14.34167,-9,,,,,,,,,,,,,,,,,,,
14.35,-9,,,,,,,,,,,,,,,,,,,
14.35833,-11,,,,,,,,,,,,,,,,,,,
14.36667,-15,,,,,,,,,,,,,,,,,,,
14.375,-19,,,,,,,,,,,,,,,,,,,
14.38333,-20,,,,,,,,,,,,,,,,,,,
14.39167,-20,,,,,,,,,,,,,,,,,,,
14.4,-19,,,,,,,,,,,,,,,,,,,
14.40833,-17,,,,,,,,,,,,,,,,,,,
14.41667,-15,,,,,,,,,,,,,,,,,,,
14.425,-14,,,,,,,,,,,,,,,,,,,
14.43333,-13,,,,,,,,,,,,,,,,,,,
14.44167,-12,,,,,,,,,,,,,,,,,,,
14.45,-13,,,,,,,,,,,,,,,,,,,
14.45833,-15,,,,,,,,,,,,,,,,,,,
14.46667,-15,,,,,,,,,,,,,,,,,,,
14.475,-16,,,,,,,,,,,,,,,,,,,
14.48333,-17,,,,,,,,,,,,,,,,,,,
14.49167,-17,,,,,,,,,,,,,,,,,,,
14.5,-16,,,,,,,,,,,,,,,,,,,
14.50833,-14,,,,,,,,,,,,,,,,,,,
14.51667,-12,,,,,,,,,,,,,,,,,,,
14.525,-10,,,,,,,,,,,,,,,,,,,
14.53333,-10,,,,,,,,,,,,,,,,,,,
14.54167,-10,,,,,,,,,,,,,,,,,,,
14.55,-11,,,,,,,,,,,,,,,,,,,
14.55833,-11,,,,,,,,,,,,,,,,,,,
14.56667,-12,,,,,,,,,,,,,,,,,,,
14.575,-14,,,,,,,,,,,,,,,,,,,
14.58333,-16,,,,,,,,,,,,,,,,,,,
14.59167,-17,,,,,,,,,,,,,,,,,,,
14.6,-16,,,,,,,,,,,,,,,,,,,
14.60833,-14,,,,,,,,,,,,,,,,,,,
14.61667,-13,,,,,,,,,,,,,,,,,,,
14.625,-11,,,,,,,,,,,,,,,,,,,
14.63333,-9,,,,,,,,,,,,,,,,,,,
14.64167,-8,,,,,,,,,,,,,,,,,,,
14.65,-8,,,,,,,,,,,,,,,,,,,
14.65833,-8,,,,,,,,,,,,,,,,,,,
14.66667,-10,,,,,,,,,,,,,,,,,,,
14.675,-12,,,,,,,,,,,,,,,,,,,
14.68333,-12,,,,,,,,,,,,,,,,,,,
14.69167,-12,,,,,,,,,,,,,,,,,,,
14.7,-12,,,,,,,,,,,,,,,,,,,
14.70833,-11,,,,,,,,,,,,,,,,,,,
14.71667,-8,,,,,,,,,,,,,,,,,,,
14.725,-5,,,,,,,,,,,,,,,,,,,
14.73333,-3,,,,,,,,,,,,,,,,,,,
14.74167,-2,,,,,,,,,,,,,,,,,,,
14.75,0,,,,,,,,,,,,,,,,,,,
14.75833,1,,,,,,,,,,,,,,,,,,,
14.76667,0,,,,,,,,,,,,,,,,,,,
14.775,-1,,,,,,,,,,,,,,,,,,,
14.78333,-3,,,,,,,,,,,,,,,,,,,
14.79167,-3,,,,,,,,,,,,,,,,,,,
14.8,-3,,,,,,,,,,,,,,,,,,,
14.80833,-1,,,,,,,,,,,,,,,,,,,
14.81667,1,,,,,,,,,,,,,,,,,,,
14.825,3,,,,,,,,,,,,,,,,,,,
14.83333,6,,,,,,,,,,,,,,,,,,,
14.84167,8,,,,,,,,,,,,,,,,,,,
14.85,10,,,,,,,,,,,,,,,,,,,
14.85833,10,,,,,,,,,,,,,,,,,,,
14.86667,10,,,,,,,,,,,,,,,,,,,
14.875,10,,,,,,,,,,,,,,,,,,,
14.88333,9,,,,,,,,,,,,,,,,,,,
14.89167,9,,,,,,,,,,,,,,,,,,,
14.9,8,,,,,,,,,,,,,,,,,,,
14.90833,9,,,,,,,,,,,,,,,,,,,
14.91667,11,,,,,,,,,,,,,,,,,,,
14.925,12,,,,,,,,,,,,,,,,,,,
14.93333,14,,,,,,,,,,,,,,,,,,,
14.94167,15,,,,,,,,,,,,,,,,,,,
14.95,17,,,,,,,,,,,,,,,,,,,
14.95833,17,,,,,,,,,,,,,,,,,,,
14.96667,16,,,,,,,,,,,,,,,,,,,
14.975,14,,,,,,,,,,,,,,,,,,,
14.98333,12,,,,,,,,,,,,,,,,,,,
14.99167,11,,,,,,,,,,,,,,,,,,,
15,11,,,,,,,,,,,,,,,,,,,
15.00833,11,,,,,,,,,,,,,,,,,,,
15.01667,13,,,,,,,,,,,,,,,,,,,
15.025,14,,,,,,,,,,,,,,,,,,,
15.03333,15,,,,,,,,,,,,,,,,,,,
15.04167,15,,,,,,,,,,,,,,,,,,,
15.05,16,,,,,,,,,,,,,,,,,,,
15.05833,15,,,,,,,,,,,,,,,,,,,
15.06667,13,,,,,,,,,,,,,,,,,,,
15.075,10,,,,,,,,,,,,,,,,,,,
15.08333,8,,,,,,,,,,,,,,,,,,,
15.09167,5,,,,,,,,,,,,,,,,,,,
15.1,5,,,,,,,,,,,,,,,,,,,
15.10833,5,,,,,,,,,,,,,,,,,,,
15.11667,4,,,,,,,,,,,,,,,,,,,
15.125,4,,,,,,,,,,,,,,,,,,,
15.13333,5,,,,,,,,,,,,,,,,,,,
15.14167,6,,,,,,,,,,,,,,,,,,,
15.15,7,,,,,,,,,,,,,,,,,,,
15.15833,6,,,,,,,,,,,,,,,,,,,
15.16667,5,,,,,,,,,,,,,,,,,,,
15.175,3,,,,,,,,,,,,,,,,,,,
15.18333,1,,,,,,,,,,,,,,,,,,,
15.19167,0,,,,,,,,,,,,,,,,,,,
15.2,-2,,,,,,,,,,,,,,,,,,,
15.20833,-2,,,,,,,,,,,,,,,,,,,
15.21667,-2,,,,,,,,,,,,,,,,,,,
15.225,-2,,,,,,,,,,,,,,,,,,,
15.23333,0,,,,,,,,,,,,,,,,,,,
15.24167,1,,,,,,,,,,,,,,,,,,,
15.25,1,,,,,,,,,,,,,,,,,,,
15.25833,0,,,,,,,,,,,,,,,,,,,
15.26667,0,,,,,,,,,,,,,,,,,,,
15.275,-2,,,,,,,,,,,,,,,,,,,
15.28333,-4,,,,,,,,,,,,,,,,,,,
15.29167,-6,,,,,,,,,,,,,,,,,,,
15.3,-8,,,,,,,,,,,,,,,,,,,
15.30833,-8,,,,,,,,,,,,,,,,,,,
15.31667,-7,,,,,,,,,,,,,,,,,,,
15.325,-5,,,,,,,,,,,,,,,,,,,
15.33333,-3,,,,,,,,,,,,,,,,,,,
15.34167,-2,,,,,,,,,,,,,,,,,,,
15.35,-1,,,,,,,,,,,,,,,,,,,
15.35833,0,,,,,,,,,,,,,,,,,,,
15.36667,0,,,,,,,,,,,,,,,,,,,
15.375,-2,,,,,,,,,,,,,,,,,,,
15.38333,-4,,,,,,,,,,,,,,,,,,,
15.39167,-6,,,,,,,,,,,,,,,,,,,
15.4,-6,,,,,,,,,,,,,,,,,,,
15.40833,-6,,,,,,,,,,,,,,,,,,,
15.41667,-4,,,,,,,,,,,,,,,,,,,
15.425,-2,,,,,,,,,,,,,,,,,,,
15.43333,0,,,,,,,,,,,,,,,,,,,
15.44167,2,,,,,,,,,,,,,,,,,,,
15.45,4,,,,,,,,,,,,,,,,,,,
15.45833,3,,,,,,,,,,,,,,,,,,,
15.46667,3,,,,,,,,,,,,,,,,,,,
15.475,3,,,,,,,,,,,,,,,,,,,
15.48333,3,,,,,,,,,,,,,,,,,,,
15.49167,2,,,,,,,,,,,,,,,,,,,
15.5,2,,,,,,,,,,,,,,,,,,,
15.50833,2,,,,,,,,,,,,,,,,,,,
15.51667,3,,,,,,,,,,,,,,,,,,,
15.525,5,,,,,,,,,,,,,,,,,,,
15.53333,7,,,,,,,,,,,,,,,,,,,
15.54167,9,,,,,,,,,,,,,,,,,,,
15.55,10,,,,,,,,,,,,,,,,,,,
15.55833,11,,,,,,,,,,,,,,,,,,,
15.56667,12,,,,,,,,,,,,,,,,,,,
15.575,13,,,,,,,,,,,,,,,,,,,
15.58333,11,,,,,,,,,,,,,,,,,,,
15.59167,9,,,,,,,,,,,,,,,,,,,
15.6,8,,,,,,,,,,,,,,,,,,,
15.60833,7,,,,,,,,,,,,,,,,,,,
15.61667,6,,,,,,,,,,,,,,,,,,,
15.625,7,,,,,,,,,,,,,,,,,,,
15.63333,9,,,,,,,,,,,,,,,,,,,
15.64167,11,,,,,,,,,,,,,,,,,,,
15.65,13,,,,,,,,,,,,,,,,,,,
15.65833,14,,,,,,,,,,,,,,,,,,,
15.66667,14,,,,,,,,,,,,,,,,,,,
15.675,12,,,,,,,,,,,,,,,,,,,
15.68333,11,,,,,,,,,,,,,,,,,,,
15.69167,10,,,,,,,,,,,,,,,,,,,
15.7,9,,,,,,,,,,,,,,,,,,,
15.70833,9,,,,,,,,,,,,,,,,,,,
15.71667,9,,,,,,,,,,,,,,,,,,,
15.725,10,,,,,,,,,,,,,,,,,,,
15.73333,11,,,,,,,,,,,,,,,,,,,
15.74167,13,,,,,,,,,,,,,,,,,,,
15.75,15,,,,,,,,,,,,,,,,,,,
15.75833,18,,,,,,,,,,,,,,,,,,,
15.76667,18,,,,,,,,,,,,,,,,,,,
15.775,18,,,,,,,,,,,,,,,,,,,
15.78333,15,,,,,,,,,,,,,,,,,,,
15.79167,13,,,,,,,,,,,,,,,,,,,
15.8,12,,,,,,,,,,,,,,,,,,,
15.80833,11,,,,,,,,,,,,,,,,,,,
15.81667,11,,,,,,,,,,,,,,,,,,,
15.825,12,,,,,,,,,,,,,,,,,,,
15.83333,13,,,,,,,,,,,,,,,,,,,
15.84167,15,,,,,,,,,,,,,,,,,,,
15.85,16,,,,,,,,,,,,,,,,,,,
15.85833,17,,,,,,,,,,,,,,,,,,,
15.86667,16,,,,,,,,,,,,,,,,,,,
15.875,15,,,,,,,,,,,,,,,,,,,
15.88333,13,,,,,,,,,,,,,,,,,,,
15.89167,11,,,,,,,,,,,,,,,,,,,
15.9,9,,,,,,,,,,,,,,,,,,,
15.90833,8,,,,,,,,,,,,,,,,,,,
15.91667,7,,,,,,,,,,,,,,,,,,,
15.925,9,,,,,,,,,,,,,,,,,,,
15.93333,11,,,,,,,,,,,,,,,,,,,
15.94167,12,,,,,,,,,,,,,,,,,,,
15.95,13,,,,,,,,,,,,,,,,,,,
15.95833,14,,,,,,,,,,,,,,,,,,,
15.96667,14,,,,,,,,,,,,,,,,,,,
15.975,14,,,,,,,,,,,,,,,,,,,
15.98333,12,,,,,,,,,,,,,,,,,,,
15.99167,10,,,,,,,,,,,,,,,,,,,
16,7,,,,,,,,,,,,,,,,,,,
16.00833,5,,,,,,,,,,,,,,,,,,,
16.01667,4,,,,,,,,,,,,,,,,,,,
16.025,3,,,,,,,,,,,,,,,,,,,
16.03333,2,,,,,,,,,,,,,,,,,,,
16.04167,2,,,,,,,,,,,,,,,,,,,
16.05,2,,,,,,,,,,,,,,,,,,,
16.05833,2,,,,,,,,,,,,,,,,,,,
16.06667,2,,,,,,,,,,,,,,,,,,,
16.075,0,,,,,,,,,,,,,,,,,,,
16.08333,-2,,,,,,,,,,,,,,,,,,,
16.09167,-3,,,,,,,,,,,,,,,,,,,
16.1,-5,,,,,,,,,,,,,,,,,,,
16.10833,-7,,,,,,,,,,,,,,,,,,,
16.11667,-9,,,,,,,,,,,,,,,,,,,
16.125,-10,,,,,,,,,,,,,,,,,,,
16.13333,-10,,,,,,,,,,,,,,,,,,,
16.14167,-10,,,,,,,,,,,,,,,,,,,
16.15,-9,,,,,,,,,,,,,,,,,,,
16.15833,-8,,,,,,,,,,,,,,,,,,,
16.16667,-9,,,,,,,,,,,,,,,,,,,
16.175,-10,,,,,,,,,,,,,,,,,,,
16.18333,-12,,,,,,,,,,,,,,,,,,,
16.19167,-15,,,,,,,,,,,,,,,,,,,
16.2,-18,,,,,,,,,,,,,,,,,,,
16.20833,-21,,,,,,,,,,,,,,,,,,,
16.21667,-23,,,,,,,,,,,,,,,,,,,
16.225,-24,,,,,,,,,,,,,,,,,,,
16.23333,-23,,,,,,,,,,,,,,,,,,,
16.24167,-21,,,,,,,,,,,,,,,,,,,
16.25,-20,,,,,,,,,,,,,,,,,,,
16.25833,-18,,,,,,,,,,,,,,,,,,,
16.26667,-19,,,,,,,,,,,,,,,,,,,
16.275,-18,,,,,,,,,,,,,,,,,,,
16.28333,-19,,,,,,,,,,,,,,,,,,,
16.29167,-20,,,,,,,,,,,,,,,,,,,
16.3,-22,,,,,,,,,,,,,,,,,,,
16.30833,-25,,,,,,,,,,,,,,,,,,,
16.31667,-28,,,,,,,,,,,,,,,,,,,
16.325,-30,,,,,,,,,,,,,,,,,,,
16.33333,-31,,,,,,,,,,,,,,,,,,,
16.34167,-31,,,,,,,,,,,,,,,,,,,
16.35,-29,,,,,,,,,,,,,,,,,,,
16.35833,-28,,,,,,,,,,,,,,,,,,,
16.36667,-26,,,,,,,,,,,,,,,,,,,
16.375,-26,,,,,,,,,,,,,,,,,,,
16.38333,-26,,,,,,,,,,,,,,,,,,,
16.39167,-28,,,,,,,,,,,,,,,,,,,
16.4,-31,,,,,,,,,,,,,,,,,,,
16.40833,-33,,,,,,,,,,,,,,,,,,,
16.41667,-35,,,,,,,,,,,,,,,,,,,
16.425,-36,,,,,,,,,,,,,,,,,,,
16.43333,-35,,,,,,,,,,,,,,,,,,,
16.44167,-32,,,,,,,,,,,,,,,,,,,
16.45,-29,,,,,,,,,,,,,,,,,,,
16.45833,-26,,,,,,,,,,,,,,,,,,,
16.46667,-24,,,,,,,,,,,,,,,,,,,
16.475,-23,,,,,,,,,,,,,,,,,,,
16.48333,-24,,,,,,,,,,,,,,,,,,,
16.49167,-26,,,,,,,,,,,,,,,,,,,
16.5,-29,,,,,,,,,,,,,,,,,,,
16.50833,-32,,,,,,,,,,,,,,,,,,,
16.51667,-34,,,,,,,,,,,,,,,,,,,
16.525,-34,,,,,,,,,,,,,,,,,,,
16.53333,-33,,,,,,,,,,,,,,,,,,,
16.54167,-31,,,,,,,,,,,,,,,,,,,
16.55,-31,,,,,,,,,,,,,,,,,,,
16.55833,-29,,,,,,,,,,,,,,,,,,,
16.56667,-29,,,,,,,,,,,,,,,,,,,
16.575,-29,,,,,,,,,,,,,,,,,,,
16.58333,-29,,,,,,,,,,,,,,,,,,,
16.59167,-30,,,,,,,,,,,,,,,,,,,
16.6,-31,,,,,,,,,,,,,,,,,,,
16.60833,-33,,,,,,,,,,,,,,,,,,,
16.61667,-35,,,,,,,,,,,,,,,,,,,
16.625,-36,,,,,,,,,,,,,,,,,,,
16.63333,-37,,,,,,,,,,,,,,,,,,,
16.64167,-37,,,,,,,,,,,,,,,,,,,
16.65,-36,,,,,,,,,,,,,,,,,,,
16.65833,-35,,,,,,,,,,,,,,,,,,,
16.66667,-34,,,,,,,,,,,,,,,,,,,
16.675,-33,,,,,,,,,,,,,,,,,,,
16.68333,-34,,,,,,,,,,,,,,,,,,,
16.69167,-34,,,,,,,,,,,,,,,,,,,
16.7,-35,,,,,,,,,,,,,,,,,,,
16.70833,-37,,,,,,,,,,,,,,,,,,,
16.71667,-37,,,,,,,,,,,,,,,,,,,
16.725,-36,,,,,,,,,,,,,,,,,,,
16.73333,-36,,,,,,,,,,,,,,,,,,,
16.74167,-35,,,,,,,,,,,,,,,,,,,
16.75,-33,,,,,,,,,,,,,,,,,,,
16.75833,-32,,,,,,,,,,,,,,,,,,,
16.76667,-32,,,,,,,,,,,,,,,,,,,
16.775,-30,,,,,,,,,,,,,,,,,,,
16.78333,-29,,,,,,,,,,,,,,,,,,,
16.79167,-30,,,,,,,,,,,,,,,,,,,
16.8,-31,,,,,,,,,,,,,,,,,,,
16.80833,-33,,,,,,,,,,,,,,,,,,,
16.81667,-34,,,,,,,,,,,,,,,,,,,
16.825,-35,,,,,,,,,,,,,,,,,,,
16.83333,-35,,,,,,,,,,,,,,,,,,,
16.84167,-34,,,,,,,,,,,,,,,,,,,
16.85,-34,,,,,,,,,,,,,,,,,,,
16.85833,-32,,,,,,,,,,,,,,,,,,,
16.86667,-30,,,,,,,,,,,,,,,,,,,
16.875,-28,,,,,,,,,,,,,,,,,,,
16.88333,-28,,,,,,,,,,,,,,,,,,,
16.89167,-29,,,,,,,,,,,,,,,,,,,
16.9,-31,,,,,,,,,,,,,,,,,,,
16.90833,-33,,,,,,,,,,,,,,,,,,,
16.91667,-34,,,,,,,,,,,,,,,,,,,
16.925,-33,,,,,,,,,,,,,,,,,,,
16.93333,-32,,,,,,,,,,,,,,,,,,,
16.94167,-31,,,,,,,,,,,,,,,,,,,
16.95,-28,,,,,,,,,,,,,,,,,,,
16.95833,-25,,,,,,,,,,,,,,,,,,,
16.96667,-23,,,,,,,,,,,,,,,,,,,
16.975,-21,,,,,,,,,,,,,,,,,,,
16.98333,-21,,,,,,,,,,,,,,,,,,,
16.99167,-20,,,,,,,,,,,,,,,,,,,
17,-19,,,,,,,,,,,,,,,,,,,
17.00833,-19,,,,,,,,,,,,,,,,,,,
17.01667,-19,,,,,,,,,,,,,,,,,,,
17.025,-18,,,,,,,,,,,,,,,,,,,
17.03333,-17,,,,,,,,,,,,,,,,,,,
17.04167,-16,,,,,,,,,,,,,,,,,,,
17.05,-13,,,,,,,,,,,,,,,,,,,
17.05833,-11,,,,,,,,,,,,,,,,,,,
17.06667,-8,,,,,,,,,,,,,,,,,,,
17.075,-5,,,,,,,,,,,,,,,,,,,
17.08333,-3,,,,,,,,,,,,,,,,,,,
17.09167,-2,,,,,,,,,,,,,,,,,,,
17.1,-1,,,,,,,,,,,,,,,,,,,
17.10833,-1,,,,,,,,,,,,,,,,,,,
17.11667,0,,,,,,,,,,,,,,,,,,,
17.125,2,,,,,,,,,,,,,,,,,,,
17.13333,3,,,,,,,,,,,,,,,,,,,
17.14167,5,,,,,,,,,,,,,,,,,,,
17.15,9,,,,,,,,,,,,,,,,,,,
17.15833,13,,,,,,,,,,,,,,,,,,,
17.16667,18,,,,,,,,,,,,,,,,,,,
17.175,22,,,,,,,,,,,,,,,,,,,
17.18333,25,,,,,,,,,,,,,,,,,,,
17.19167,27,,,,,,,,,,,,,,,,,,,
17.2,30,,,,,,,,,,,,,,,,,,,
17.20833,32,,,,,,,,,,,,,,,,,,,
17.21667,33,,,,,,,,,,,,,,,,,,,
17.225,33,,,,,,,,,,,,,,,,,,,
17.23333,34,,,,,,,,,,,,,,,,,,,
17.24167,37,,,,,,,,,,,,,,,,,,,
17.25,41,,,,,,,,,,,,,,,,,,,
17.25833,43,,,,,,,,,,,,,,,,,,,
17.26667,47,,,,,,,,,,,,,,,,,,,
17.275,51,,,,,,,,,,,,,,,,,,,
17.28333,55,,,,,,,,,,,,,,,,,,,
17.29167,58,,,,,,,,,,,,,,,,,,,
17.3,61,,,,,,,,,,,,,,,,,,,
17.30833,64,,,,,,,,,,,,,,,,,,,
17.31667,66,,,,,,,,,,,,,,,,,,,
17.325,66,,,,,,,,,,,,,,,,,,,
17.33333,66,,,,,,,,,,,,,,,,,,,
17.34167,68,,,,,,,,,,,,,,,,,,,
17.35,70,,,,,,,,,,,,,,,,,,,
17.35833,73,,,,,,,,,,,,,,,,,,,
17.36667,77,,,,,,,,,,,,,,,,,,,
17.375,80,,,,,,,,,,,,,,,,,,,
17.38333,83,,,,,,,,,,,,,,,,,,,
17.39167,85,,,,,,,,,,,,,,,,,,,
17.4,85,,,,,,,,,,,,,,,,,,,
17.40833,86,,,,,,,,,,,,,,,,,,,
17.41667,86,,,,,,,,,,,,,,,,,,,
17.425,86,,,,,,,,,,,,,,,,,,,
17.43333,86,,,,,,,,,,,,,,,,,,,
17.44167,87,,,,,,,,,,,,,,,,,,,
17.45,88,,,,,,,,,,,,,,,,,,,
17.45833,90,,,,,,,,,,,,,,,,,,,
17.46667,93,,,,,,,,,,,,,,,,,,,
17.475,93,,,,,,,,,,,,,,,,,,,
17.48333,95,,,,,,,,,,,,,,,,,,,
17.49167,95,,,,,,,,,,,,,,,,,,,
17.5,93,,,,,,,,,,,,,,,,,,,
17.50833,91,,,,,,,,,,,,,,,,,,,
17.51667,90,,,,,,,,,,,,,,,,,,,
17.525,87,,,,,,,,,,,,,,,,,,,
17.53333,85,,,,,,,,,,,,,,,,,,,
17.54167,83,,,,,,,,,,,,,,,,,,,
17.55,81,,,,,,,,,,,,,,,,,,,
17.55833,81,,,,,,,,,,,,,,,,,,,
17.56667,81,,,,,,,,,,,,,,,,,,,
17.575,81,,,,,,,,,,,,,,,,,,,
17.58333,82,,,,,,,,,,,,,,,,,,,
17.59167,81,,,,,,,,,,,,,,,,,,,
17.6,80,,,,,,,,,,,,,,,,,,,
17.60833,78,,,,,,,,,,,,,,,,,,,
17.61667,74,,,,,,,,,,,,,,,,,,,
17.625,71,,,,,,,,,,,,,,,,,,,
17.63333,67,,,,,,,,,,,,,,,,,,,
17.64167,64,,,,,,,,,,,,,,,,,,,
17.65,61,,,,,,,,,,,,,,,,,,,
17.65833,59,,,,,,,,,,,,,,,,,,,
17.66667,59,,,,,,,,,,,,,,,,,,,
17.675,58,,,,,,,,,,,,,,,,,,,
17.68333,57,,,,,,,,,,,,,,,,,,,
17.69167,56,,,,,,,,,,,,,,,,,,,
17.7,54,,,,,,,,,,,,,,,,,,,
17.70833,51,,,,,,,,,,,,,,,,,,,
17.71667,47,,,,,,,,,,,,,,,,,,,
17.725,43,,,,,,,,,,,,,,,,,,,
17.73333,39,,,,,,,,,,,,,,,,,,,
17.74167,35,,,,,,,,,,,,,,,,,,,
17.75,33,,,,,,,,,,,,,,,,,,,
17.75833,31,,,,,,,,,,,,,,,,,,,
17.76667,29,,,,,,,,,,,,,,,,,,,
17.775,29,,,,,,,,,,,,,,,,,,,
17.78333,28,,,,,,,,,,,,,,,,,,,
17.79167,26,,,,,,,,,,,,,,,,,,,
17.8,23,,,,,,,,,,,,,,,,,,,
17.80833,21,,,,,,,,,,,,,,,,,,,
17.81667,19,,,,,,,,,,,,,,,,,,,
17.825,16,,,,,,,,,,,,,,,,,,,
17.83333,13,,,,,,,,,,,,,,,,,,,
17.84167,12,,,,,,,,,,,,,,,,,,,
17.85,11,,,,,,,,,,,,,,,,,,,
17.85833,10,,,,,,,,,,,,,,,,,,,
17.86667,9,,,,,,,,,,,,,,,,,,,
17.875,8,,,,,,,,,,,,,,,,,,,
17.88333,9,,,,,,,,,,,,,,,,,,,
17.89167,9,,,,,,,,,,,,,,,,,,,
17.9,10,,,,,,,,,,,,,,,,,,,
17.90833,8,,,,,,,,,,,,,,,,,,,
17.91667,6,,,,,,,,,,,,,,,,,,,
17.925,4,,,,,,,,,,,,,,,,,,,
17.93333,1,,,,,,,,,,,,,,,,,,,
17.94167,0,,,,,,,,,,,,,,,,,,,
17.95,-1,,,,,,,,,,,,,,,,,,,
17.95833,-2,,,,,,,,,,,,,,,,,,,
17.96667,-1,,,,,,,,,,,,,,,,,,,
17.975,1,,,,,,,,,,,,,,,,,,,
17.98333,2,,,,,,,,,,,,,,,,,,,
17.99167,3,,,,,,,,,,,,,,,,,,,
18,3,,,,,,,,,,,,,,,,,,,
18.00833,4,,,,,,,,,,,,,,,,,,,
18.01667,5,,,,,,,,,,,,,,,,,,,
18.025,4,,,,,,,,,,,,,,,,,,,
18.03333,4,,,,,,,,,,,,,,,,,,,
18.04167,5,,,,,,,,,,,,,,,,,,,
18.05,6,,,,,,,,,,,,,,,,,,,
18.05833,9,,,,,,,,,,,,,,,,,,,
18.06667,12,,,,,,,,,,,,,,,,,,,
18.075,15,,,,,,,,,,,,,,,,,,,
18.08333,18,,,,,,,,,,,,,,,,,,,
18.09167,22,,,,,,,,,,,,,,,,,,,
18.1,26,,,,,,,,,,,,,,,,,,,
18.10833,29,,,,,,,,,,,,,,,,,,,
18.11667,30,,,,,,,,,,,,,,,,,,,
18.125,32,,,,,,,,,,,,,,,,,,,
18.13333,35,,,,,,,,,,,,,,,,,,,
18.14167,39,,,,,,,,,,,,,,,,,,,
18.15,44,,,,,,,,,,,,,,,,,,,
18.15833,49,,,,,,,,,,,,,,,,,,,
18.16667,55,,,,,,,,,,,,,,,,,,,
18.175,60,,,,,,,,,,,,,,,,,,,
18.18333,67,,,,,,,,,,,,,,,,,,,
18.19167,73,,,,,,,,,,,,,,,,,,,
18.2,80,,,,,,,,,,,,,,,,,,,
18.20833,86,,,,,,,,,,,,,,,,,,,
18.21667,92,,,,,,,,,,,,,,,,,,,
18.225,99,,,,,,,,,,,,,,,,,,,
18.23333,105,,,,,,,,,,,,,,,,,,,
18.24167,112,,,,,,,,,,,,,,,,,,,
18.25,119,,,,,,,,,,,,,,,,,,,
18.25833,128,,,,,,,,,,,,,,,,,,,
18.26667,138,,,,,,,,,,,,,,,,,,,
18.275,150,,,,,,,,,,,,,,,,,,,
18.28333,161,,,,,,,,,,,,,,,,,,,
18.29167,173,,,,,,,,,,,,,,,,,,,
18.3,184,,,,,,,,,,,,,,,,,,,
18.30833,196,,,,,,,,,,,,,,,,,,,
18.31667,207,,,,,,,,,,,,,,,,,,,
18.325,218,,,,,,,,,,,,,,,,,,,
18.33333,231,,,,,,,,,,,,,,,,,,,
18.34167,245,,,,,,,,,,,,,,,,,,,
18.35,261,,,,,,,,,,,,,,,,,,,
18.35833,277,,,,,,,,,,,,,,,,,,,
18.36667,295,,,,,,,,,,,,,,,,,,,
18.375,313,,,,,,,,,,,,,,,,,,,
18.38333,333,,,,,,,,,,,,,,,,,,,
18.39167,353,,,,,,,,,,,,,,,,,,,
18.4,374,,,,,,,,,,,,,,,,,,,
18.40833,397,,,,,,,,,,,,,,,,,,,
18.41667,418,,,,,,,,,,,,,,,,,,,
18.425,440,,,,,,,,,,,,,,,,,,,
18.43333,463,,,,,,,,,,,,,,,,,,,
18.44167,488,,,,,,,,,,,,,,,,,,,
18.45,514,,,,,,,,,,,,,,,,,,,
18.45833,542,,,,,,,,,,,,,,,,,,,
18.46667,571,,,,,,,,,,,,,,,,,,,
18.475,603,,,,,,,,,,,,,,,,,,,
18.48333,637,,,,,,,,,,,,,,,,,,,
18.49167,673,,,,,,,,,,,,,,,,,,,
18.5,711,,,,,,,,,,,,,,,,,,,
18.50833,751,,,,,,,,,,,,,,,,,,,
18.51667,791,,,,,,,,,,,,,,,,,,,
18.525,831,,,,,,,,,,,,,,,,,,,
18.53333,873,,,,,,,,,,,,,,,,,,,
18.54167,916,,,,,,,,,,,,,,,,,,,
18.55,963,,,,,,,,,,,,,,,,,,,
18.55833,1013,,,,,,,,,,,,,,,,,,,
18.56667,1067,,,,,,,,,,,,,,,,,,,
18.575,1126,,,,,,,,,,,,,,,,,,,
18.58333,1188,,,,,,,,,,,,,,,,,,,
18.59167,1252,,,,,,,,,,,,,,,,,,,
18.6,1319,,,,,,,,,,,,,,,,,,,
18.60833,1391,,,,,,,,,,,,,,,,,,,
18.61667,1464,,,,,,,,,,,,,,,,,,,
18.625,1543,,,,,,,,,,,,,,,,,,,
18.63333,1625,,,,,,,,,,,,,,,,,,,
18.64167,1710,,,,,,,,,,,,,,,,,,,
18.65,1802,,,,,,,,,,,,,,,,,,,
18.65833,1900,,,,,,,,,,,,,,,,,,,
18.66667,2005,,,,,,,,,,,,,,,,,,,
18.675,2117,,,,,,,,,,,,,,,,,,,
18.68333,2237,,,,,,,,,,,,,,,,,,,
18.69167,2364,,,,,,,,,,,,,,,,,,,
18.7,2500,,,,,,,,,,,,,,,,,,,
18.70833,2642,,,,,,,,,,,,,,,,,,,
18.71667,2793,,,,,,,,,,,,,,,,,,,
18.725,2954,,,,,,,,,,,,,,,,,,,
18.73333,3125,,,,,,,,,,,,,,,,,,,
18.74167,3308,,,,,,,,,,,,,,,,,,,
18.75,3504,,,,,,,,,,,,,,,,,,,
18.75833,3712,,,,,,,,,,,,,,,,,,,
18.76667,3936,,,,,,,,,,,,,,,,,,,
18.775,4177,,,,,,,,,,,,,,,,,,,
18.78333,4437,,,,,,,,,,,,,,,,,,,
18.79167,4717,,,,,,,,,,,,,,,,,,,
18.8,5016,,,,,,,,,,,,,,,,,,,
18.80833,5334,,,,,,,,,,,,,,,,,,,
18.81667,5674,,,,,,,,,,,,,,,,,,,
18.825,6036,,,,,,,,,,,,,,,,,,,
18.83333,6423,,,,,,,,,,,,,,,,,,,
18.84167,6836,,,,,,,,,,,,,,,,,,,
18.85,7280,,,,,,,,,,,,,,,,,,,
18.85833,7759,,,,,,,,,,,,,,,,,,,
18.86667,8272,,,,,,,,,,,,,,,,,,,
18.875,8824,,,,,,,,,,,,,,,,,,,
18.88333,9417,,,,,,,,,,,,,,,,,,,
18.89167,10052,,,,,,,,,,,,,,,,,,,
18.9,10730,,,,,,,,,,,,,,,,,,,
18.90833,11453,,,,,,,,,,,,,,,,,,,
18.91667,12223,,,,,,,,,,,,,,,,,,,
18.925,13045,,,,,,,,,,,,,,,,,,,
18.93333,13919,,,,,,,,,,,,,,,,,,,
18.94167,14850,,,,,,,,,,,,,,,,,,,
18.95,15842,,,,,,,,,,,,,,,,,,,
18.95833,16900,,,,,,,,,,,,,,,,,,,
18.96667,18027,,,,,,,,,,,,,,,,,,,
18.975,19226,,,,,,,,,,,,,,,,,,,
18.98333,20501,,,,,,,,,,,,,,,,,,,
18.99167,21852,,,,,,,,,,,,,,,,,,,
19,23281,,,,,,,,,,,,,,,,,,,
19.00833,24788,,,,,,,,,,,,,,,,,,,
19.01667,26374,,,,,,,,,,,,,,,,,,,
19.025,28042,,,,,,,,,,,,,,,,,,,
19.03333,29793,,,,,,,,,,,,,,,,,,,
19.04167,31634,,,,,,,,,,,,,,,,,,,
19.05,33564,,,,,,,,,,,,,,,,,,,
19.05833,35587,,,,,,,,,,,,,,,,,,,
19.06667,37709,,,,,,,,,,,,,,,,,,,
19.075,39929,,,,,,,,,,,,,,,,,,,
19.08333,42246,,,,,,,,,,,,,,,,,,,
19.09167,44660,,,,,,,,,,,,,,,,,,,
19.1,47163,,,,,,,,,,,,,,,,,,,
19.10833,49751,,,,,,,,,,,,,,,,,,,
19.11667,52419,,,,,,,,,,,,,,,,,,,
19.125,55164,,,,,,,,,,,,,,,,,,,
19.13333,57985,,,,,,,,,,,,,,,,,,,
19.14167,60881,,,,,,,,,,,,,,,,,,,
19.15,63850,,,,,,,,,,,,,,,,,,,
19.15833,66895,,,,,,,,,,,,,,,,,,,
19.16667,70013,,,,,,,,,,,,,,,,,,,
19.175,73200,,,,,,,,,,,,,,,,,,,
19.18333,76448,,,,,,,,,,,,,,,,,,,
19.19167,79748,,,,,,,,,,,,,,,,,,,
19.2,83088,,,,,,,,,,,,,,,,,,,
19.20833,86455,,,,,,,,,,,,,,,,,,,
19.21667,89835,,,,,,,,,,,,,,,,,,,
19.225,93219,,,,,,,,,,,,,,,,,,,
19.23333,96601,,,,,,,,,,,,,,,,,,,
19.24167,99977,,,,,,,,,,,,,,,,,,,
19.25,103350,,,,,,,,,,,,,,,,,,,
19.25833,106715,,,,,,,,,,,,,,,,,,,
19.26667,110070,,,,,,,,,,,,,,,,,,,
19.275,113413,,,,,,,,,,,,,,,,,,,
19.28333,116733,,,,,,,,,,,,,,,,,,,
19.29167,120018,,,,,,,,,,,,,,,,,,,
19.3,123252,,,,,,,,,,,,,,,,,,,
19.30833,126421,,,,,,,,,,,,,,,,,,,
19.31667,129511,,,,,,,,,,,,,,,,,,,
19.325,132512,,,,,,,,,,,,,,,,,,,
19.33333,135418,,,,,,,,,,,,,,,,,,,
19.34167,138230,,,,,,,,,,,,,,,,,,,
19.35,140949,,,,,,,,,,,,,,,,,,,
19.35833,143582,,,,,,,,,,,,,,,,,,,
19.36667,146133,,,,,,,,,,,,,,,,,,,
19.375,148601,,,,,,,,,,,,,,,,,,,
19.38333,150981,,,,,,,,,,,,,,,,,,,
19.39167,153264,,,,,,,,,,,,,,,,,,,
19.4,155435,,,,,,,,,,,,,,,,,,,
19.40833,157480,,,,,,,,,,,,,,,,,,,
19.41667,159389,,,,,,,,,,,,,,,,,,,
19.425,161154,,,,,,,,,,,,,,,,,,,
19.43333,162773,,,,,,,,,,,,,,,,,,,
19.44167,164251,,,,,,,,,,,,,,,,,,,
19.45,165595,,,,,,,,,,,,,,,,,,,
19.45833,166813,,,,,,,,,,,,,,,,,,,
19.46667,167917,,,,,,,,,,,,,,,,,,,
19.475,168911,,,,,,,,,,,,,,,,,,,
19.48333,169797,,,,,,,,,,,,,,,,,,,
19.49167,170569,,,,,,,,,,,,,,,,,,,
19.5,171215,,,,,,,,,,,,,,,,,,,
19.50833,171727,,,,,,,,,,,,,,,,,,,
19.51667,172094,,,,,,,,,,,,,,,,,,,
19.525,172309,,,,,,,,,,,,,,,,,,,
19.53333,172373,,,,,,,,,,,,,,,,,,,
19.54167,172294,,,,,,,,,,,,,,,,,,,
19.55,172082,,,,,,,,,,,,,,,,,,,
19.55833,171752,,,,,,,,,,,,,,,,,,,
19.56667,171318,,,,,,,,,,,,,,,,,,,
19.575,170787,,,,,,,,,,,,,,,,,,,
19.58333,170166,,,,,,,,,,,,,,,,,,,
19.59167,169453,,,,,,,,,,,,,,,,,,,
19.6,168641,,,,,,,,,,,,,,,,,,,
19.60833,167720,,,,,,,,,,,,,,,,,,,
19.61667,166683,,,,,,,,,,,,,,,,,,,
19.625,165526,,,,,,,,,,,,,,,,,,,
19.63333,164253,,,,,,,,,,,,,,,,,,,
19.64167,162870,,,,,,,,,,,,,,,,,,,
19.65,161390,,,,,,,,,,,,,,,,,,,
19.65833,159827,,,,,,,,,,,,,,,,,,,
19.66667,158199,,,,,,,,,,,,,,,,,,,
19.675,156515,,,,,,,,,,,,,,,,,,,
19.68333,154781,,,,,,,,,,,,,,,,,,,
19.69167,153001,,,,,,,,,,,,,,,,,,,
19.7,151169,,,,,,,,,,,,,,,,,,,
19.70833,149279,,,,,,,,,,,,,,,,,,,
19.71667,147324,,,,,,,,,,,,,,,,,,,
19.725,145304,,,,,,,,,,,,,,,,,,,
19.73333,143218,,,,,,,,,,,,,,,,,,,
19.74167,141074,,,,,,,,,,,,,,,,,,,
19.75,138882,,,,,,,,,,,,,,,,,,,
19.75833,136657,,,,,,,,,,,,,,,,,,,
19.76667,134411,,,,,,,,,,,,,,,,,,,
19.775,132153,,,,,,,,,,,,,,,,,,,
19.78333,129889,,,,,,,,,,,,,,,,,,,
19.79167,127622,,,,,,,,,,,,,,,,,,,
19.8,125348,,,,,,,,,,,,,,,,,,,
19.80833,123063,,,,,,,,,,,,,,,,,,,
19.81667,120760,,,,,,,,,,,,,,,,,,,
19.825,118435,,,,,,,,,,,,,,,,,,,
19.83333,116090,,,,,,,,,,,,,,,,,,,
19.84167,113728,,,,,,,,,,,,,,,,,,,
19.85,111357,,,,,,,,,,,,,,,,,,,
19.85833,108987,,,,,,,,,,,,,,,,,,,
19.86667,106629,,,,,,,,,,,,,,,,,,,
19.875,104289,,,,,,,,,,,,,,,,,,,
19.88333,101975,,,,,,,,,,,,,,,,,,,
19.89167,99686,,,,,,,,,,,,,,,,,,,
19.9,97422,,,,,,,,,,,,,,,,,,,
19.90833,95177,,,,,,,,,,,,,,,,,,,
19.91667,92946,,,,,,,,,,,,,,,,,,,
19.925,90725,,,,,,,,,,,,,,,,,,,
19.93333,88513,,,,,,,,,,,,,,,,,,,
19.94167,86313,,,,,,,,,,,,,,,,,,,
19.95,84128,,,,,,,,,,,,,,,,,,,
19.95833,81964,,,,,,,,,,,,,,,,,,,
19.96667,79830,,,,,,,,,,,,,,,,,,,
19.975,77732,,,,,,,,,,,,,,,,,,,
19.98333,75670,,,,,,,,,,,,,,,,,,,
19.99167,73647,,,,,,,,,,,,,,,,,,,
20,71661,,,,,,,,,,,,,,,,,,,
20.00833,69708,,,,,,,,,,,,,,,,,,,
20.01667,67783,,,,,,,,,,,,,,,,,,,
20.025,65882,,,,,,,,,,,,,,,,,,,
20.03333,64006,,,,,,,,,,,,,,,,,,,
20.04167,62153,,,,,,,,,,,,,,,,,,,
20.05,60325,,,,,,,,,,,,,,,,,,,
20.05833,58526,,,,,,,,,,,,,,,,,,,
20.06667,56760,,,,,,,,,,,,,,,,,,,
20.075,55033,,,,,,,,,,,,,,,,,,,
20.08333,53347,,,,,,,,,,,,,,,,,,,
20.09167,51703,,,,,,,,,,,,,,,,,,,
20.1,50098,,,,,,,,,,,,,,,,,,,
20.10833,48531,,,,,,,,,,,,,,,,,,,
20.11667,46996,,,,,,,,,,,,,,,,,,,
20.125,45491,,,,,,,,,,,,,,,,,,,
20.13333,44014,,,,,,,,,,,,,,,,,,,
20.14167,42564,,,,,,,,,,,,,,,,,,,
20.15,41142,,,,,,,,,,,,,,,,,,,
20.15833,39752,,,,,,,,,,,,,,,,,,,
20.16667,38394,,,,,,,,,,,,,,,,,,,
20.175,37073,,,,,,,,,,,,,,,,,,,
20.18333,35789,,,,,,,,,,,,,,,,,,,
20.19167,34542,,,,,,,,,,,,,,,,,,,
20.2,33332,,,,,,,,,,,,,,,,,,,
20.20833,32156,,,,,,,,,,,,,,,,,,,
20.21667,31012,,,,,,,,,,,,,,,,,,,
20.225,29897,,,,,,,,,,,,,,,,,,,
20.23333,28809,,,,,,,,,,,,,,,,,,,
20.24167,27747,,,,,,,,,,,,,,,,,,,
20.25,26711,,,,,,,,,,,,,,,,,,,
20.25833,25703,,,,,,,,,,,,,,,,,,,
20.26667,24723,,,,,,,,,,,,,,,,,,,
20.275,23774,,,,,,,,,,,,,,,,,,,
20.28333,22855,,,,,,,,,,,,,,,,,,,
20.29167,21970,,,,,,,,,,,,,,,,,,,
20.3,21114,,,,,,,,,,,,,,,,,,,
20.30833,20288,,,,,,,,,,,,,,,,,,,
20.31667,19490,,,,,,,,,,,,,,,,,,,
20.325,18715,,,,,,,,,,,,,,,,,,,
20.33333,17967,,,,,,,,,,,,,,,,,,,
20.34167,17240,,,,,,,,,,,,,,,,,,,
20.35,16535,,,,,,,,,,,,,,,,,,,
20.35833,15851,,,,,,,,,,,,,,,,,,,
20.36667,15189,,,,,,,,,,,,,,,,,,,
20.375,14552,,,,,,,,,,,,,,,,,,,
20.38333,13939,,,,,,,,,,,,,,,,,,,
20.39167,13352,,,,,,,,,,,,,,,,,,,
20.4,12788,,,,,,,,,,,,,,,,,,,
20.40833,12246,,,,,,,,,,,,,,,,,,,
20.41667,11726,,,,,,,,,,,,,,,,,,,
20.425,11225,,,,,,,,,,,,,,,,,,,
20.43333,10743,,,,,,,,,,,,,,,,,,,
20.44167,10280,,,,,,,,,,,,,,,,,,,
20.45,9832,,,,,,,,,,,,,,,,,,,
20.45833,9400,,,,,,,,,,,,,,,,,,,
20.46667,8983,,,,,,,,,,,,,,,,,,,
20.475,8584,,,,,,,,,,,,,,,,,,,
20.48333,8202,,,,,,,,,,,,,,,,,,,
20.49167,7837,,,,,,,,,,,,,,,,,,,
20.5,7488,,,,,,,,,,,,,,,,,,,
20.50833,7156,,,,,,,,,,,,,,,,,,,
20.51667,6839,,,,,,,,,,,,,,,,,,,
20.525,6535,,,,,,,,,,,,,,,,,,,
20.53333,6244,,,,,,,,,,,,,,,,,,,
20.54167,5965,,,,,,,,,,,,,,,,,,,
20.55,5696,,,,,,,,,,,,,,,,,,,
20.55833,5439,,,,,,,,,,,,,,,,,,,
20.56667,5192,,,,,,,,,,,,,,,,,,,
20.575,4955,,,,,,,,,,,,,,,,,,,
20.58333,4730,,,,,,,,,,,,,,,,,,,
20.59167,4516,,,,,,,,,,,,,,,,,,,
20.6,4312,,,,,,,,,,,,,,,,,,,
20.60833,4120,,,,,,,,,,,,,,,,,,,
20.61667,3938,,,,,,,,,,,,,,,,,,,
20.625,3765,,,,,,,,,,,,,,,,,,,
20.63333,3600,,,,,,,,,,,,,,,,,,,
20.64167,3442,,,,,,,,,,,,,,,,,,,
20.65,3290,,,,,,,,,,,,,,,,,,,
20.65833,3145,,,,,,,,,,,,,,,,,,,
20.66667,3005,,,,,,,,,,,,,,,,,,,
20.675,2873,,,,,,,,,,,,,,,,,,,
20.68333,2746,,,,,,,,,,,,,,,,,,,
20.69167,2626,,,,,,,,,,,,,,,,,,,
20.7,2513,,,,,,,,,,,,,,,,,,,
20.70833,2407,,,,,,,,,,,,,,,,,,,
20.71667,2307,,,,,,,,,,,,,,,,,,,
20.725,2212,,,,,,,,,,,,,,,,,,,
20.73333,2121,,,,,,,,,,,,,,,,,,,
20.74167,2035,,,,,,,,,,,,,,,,,,,
20.75,1953,,,,,,,,,,,,,,,,,,,
20.75833,1873,,,,,,,,,,,,,,,,,,,
20.76667,1797,,,,,,,,,,,,,,,,,,,
20.775,1723,,,,,,,,,,,,,,,,,,,
20.78333,1653,,,,,,,,,,,,,,,,,,,
20.79167,1589,,,,,,,,,,,,,,,,,,,
20.8,1528,,,,,,,,,,,,,,,,,,,
20.80833,1470,,,,,,,,,,,,,,,,,,,
20.81667,1415,,,,,,,,,,,,,,,,,,,
20.825,1364,,,,,,,,,,,,,,,,,,,
20.83333,1317,,,,,,,,,,,,,,,,,,,
20.84167,1271,,,,,,,,,,,,,,,,,,,
20.85,1226,,,,,,,,,,,,,,,,,,,
20.85833,1182,,,,,,,,,,,,,,,,,,,
20.86667,1140,,,,,,,,,,,,,,,,,,,
20.875,1100,,,,,,,,,,,,,,,,,,,
20.88333,1062,,,,,,,,,,,,,,,,,,,
20.89167,1026,,,,,,,,,,,,,,,,,,,
20.9,993,,,,,,,,,,,,,,,,,,,
20.90833,961,,,,,,,,,,,,,,,,,,,
20.91667,931,,,,,,,,,,,,,,,,,,,
20.925,904,,,,,,,,,,,,,,,,,,,
20.93333,878,,,,,,,,,,,,,,,,,,,
20.94167,855,,,,,,,,,,,,,,,,,,,
20.95,831,,,,,,,,,,,,,,,,,,,
20.95833,807,,,,,,,,,,,,,,,,,,,
20.96667,784,,,,,,,,,,,,,,,,,,,
20.975,761,,,,,,,,,,,,,,,,,,,
20.98333,740,,,,,,,,,,,,,,,,,,,
20.99167,720,,,,,,,,,,,,,,,,,,,
21,700,,,,,,,,,,,,,,,,,,,
21.00833,683,,,,,,,,,,,,,,,,,,,
21.01667,668,,,,,,,,,,,,,,,,,,,
21.025,654,,,,,,,,,,,,,,,,,,,
21.03333,640,,,,,,,,,,,,,,,,,,,
21.04167,626,,,,,,,,,,,,,,,,,,,
21.05,613,,,,,,,,,,,,,,,,,,,
21.05833,598,,,,,,,,,,,,,,,,,,,
21.06667,584,,,,,,,,,,,,,,,,,,,
21.075,571,,,,,,,,,,,,,,,,,,,
21.08333,558,,,,,,,,,,,,,,,,,,,
21.09167,545,,,,,,,,,,,,,,,,,,,
21.1,534,,,,,,,,,,,,,,,,,,,
21.10833,523,,,,,,,,,,,,,,,,,,,
21.11667,514,,,,,,,,,,,,,,,,,,,
21.125,505,,,,,,,,,,,,,,,,,,,
21.13333,497,,,,,,,,,,,,,,,,,,,
21.14167,488,,,,,,,,,,,,,,,,,,,
21.15,480,,,,,,,,,,,,,,,,,,,
21.15833,472,,,,,,,,,,,,,,,,,,,
21.16667,463,,,,,,,,,,,,,,,,,,,
21.175,455,,,,,,,,,,,,,,,,,,,
21.18333,446,,,,,,,,,,,,,,,,,,,
21.19167,436,,,,,,,,,,,,,,,,,,,
21.2,427,,,,,,,,,,,,,,,,,,,
21.20833,421,,,,,,,,,,,,,,,,,,,
21.21667,415,,,,,,,,,,,,,,,,,,,
21.225,410,,,,,,,,,,,,,,,,,,,
21.23333,406,,,,,,,,,,,,,,,,,,,
21.24167,402,,,,,,,,,,,,,,,,,,,
21.25,398,,,,,,,,,,,,,,,,,,,
21.25833,392,,,,,,,,,,,,,,,,,,,
21.26667,385,,,,,,,,,,,,,,,,,,,
21.275,378,,,,,,,,,,,,,,,,,,,
21.28333,372,,,,,,,,,,,,,,,,,,,
21.29167,366,,,,,,,,,,,,,,,,,,,
21.3,360,,,,,,,,,,,,,,,,,,,
21.30833,354,,,,,,,,,,,,,,,,,,,
21.31667,350,,,,,,,,,,,,,,,,,,,
21.325,346,,,,,,,,,,,,,,,,,,,
21.33333,342,,,,,,,,,,,,,,,,,,,
21.34167,339,,,,,,,,,,,,,,,,,,,
21.35,336,,,,,,,,,,,,,,,,,,,
21.35833,333,,,,,,,,,,,,,,,,,,,
21.36667,329,,,,,,,,,,,,,,,,,,,
21.375,325,,,,,,,,,,,,,,,,,,,
21.38333,320,,,,,,,,,,,,,,,,,,,
21.39167,317,,,,,,,,,,,,,,,,,,,
21.4,313,,,,,,,,,,,,,,,,,,,
21.40833,310,,,,,,,,,,,,,,,,,,,
21.41667,307,,,,,,,,,,,,,,,,,,,
21.425,305,,,,,,,,,,,,,,,,,,,
21.43333,303,,,,,,,,,,,,,,,,,,,
21.44167,301,,,,,,,,,,,,,,,,,,,
21.45,298,,,,,,,,,,,,,,,,,,,
21.45833,296,,,,,,,,,,,,,,,,,,,
21.46667,293,,,,,,,,,,,,,,,,,,,
21.475,289,,,,,,,,,,,,,,,,,,,
21.48333,286,,,,,,,,,,,,,,,,,,,
21.49167,283,,,,,,,,,,,,,,,,,,,
21.5,280,,,,,,,,,,,,,,,,,,,
21.50833,277,,,,,,,,,,,,,,,,,,,
21.51667,276,,,,,,,,,,,,,,,,,,,
21.525,276,,,,,,,,,,,,,,,,,,,
21.53333,275,,,,,,,,,,,,,,,,,,,
21.54167,276,,,,,,,,,,,,,,,,,,,
21.55,275,,,,,,,,,,,,,,,,,,,
21.55833,274,,,,,,,,,,,,,,,,,,,
21.56667,273,,,,,,,,,,,,,,,,,,,
21.575,271,,,,,,,,,,,,,,,,,,,
21.58333,268,,,,,,,,,,,,,,,,,,,
21.59167,264,,,,,,,,,,,,,,,,,,,
21.6,261,,,,,,,,,,,,,,,,,,,
21.60833,259,,,,,,,,,,,,,,,,,,,
21.61667,257,,,,,,,,,,,,,,,,,,,
21.625,256,,,,,,,,,,,,,,,,,,,
21.63333,257,,,,,,,,,,,,,,,,,,,
21.64167,259,,,,,,,,,,,,,,,,,,,
21.65,261,,,,,,,,,,,,,,,,,,,
21.65833,261,,,,,,,,,,,,,,,,,,,
21.66667,261,,,,,,,,,,,,,,,,,,,
21.675,260,,,,,,,,,,,,,,,,,,,
21.68333,259,,,,,,,,,,,,,,,,,,,
21.69167,257,,,,,,,,,,,,,,,,,,,
21.7,256,,,,,,,,,,,,,,,,,,,
21.70833,255,,,,,,,,,,,,,,,,,,,
21.71667,256,,,,,,,,,,,,,,,,,,,
21.725,256,,,,,,,,,,,,,,,,,,,
21.73333,258,,,,,,,,,,,,,,,,,,,
21.74167,260,,,,,,,,,,,,,,,,,,,
21.75,262,,,,,,,,,,,,,,,,,,,
21.75833,264,,,,,,,,,,,,,,,,,,,
21.76667,265,,,,,,,,,,,,,,,,,,,
21.775,265,,,,,,,,,,,,,,,,,,,
21.78333,265,,,,,,,,,,,,,,,,,,,
21.79167,265,,,,,,,,,,,,,,,,,,,
21.8,266,,,,,,,,,,,,,,,,,,,
21.80833,266,,,,,,,,,,,,,,,,,,,
21.81667,267,,,,,,,,,,,,,,,,,,,
21.825,270,,,,,,,,,,,,,,,,,,,
21.83333,273,,,,,,,,,,,,,,,,,,,
21.84167,277,,,,,,,,,,,,,,,,,,,
21.85,281,,,,,,,,,,,,,,,,,,,
21.85833,284,,,,,,,,,,,,,,,,,,,
21.86667,288,,,,,,,,,,,,,,,,,,,
21.875,290,,,,,,,,,,,,,,,,,,,
21.88333,293,,,,,,,,,,,,,,,,,,,
21.89167,295,,,,,,,,,,,,,,,,,,,
21.9,296,,,,,,,,,,,,,,,,,,,
21.90833,298,,,,,,,,,,,,,,,,,,,
21.91667,302,,,,,,,,,,,,,,,,,,,
21.925,309,,,,,,,,,,,,,,,,,,,
21.93333,316,,,,,,,,,,,,,,,,,,,
21.94167,322,,,,,,,,,,,,,,,,,,,
21.95,330,,,,,,,,,,,,,,,,,,,
21.95833,337,,,,,,,,,,,,,,,,,,,
21.96667,342,,,,,,,,,,,,,,,,,,,
21.975,348,,,,,,,,,,,,,,,,,,,
21.98333,353,,,,,,,,,,,,,,,,,,,
21.99167,359,,,,,,,,,,,,,,,,,,,
22,364,,,,,,,,,,,,,,,,,,,
22.00833,371,,,,,,,,,,,,,,,,,,,
22.01667,379,,,,,,,,,,,,,,,,,,,
22.025,387,,,,,,,,,,,,,,,,,,,
22.03333,396,,,,,,,,,,,,,,,,,,,
22.04167,407,,,,,,,,,,,,,,,,,,,
22.05,419,,,,,,,,,,,,,,,,,,,
22.05833,431,,,,,,,,,,,,,,,,,,,
22.06667,442,,,,,,,,,,,,,,,,,,,
22.075,453,,,,,,,,,,,,,,,,,,,
22.08333,463,,,,,,,,,,,,,,,,,,,
22.09167,474,,,,,,,,,,,,,,,,,,,
22.1,485,,,,,,,,,,,,,,,,,,,
22.10833,497,,,,,,,,,,,,,,,,,,,
22.11667,512,,,,,,,,,,,,,,,,,,,
22.125,528,,,,,,,,,,,,,,,,,,,
22.13333,546,,,,,,,,,,,,,,,,,,,
22.14167,566,,,,,,,,,,,,,,,,,,,
22.15,586,,,,,,,,,,,,,,,,,,,
22.15833,608,,,,,,,,,,,,,,,,,,,
22.16667,629,,,,,,,,,,,,,,,,,,,
22.175,649,,,,,,,,,,,,,,,,,,,
22.18333,669,,,,,,,,,,,,,,,,,,,
22.19167,690,,,,,,,,,,,,,,,,,,,
22.2,712,,,,,,,,,,,,,,,,,,,
22.20833,737,,,,,,,,,,,,,,,,,,,
22.21667,763,,,,,,,,,,,,,,,,,,,
22.225,791,,,,,,,,,,,,,,,,,,,
22.23333,822,,,,,,,,,,,,,,,,,,,
22.24167,854,,,,,,,,,,,,,,,,,,,
22.25,888,,,,,,,,,,,,,,,,,,,
22.25833,925,,,,,,,,,,,,,,,,,,,
22.26667,963,,,,,,,,,,,,,,,,,,,
22.275,1002,,,,,,,,,,,,,,,,,,,
22.28333,1044,,,,,,,,,,,,,,,,,,,
22.29167,1087,,,,,,,,,,,,,,,,,,,
22.3,1132,,,,,,,,,,,,,,,,,,,
22.30833,1180,,,,,,,,,,,,,,,,,,,
22.31667,1233,,,,,,,,,,,,,,,,,,,
22.325,1290,,,,,,,,,,,,,,,,,,,
22.33333,1352,,,,,,,,,,,,,,,,,,,
22.34167,1417,,,,,,,,,,,,,,,,,,,
22.35,1487,,,,,,,,,,,,,,,,,,,
22.35833,1560,,,,,,,,,,,,,,,,,,,
22.36667,1639,,,,,,,,,,,,,,,,,,,
22.375,1722,,,,,,,,,,,,,,,,,,,
22.38333,1809,,,,,,,,,,,,,,,,,,,
22.39167,1901,,,,,,,,,,,,,,,,,,,
22.4,1998,,,,,,,,,,,,,,,,,,,
22.40833,2102,,,,,,,,,,,,,,,,,,,
22.41667,2213,,,,,,,,,,,,,,,,,,,
22.425,2333,,,,,,,,,,,,,,,,,,,
22.43333,2462,,,,,,,,,,,,,,,,,,,
22.44167,2601,,,,,,,,,,,,,,,,,,,
22.45,2750,,,,,,,,,,,,,,,,,,,
22.45833,2907,,,,,,,,,,,,,,,,,,,
22.46667,3075,,,,,,,,,,,,,,,,,,,
22.475,3253,,,,,,,,,,,,,,,,,,,
22.48333,3441,,,,,,,,,,,,,,,,,,,
22.49167,3640,,,,,,,,,,,,,,,,,,,
22.5,3852,,,,,,,,,,,,,,,,,,,
22.50833,4078,,,,,,,,,,,,,,,,,,,
22.51667,4320,,,,,,,,,,,,,,,,,,,
22.525,4578,,,,,,,,,,,,,,,,,,,
22.53333,4853,,,,,,,,,,,,,,,,,,,
22.54167,5147,,,,,,,,,,,,,,,,,,,
22.55,5458,,,,,,,,,,,,,,,,,,,
22.55833,5788,,,,,,,,,,,,,,,,,,,
22.56667,6137,,,,,,,,,,,,,,,,,,,
22.575,6505,,,,,,,,,,,,,,,,,,,
22.58333,6891,,,,,,,,,,,,,,,,,,,
22.59167,7298,,,,,,,,,,,,,,,,,,,
22.6,7726,,,,,,,,,,,,,,,,,,,
22.60833,8178,,,,,,,,,,,,,,,,,,,
22.61667,8655,,,,,,,,,,,,,,,,,,,
22.625,9158,,,,,,,,,,,,,,,,,,,
22.63333,9689,,,,,,,,,,,,,,,,,,,
22.64167,10250,,,,,,,,,,,,,,,,,,,
22.65,10838,,,,,,,,,,,,,,,,,,,
22.65833,11454,,,,,,,,,,,,,,,,,,,
22.66667,12093,,,,,,,,,,,,,,,,,,,
22.675,12758,,,,,,,,,,,,,,,,,,,
22.68333,13448,,,,,,,,,,,,,,,,,,,
22.69167,14163,,,,,,,,,,,,,,,,,,,
22.7,14905,,,,,,,,,,,,,,,,,,,
22.70833,15673,,,,,,,,,,,,,,,,,,,
22.71667,16470,,,,,,,,,,,,,,,,,,,
22.725,17295,,,,,,,,,,,,,,,,,,,
22.73333,18151,,,,,,,,,,,,,,,,,,,
22.74167,19036,,,,,,,,,,,,,,,,,,,
22.75,19946,,,,,,,,,,,,,,,,,,,
22.75833,20880,,,,,,,,,,,,,,,,,,,
22.76667,21833,,,,,,,,,,,,,,,,,,,
22.775,22804,,,,,,,,,,,,,,,,,,,
22.78333,23788,,,,,,,,,,,,,,,,,,,
22.79167,24785,,,,,,,,,,,,,,,,,,,
22.8,25792,,,,,,,,,,,,,,,,,,,
22.80833,26813,,,,,,,,,,,,,,,,,,,
22.81667,27846,,,,,,,,,,,,,,,,,,,
22.825,28892,,,,,,,,,,,,,,,,,,,
22.83333,29952,,,,,,,,,,,,,,,,,,,
22.84167,31021,,,,,,,,,,,,,,,,,,,
22.85,32096,,,,,,,,,,,,,,,,,,,
22.85833,33170,,,,,,,,,,,,,,,,,,,
22.86667,34240,,,,,,,,,,,,,,,,,,,
22.875,35299,,,,,,,,,,,,,,,,,,,
22.88333,36343,,,,,,,,,,,,,,,,,,,
22.89167,37370,,,,,,,,,,,,,,,,,,,
22.9,38380,,,,,,,,,,,,,,,,,,,
22.90833,39370,,,,,,,,,,,,,,,,,,,
22.91667,40345,,,,,,,,,,,,,,,,,,,
22.925,41304,,,,,,,,,,,,,,,,,,,
22.93333,42249,,,,,,,,,,,,,,,,,,,
22.94167,43176,,,,,,,,,,,,,,,,,,,
22.95,44084,,,,,,,,,,,,,,,,,,,
22.95833,44964,,,,,,,,,,,,,,,,,,,
22.96667,45811,,,,,,,,,,,,,,,,,,,
22.975,46620,,,,,,,,,,,,,,,,,,,
22.98333,47384,,,,,,,,,,,,,,,,,,,
22.99167,48102,,,,,,,,,,,,,,,,,,,
23,48777,,,,,,,,,,,,,,,,,,,
23.00833,49409,,,,,,,,,,,,,,,,,,,
23.01667,50004,,,,,,,,,,,,,,,,,,,
23.025,50563,,,,,,,,,,,,,,,,,,,
23.03333,51087,,,,,,,,,,,,,,,,,,,
23.04167,51579,,,,,,,,,,,,,,,,,,,
23.05,52036,,,,,,,,,,,,,,,,,,,
23.05833,52453,,,,,,,,,,,,,,,,,,,
23.06667,52823,,,,,,,,,,,,,,,,,,,
23.075,53144,,,,,,,,,,,,,,,,,,,
23.08333,53413,,,,,,,,,,,,,,,,,,,
23.09167,53628,,,,,,,,,,,,,,,,,,,
23.1,53792,,,,,,,,,,,,,,,,,,,
23.10833,53910,,,,,,,,,,,,,,,,,,,
23.11667,53988,,,,,,,,,,,,,,,,,,,
23.125,54030,,,,,,,,,,,,,,,,,,,
23.13333,54040,,,,,,,,,,,,,,,,,,,
23.14167,54020,,,,,,,,,,,,,,,,,,,
23.15,53969,,,,,,,,,,,,,,,,,,,
23.15833,53886,,,,,,,,,,,,,,,,,,,
23.16667,53765,,,,,,,,,,,,,,,,,,,
23.175,53602,,,,,,,,,,,,,,,,,,,
23.18333,53394,,,,,,,,,,,,,,,,,,,
23.19167,53143,,,,,,,,,,,,,,,,,,,
23.2,52851,,,,,,,,,,,,,,,,,,,
23.20833,52523,,,,,,,,,,,,,,,,,,,
23.21667,52163,,,,,,,,,,,,,,,,,,,
23.225,51778,,,,,,,,,,,,,,,,,,,
23.23333,51375,,,,,,,,,,,,,,,,,,,
23.24167,50954,,,,,,,,,,,,,,,,,,,
23.25,50517,,,,,,,,,,,,,,,,,,,
23.25833,50061,,,,,,,,,,,,,,,,,,,
23.26667,49582,,,,,,,,,,,,,,,,,,,
23.275,49076,,,,,,,,,,,,,,,,,,,
23.28333,48541,,,,,,,,,,,,,,,,,,,
23.29167,47977,,,,,,,,,,,,,,,,,,,
23.3,47387,,,,,,,,,,,,,,,,,,,
23.30833,46775,,,,,,,,,,,,,,,,,,,
23.31667,46148,,,,,,,,,,,,,,,,,,,
23.325,45510,,,,,,,,,,,,,,,,,,,
23.33333,44865,,,,,,,,,,,,,,,,,,,
23.34167,44215,,,,,,,,,,,,,,,,,,,
23.35,43560,,,,,,,,,,,,,,,,,,,
23.35833,42900,,,,,,,,,,,,,,,,,,,
23.36667,42233,,,,,,,,,,,,,,,,,,,
23.375,41555,,,,,,,,,,,,,,,,,,,
23.38333,40862,,,,,,,,,,,,,,,,,,,
23.39167,40156,,,,,,,,,,,,,,,,,,,
23.4,39436,,,,,,,,,,,,,,,,,,,
23.40833,38709,,,,,,,,,,,,,,,,,,,
23.41667,37976,,,,,,,,,,,,,,,,,,,
23.425,37241,,,,,,,,,,,,,,,,,,,
23.43333,36511,,,,,,,,,,,,,,,,,,,
23.44167,35786,,,,,,,,,,,,,,,,,,,
23.45,35067,,,,,,,,,,,,,,,,,,,
23.45833,34354,,,,,,,,,,,,,,,,,,,
23.46667,33644,,,,,,,,,,,,,,,,,,,
23.475,32935,,,,,,,,,,,,,,,,,,,
23.48333,32222,,,,,,,,,,,,,,,,,,,
23.49167,31507,,,,,,,,,,,,,,,,,,,
23.5,30789,,,,,,,,,,,,,,,,,,,
23.50833,30071,,,,,,,,,,,,,,,,,,,
23.51667,29355,,,,,,,,,,,,,,,,,,,
23.525,28645,,,,,,,,,,,,,,,,,,,
23.53333,27944,,,,,,,,,,,,,,,,,,,
23.54167,27253,,,,,,,,,,,,,,,,,,,
23.55,26574,,,,,,,,,,,,,,,,,,,
23.55833,25907,,,,,,,,,,,,,,,,,,,
23.56667,25247,,,,,,,,,,,,,,,,,,,
23.575,24594,,,,,,,,,,,,,,,,,,,
23.58333,23947,,,,,,,,,,,,,,,,,,,
23.59167,23303,,,,,,,,,,,,,,,,,,,
23.6,22661,,,,,,,,,,,,,,,,,,,
23.60833,22026,,,,,,,,,,,,,,,,,,,
23.61667,21396,,,,,,,,,,,,,,,,,,,
23.625,20777,,,,,,,,,,,,,,,,,,,
23.63333,20168,,,,,,,,,,,,,,,,,,,
23.64167,19573,,,,,,,,,,,,,,,,,,,
23.65,18990,,,,,,,,,,,,,,,,,,,
23.65833,18420,,,,,,,,,,,,,,,,,,,
23.66667,17864,,,,,,,,,,,,,,,,,,,
23.675,17318,,,,,,,,,,,,,,,,,,,
23.68333,16779,,,,,,,,,,,,,,,,,,,
23.69167,16247,,,,,,,,,,,,,,,,,,,
23.7,15722,,,,,,,,,,,,,,,,,,,
23.70833,15206,,,,,,,,,,,,,,,,,,,
23.71667,14698,,,,,,,,,,,,,,,,,,,
23.725,14201,,,,,,,,,,,,,,,,,,,
23.73333,13717,,,,,,,,,,,,,,,,,,,
23.74167,13245,,,,,,,,,,,,,,,,,,,
23.75,12787,,,,,,,,,,,,,,,,,,,
23.75833,12341,,,,,,,,,,,,,,,,,,,
23.76667,11907,,,,,,,,,,,,,,,,,,,
23.775,11484,,,,,,,,,,,,,,,,,,,
23.78333,11071,,,,,,,,,,,,,,,,,,,
23.79167,10668,,,,,,,,,,,,,,,,,,,
23.8,10272,,,,,,,,,,,,,,,,,,,
23.80833,9885,,,,,,,,,,,,,,,,,,,
23.81667,9507,,,,,,,,,,,,,,,,,,,
23.825,9138,,,,,,,,,,,,,,,,,,,
23.83333,8781,,,,,,,,,,,,,,,,,,,
23.84167,8435,,,,,,,,,,,,,,,,,,,
23.85,8101,,,,,,,,,,,,,,,,,,,
23.85833,7778,,,,,,,,,,,,,,,,,,,
23.86667,7467,,,,,,,,,,,,,,,,,,,
23.875,7167,,,,,,,,,,,,,,,,,,,
23.88333,6877,,,,,,,,,,,,,,,,,,,
23.89167,6594,,,,,,,,,,,,,,,,,,,
23.9,6318,,,,,,,,,,,,,,,,,,,
23.90833,6050,,,,,,,,,,,,,,,,,,,
23.91667,5790,,,,,,,,,,,,,,,,,,,
23.925,5537,,,,,,,,,,,,,,,,,,,
23.93333,5293,,,,,,,,,,,,,,,,,,,
23.94167,5057,,,,,,,,,,,,,,,,,,,
23.95,4832,,,,,,,,,,,,,,,,,,,
23.95833,4616,,,,,,,,,,,,,,,,,,,
23.96667,4410,,,,,,,,,,,,,,,,,,,
23.975,4211,,,,,,,,,,,,,,,,,,,
23.98333,4020,,,,,,,,,,,,,,,,,,,
23.99167,3835,,,,,,,,,,,,,,,,,,,
24,3658,,,,,,,,,,,,,,,,,,,
24.00833,3486,,,,,,,,,,,,,,,,,,,
24.01667,3320,,,,,,,,,,,,,,,,,,,
24.025,3159,,,,,,,,,,,,,,,,,,,
24.03333,3005,,,,,,,,,,,,,,,,,,,
24.04167,2858,,,,,,,,,,,,,,,,,,,
24.05,2718,,,,,,,,,,,,,,,,,,,
24.05833,2584,,,,,,,,,,,,,,,,,,,
24.06667,2457,,,,,,,,,,,,,,,,,,,
24.075,2336,,,,,,,,,,,,,,,,,,,
24.08333,2221,,,,,,,,,,,,,,,,,,,
24.09167,2111,,,,,,,,,,,,,,,,,,,
24.1,2003,,,,,,,,,,,,,,,,,,,
24.10833,1901,,,,,,,,,,,,,,,,,,,
24.11667,1803,,,,,,,,,,,,,,,,,,,
24.125,1709,,,,,,,,,,,,,,,,,,,
24.13333,1619,,,,,,,,,,,,,,,,,,,
24.14167,1533,,,,,,,,,,,,,,,,,,,
24.15,1451,,,,,,,,,,,,,,,,,,,
24.15833,1375,,,,,,,,,,,,,,,,,,,
24.16667,1304,,,,,,,,,,,,,,,,,,,
24.175,1237,,,,,,,,,,,,,,,,,,,
24.18333,1173,,,,,,,,,,,,,,,,,,,
24.19167,1111,,,,,,,,,,,,,,,,,,,
24.2,1053,,,,,,,,,,,,,,,,,,,
24.20833,996,,,,,,,,,,,,,,,,,,,
24.21667,942,,,,,,,,,,,,,,,,,,,
24.225,890,,,,,,,,,,,,,,,,,,,
24.23333,840,,,,,,,,,,,,,,,,,,,
24.24167,792,,,,,,,,,,,,,,,,,,,
24.25,747,,,,,,,,,,,,,,,,,,,
24.25833,705,,,,,,,,,,,,,,,,,,,
24.26667,667,,,,,,,,,,,,,,,,,,,
24.275,631,,,,,,,,,,,,,,,,,,,
24.28333,599,,,,,,,,,,,,,,,,,,,
24.29167,569,,,,,,,,,,,,,,,,,,,
24.3,539,,,,,,,,,,,,,,,,,,,
24.30833,510,,,,,,,,,,,,,,,,,,,
24.31667,482,,,,,,,,,,,,,,,,,,,
24.325,455,,,,,,,,,,,,,,,,,,,
24.33333,428,,,,,,,,,,,,,,,,,,,
24.34167,404,,,,,,,,,,,,,,,,,,,
24.35,381,,,,,,,,,,,,,,,,,,,
24.35833,360,,,,,,,,,,,,,,,,,,,
24.36667,342,,,,,,,,,,,,,,,,,,,
24.375,325,,,,,,,,,,,,,,,,,,,
24.38333,309,,,,,,,,,,,,,,,,,,,
24.39167,293,,,,,,,,,,,,,,,,,,,
24.4,279,,,,,,,,,,,,,,,,,,,
24.40833,266,,,,,,,,,,,,,,,,,,,
24.41667,251,,,,,,,,,,,,,,,,,,,
24.425,238,,,,,,,,,,,,,,,,,,,
24.43333,224,,,,,,,,,,,,,,,,,,,
24.44167,212,,,,,,,,,,,,,,,,,,,
24.45,201,,,,,,,,,,,,,,,,,,,
24.45833,192,,,,,,,,,,,,,,,,,,,
24.46667,183,,,,,,,,,,,,,,,,,,,
24.475,177,,,,,,,,,,,,,,,,,,,
24.48333,171,,,,,,,,,,,,,,,,,,,
24.49167,165,,,,,,,,,,,,,,,,,,,
24.5,161,,,,,,,,,,,,,,,,,,,
24.50833,157,,,,,,,,,,,,,,,,,,,
24.51667,152,,,,,,,,,,,,,,,,,,,
24.525,146,,,,,,,,,,,,,,,,,,,
24.53333,141,,,,,,,,,,,,,,,,,,,
24.54167,135,,,,,,,,,,,,,,,,,,,
24.55,130,,,,,,,,,,,,,,,,,,,
24.55833,128,,,,,,,,,,,,,,,,,,,
24.56667,126,,,,,,,,,,,,,,,,,,,
24.575,125,,,,,,,,,,,,,,,,,,,
24.58333,126,,,,,,,,,,,,,,,,,,,
24.59167,126,,,,,,,,,,,,,,,,,,,
24.6,127,,,,,,,,,,,,,,,,,,,
24.60833,128,,,,,,,,,,,,,,,,,,,
24.61667,127,,,,,,,,,,,,,,,,,,,
24.625,127,,,,,,,,,,,,,,,,,,,
24.63333,126,,,,,,,,,,,,,,,,,,,
24.64167,125,,,,,,,,,,,,,,,,,,,
24.65,124,,,,,,,,,,,,,,,,,,,
24.65833,125,,,,,,,,,,,,,,,,,,,
24.66667,128,,,,,,,,,,,,,,,,,,,
24.675,131,,,,,,,,,,,,,,,,,,,
24.68333,134,,,,,,,,,,,,,,,,,,,
24.69167,138,,,,,,,,,,,,,,,,,,,
24.7,143,,,,,,,,,,,,,,,,,,,
24.70833,147,,,,,,,,,,,,,,,,,,,
24.71667,151,,,,,,,,,,,,,,,,,,,
24.725,154,,,,,,,,,,,,,,,,,,,
24.73333,158,,,,,,,,,,,,,,,,,,,
24.74167,161,,,,,,,,,,,,,,,,,,,
24.75,165,,,,,,,,,,,,,,,,,,,
24.75833,171,,,,,,,,,,,,,,,,,,,
24.76667,177,,,,,,,,,,,,,,,,,,,
24.775,183,,,,,,,,,,,,,,,,,,,
24.78333,190,,,,,,,,,,,,,,,,,,,
24.79167,198,,,,,,,,,,,,,,,,,,,
24.8,205,,,,,,,,,,,,,,,,,,,
24.80833,213,,,,,,,,,,,,,,,,,,,
24.81667,220,,,,,,,,,,,,,,,,,,,
24.825,228,,,,,,,,,,,,,,,,,,,
24.83333,236,,,,,,,,,,,,,,,,,,,
24.84167,243,,,,,,,,,,,,,,,,,,,
24.85,252,,,,,,,,,,,,,,,,,,,
24.85833,262,,,,,,,,,,,,,,,,,,,
24.86667,274,,,,,,,,,,,,,,,,,,,
24.875,286,,,,,,,,,,,,,,,,,,,
24.88333,298,,,,,,,,,,,,,,,,,,,
24.89167,311,,,,,,,,,,,,,,,,,,,
24.9,325,,,,,,,,,,,,,,,,,,,
24.90833,338,,,,,,,,,,,,,,,,,,,
24.91667,352,,,,,,,,,,,,,,,,,,,
24.925,366,,,,,,,,,,,,,,,,,,,
24.93333,379,,,,,,,,,,,,,,,,,,,
24.94167,391,,,,,,,,,,,,,,,,,,,
24.95,404,,,,,,,,,,,,,,,,,,,
24.95833,419,,,,,,,,,,,,,,,,,,,
24.96667,436,,,,,,,,,,,,,,,,,,,
24.975,455,,,,,,,,,,,,,,,,,,,
24.98333,475,,,,,,,,,,,,,,,,,,,
24.99167,495,,,,,,,,,,,,,,,,,,,
25,517,,,,,,,,,,,,,,,,,,,
25.00833,539,,,,,,,,,,,,,,,,,,,
25.01667,559,,,,,,,,,,,,,,,,,,,
25.025,578,,,,,,,,,,,,,,,,,,,
25.03333,599,,,,,,,,,,,,,,,,,,,
25.04167,621,,,,,,,,,,,,,,,,,,,
25.05,644,,,,,,,,,,,,,,,,,,,
25.05833,667,,,,,,,,,,,,,,,,,,,
25.06667,692,,,,,,,,,,,,,,,,,,,
25.075,721,,,,,,,,,,,,,,,,,,,
25.08333,752,,,,,,,,,,,,,,,,,,,
25.09167,784,,,,,,,,,,,,,,,,,,,
25.1,816,,,,,,,,,,,,,,,,,,,
25.10833,850,,,,,,,,,,,,,,,,,,,
25.11667,884,,,,,,,,,,,,,,,,,,,
25.125,918,,,,,,,,,,,,,,,,,,,
25.13333,952,,,,,,,,,,,,,,,,,,,
25.14167,988,,,,,,,,,,,,,,,,,,,
25.15,1025,,,,,,,,,,,,,,,,,,,
25.15833,1064,,,,,,,,,,,,,,,,,,,
25.16667,1106,,,,,,,,,,,,,,,,,,,
25.175,1150,,,,,,,,,,,,,,,,,,,
25.18333,1196,,,,,,,,,,,,,,,,,,,
25.19167,1244,,,,,,,,,,,,,,,,,,,
25.2,1295,,,,,,,,,,,,,,,,,,,
25.20833,1346,,,,,,,,,,,,,,,,,,,
25.21667,1400,,,,,,,,,,,,,,,,,,,
25.225,1454,,,,,,,,,,,,,,,,,,,
25.23333,1510,,,,,,,,,,,,,,,,,,,
25.24167,1569,,,,,,,,,,,,,,,,,,,
25.25,1630,,,,,,,,,,,,,,,,,,,
25.25833,1694,,,,,,,,,,,,,,,,,,,
25.26667,1761,,,,,,,,,,,,,,,,,,,
25.275,1833,,,,,,,,,,,,,,,,,,,
25.28333,1909,,,,,,,,,,,,,,,,,,,
25.29167,1989,,,,,,,,,,,,,,,,,,,
25.3,2073,,,,,,,,,,,,,,,,,,,
25.30833,2160,,,,,,,,,,,,,,,,,,,
25.31667,2249,,,,,,,,,,,,,,,,,,,
25.325,2340,,,,,,,,,,,,,,,,,,,
25.33333,2436,,,,,,,,,,,,,,,,,,,
25.34167,2536,,,,,,,,,,,,,,,,,,,
25.35,2640,,,,,,,,,,,,,,,,,,,
25.35833,2750,,,,,,,,,,,,,,,,,,,
25.36667,2866,,,,,,,,,,,,,,,,,,,
25.375,2988,,,,,,,,,,,,,,,,,,,
25.38333,3117,,,,,,,,,,,,,,,,,,,
25.39167,3254,,,,,,,,,,,,,,,,,,,
25.4,3398,,,,,,,,,,,,,,,,,,,
25.40833,3547,,,,,,,,,,,,,,,,,,,
25.41667,3689,,,,,,,,,,,,,,,,,,,
,,,,,,,,,,,,,,,,,,,,
[LC Status Trace(Pump A Pressure)],,,,,,,,,,,,,,,,,,,,
Interval(msec),1000,,,,,,,,,,,,,,,,,,,
# of Points,1527,,,,,,,,,,,,,,,,,,,
Start Time(min),0,,,,,,,,,,,,,,,,,,,
End Time(min),25.433,,,,,,,,,,,,,,,,,,,
Intensity Units,psi,,,,,,,,,,,,,,,,,,,
Intensity Multiplier,14.2233,,,,,,,,,,,,,,,,,,,
R.Time (min),Intensity,,,,,,,,,,,,,,,,,,,
0,188.1,,,,,,,,,,,,,,,,,,,
0.01667,188.1,,,,,,,,,,,,,,,,,,,
0.03333,185.3,,,,,,,,,,,,,,,,,,,
0.05,183.5,,,,,,,,,,,,,,,,,,,
0.06667,180.5,,,,,,,,,,,,,,,,,,,
0.08333,181.4,,,,,,,,,,,,,,,,,,,
0.1,183.2,,,,,,,,,,,,,,,,,,,
0.11667,184.7,,,,,,,,,,,,,,,,,,,
0.13333,186.2,,,,,,,,,,,,,,,,,,,
0.15,186.6,,,,,,,,,,,,,,,,,,,
0.16667,187,,,,,,,,,,,,,,,,,,,
0.18333,187,,,,,,,,,,,,,,,,,,,
0.2,187.1,,,,,,,,,,,,,,,,,,,
0.21667,187.5,,,,,,,,,,,,,,,,,,,
0.23333,187.5,,,,,,,,,,,,,,,,,,,
0.25,187.5,,,,,,,,,,,,,,,,,,,
0.26667,187.4,,,,,,,,,,,,,,,,,,,
0.28333,187.4,,,,,,,,,,,,,,,,,,,
0.3,187.5,,,,,,,,,,,,,,,,,,,
0.31667,187.7,,,,,,,,,,,,,,,,,,,
0.33333,187.8,,,,,,,,,,,,,,,,,,,
0.35,187.8,,,,,,,,,,,,,,,,,,,
0.36667,187.5,,,,,,,,,,,,,,,,,,,
0.38333,187.3,,,,,,,,,,,,,,,,,,,
0.4,187,,,,,,,,,,,,,,,,,,,
0.41667,187.9,,,,,,,,,,,,,,,,,,,
0.43333,187.7,,,,,,,,,,,,,,,,,,,
0.45,187.8,,,,,,,,,,,,,,,,,,,
0.46667,187.5,,,,,,,,,,,,,,,,,,,
0.48333,187.3,,,,,,,,,,,,,,,,,,,
0.5,187.5,,,,,,,,,,,,,,,,,,,
0.51667,187.7,,,,,,,,,,,,,,,,,,,
0.53333,187.5,,,,,,,,,,,,,,,,,,,
0.55,187.7,,,,,,,,,,,,,,,,,,,
0.56667,187.1,,,,,,,,,,,,,,,,,,,
0.58333,187.5,,,,,,,,,,,,,,,,,,,
0.6,187.4,,,,,,,,,,,,,,,,,,,
0.61667,187.4,,,,,,,,,,,,,,,,,,,
0.63333,187.8,,,,,,,,,,,,,,,,,,,
0.65,187.8,,,,,,,,,,,,,,,,,,,
0.66667,187.1,,,,,,,,,,,,,,,,,,,
0.68333,187.1,,,,,,,,,,,,,,,,,,,
0.7,187.5,,,,,,,,,,,,,,,,,,,
0.71667,187.3,,,,,,,,,,,,,,,,,,,
0.73333,187.9,,,,,,,,,,,,,,,,,,,
0.75,187.7,,,,,,,,,,,,,,,,,,,
0.76667,187.4,,,,,,,,,,,,,,,,,,,
0.78333,187.4,,,,,,,,,,,,,,,,,,,
0.8,187.3,,,,,,,,,,,,,,,,,,,
0.81667,187.7,,,,,,,,,,,,,,,,,,,
0.83333,187.8,,,,,,,,,,,,,,,,,,,
0.85,187.7,,,,,,,,,,,,,,,,,,,
0.86667,187.7,,,,,,,,,,,,,,,,,,,
0.88333,187.3,,,,,,,,,,,,,,,,,,,
0.9,187.1,,,,,,,,,,,,,,,,,,,
0.91667,187.5,,,,,,,,,,,,,,,,,,,
0.93333,187.8,,,,,,,,,,,,,,,,,,,
0.95,187.4,,,,,,,,,,,,,,,,,,,
0.96667,187.4,,,,,,,,,,,,,,,,,,,
0.98333,187.5,,,,,,,,,,,,,,,,,,,
1,187.3,,,,,,,,,,,,,,,,,,,
1.01667,187.4,,,,,,,,,,,,,,,,,,,
1.03333,187.5,,,,,,,,,,,,,,,,,,,
1.05,187.8,,,,,,,,,,,,,,,,,,,
1.06667,187.3,,,,,,,,,,,,,,,,,,,
1.08333,187.3,,,,,,,,,,,,,,,,,,,
1.1,186.9,,,,,,,,,,,,,,,,,,,
1.11667,187.3,,,,,,,,,,,,,,,,,,,
1.13333,187.4,,,,,,,,,,,,,,,,,,,
1.15,187.7,,,,,,,,,,,,,,,,,,,
1.16667,187.3,,,,,,,,,,,,,,,,,,,
1.18333,187.3,,,,,,,,,,,,,,,,,,,
1.2,186.9,,,,,,,,,,,,,,,,,,,
1.21667,186.4,,,,,,,,,,,,,,,,,,,
1.23333,186.1,,,,,,,,,,,,,,,,,,,
1.25,186,,,,,,,,,,,,,,,,,,,
1.26667,185.6,,,,,,,,,,,,,,,,,,,
1.28333,185.5,,,,,,,,,,,,,,,,,,,
1.3,185.5,,,,,,,,,,,,,,,,,,,
1.31667,185.8,,,,,,,,,,,,,,,,,,,
1.33333,186.2,,,,,,,,,,,,,,,,,,,
1.35,186.2,,,,,,,,,,,,,,,,,,,
1.36667,186.2,,,,,,,,,,,,,,,,,,,
1.38333,186.8,,,,,,,,,,,,,,,,,,,
1.4,187,,,,,,,,,,,,,,,,,,,
1.41667,187.3,,,,,,,,,,,,,,,,,,,
1.43333,187.8,,,,,,,,,,,,,,,,,,,
1.45,188.2,,,,,,,,,,,,,,,,,,,
1.46667,188.3,,,,,,,,,,,,,,,,,,,
1.48333,188.1,,,,,,,,,,,,,,,,,,,
1.5,187.9,,,,,,,,,,,,,,,,,,,
1.51667,187.9,,,,,,,,,,,,,,,,,,,
1.53333,188.4,,,,,,,,,,,,,,,,,,,
1.55,188.6,,,,,,,,,,,,,,,,,,,
1.56667,188.4,,,,,,,,,,,,,,,,,,,
1.58333,188.3,,,,,,,,,,,,,,,,,,,
1.6,187.9,,,,,,,,,,,,,,,,,,,
1.61667,188.4,,,,,,,,,,,,,,,,,,,
1.63333,188.2,,,,,,,,,,,,,,,,,,,
1.65,188.3,,,,,,,,,,,,,,,,,,,
1.66667,188.8,,,,,,,,,,,,,,,,,,,
1.68333,188.6,,,,,,,,,,,,,,,,,,,
1.7,188.2,,,,,,,,,,,,,,,,,,,
1.71667,188.4,,,,,,,,,,,,,,,,,,,
1.73333,188.4,,,,,,,,,,,,,,,,,,,
1.75,188.7,,,,,,,,,,,,,,,,,,,
1.76667,188.3,,,,,,,,,,,,,,,,,,,
1.78333,188.3,,,,,,,,,,,,,,,,,,,
1.8,187.8,,,,,,,,,,,,,,,,,,,
1.81667,188.2,,,,,,,,,,,,,,,,,,,
1.83333,188.1,,,,,,,,,,,,,,,,,,,
1.85,188.6,,,,,,,,,,,,,,,,,,,
1.86667,188.6,,,,,,,,,,,,,,,,,,,
1.88333,188.6,,,,,,,,,,,,,,,,,,,
1.9,188.2,,,,,,,,,,,,,,,,,,,
1.91667,187.9,,,,,,,,,,,,,,,,,,,
1.93333,188.1,,,,,,,,,,,,,,,,,,,
1.95,188.4,,,,,,,,,,,,,,,,,,,
1.96667,188.4,,,,,,,,,,,,,,,,,,,
1.98333,188.1,,,,,,,,,,,,,,,,,,,
2,187.9,,,,,,,,,,,,,,,,,,,
2.01667,187.9,,,,,,,,,,,,,,,,,,,
2.03333,188.3,,,,,,,,,,,,,,,,,,,
2.05,188.3,,,,,,,,,,,,,,,,,,,
2.06667,188.2,,,,,,,,,,,,,,,,,,,
2.08333,188.2,,,,,,,,,,,,,,,,,,,
2.1,188.2,,,,,,,,,,,,,,,,,,,
2.11667,187.9,,,,,,,,,,,,,,,,,,,
2.13333,187.8,,,,,,,,,,,,,,,,,,,
2.15,188.3,,,,,,,,,,,,,,,,,,,
2.16667,188.6,,,,,,,,,,,,,,,,,,,
2.18333,188.4,,,,,,,,,,,,,,,,,,,
2.2,188.1,,,,,,,,,,,,,,,,,,,
2.21667,187.8,,,,,,,,,,,,,,,,,,,
2.23333,188.2,,,,,,,,,,,,,,,,,,,
2.25,188.3,,,,,,,,,,,,,,,,,,,
2.26667,188.4,,,,,,,,,,,,,,,,,,,
2.28333,188.4,,,,,,,,,,,,,,,,,,,
2.3,187.9,,,,,,,,,,,,,,,,,,,
2.31667,188.1,,,,,,,,,,,,,,,,,,,
2.33333,188.1,,,,,,,,,,,,,,,,,,,
2.35,188.1,,,,,,,,,,,,,,,,,,,
2.36667,188.4,,,,,,,,,,,,,,,,,,,
2.38333,188.3,,,,,,,,,,,,,,,,,,,
2.4,188.2,,,,,,,,,,,,,,,,,,,
2.41667,188.1,,,,,,,,,,,,,,,,,,,
2.43333,188.2,,,,,,,,,,,,,,,,,,,
2.45,188.2,,,,,,,,,,,,,,,,,,,
2.46667,188.4,,,,,,,,,,,,,,,,,,,
2.48333,188.4,,,,,,,,,,,,,,,,,,,
2.5,188.3,,,,,,,,,,,,,,,,,,,
2.51667,188.2,,,,,,,,,,,,,,,,,,,
2.53333,187.9,,,,,,,,,,,,,,,,,,,
2.55,188.4,,,,,,,,,,,,,,,,,,,
2.56667,188.6,,,,,,,,,,,,,,,,,,,
2.58333,188.3,,,,,,,,,,,,,,,,,,,
2.6,188.2,,,,,,,,,,,,,,,,,,,
2.61667,188.2,,,,,,,,,,,,,,,,,,,
2.63333,187.8,,,,,,,,,,,,,,,,,,,
2.65,188.2,,,,,,,,,,,,,,,,,,,
2.66667,188.3,,,,,,,,,,,,,,,,,,,
2.68333,188.3,,,,,,,,,,,,,,,,,,,
2.7,188.1,,,,,,,,,,,,,,,,,,,
2.71667,188.2,,,,,,,,,,,,,,,,,,,
2.73333,187.7,,,,,,,,,,,,,,,,,,,
2.75,188.1,,,,,,,,,,,,,,,,,,,
2.76667,188.3,,,,,,,,,,,,,,,,,,,
2.78333,188.4,,,,,,,,,,,,,,,,,,,
2.8,188.2,,,,,,,,,,,,,,,,,,,
2.81667,188.2,,,,,,,,,,,,,,,,,,,
2.83333,188.1,,,,,,,,,,,,,,,,,,,
2.85,188.3,,,,,,,,,,,,,,,,,,,
2.86667,188.2,,,,,,,,,,,,,,,,,,,
2.88333,188.4,,,,,,,,,,,,,,,,,,,
2.9,188.3,,,,,,,,,,,,,,,,,,,
2.91667,188.1,,,,,,,,,,,,,,,,,,,
2.93333,188.1,,,,,,,,,,,,,,,,,,,
2.95,188.1,,,,,,,,,,,,,,,,,,,
2.96667,188.3,,,,,,,,,,,,,,,,,,,
2.98333,188.3,,,,,,,,,,,,,,,,,,,
3,188.2,,,,,,,,,,,,,,,,,,,
3.01667,188.1,,,,,,,,,,,,,,,,,,,
3.03333,187.8,,,,,,,,,,,,,,,,,,,
3.05,187.9,,,,,,,,,,,,,,,,,,,
3.06667,188.3,,,,,,,,,,,,,,,,,,,
3.08333,188.3,,,,,,,,,,,,,,,,,,,
3.1,188.3,,,,,,,,,,,,,,,,,,,
3.11667,188.2,,,,,,,,,,,,,,,,,,,
3.13333,187.9,,,,,,,,,,,,,,,,,,,
3.15,187.7,,,,,,,,,,,,,,,,,,,
3.16667,188.3,,,,,,,,,,,,,,,,,,,
3.18333,188.3,,,,,,,,,,,,,,,,,,,
3.2,188.2,,,,,,,,,,,,,,,,,,,
3.21667,187.8,,,,,,,,,,,,,,,,,,,
3.23333,187.9,,,,,,,,,,,,,,,,,,,
3.25,188.1,,,,,,,,,,,,,,,,,,,
3.26667,188.3,,,,,,,,,,,,,,,,,,,
3.28333,188.3,,,,,,,,,,,,,,,,,,,
3.3,188.4,,,,,,,,,,,,,,,,,,,
3.31667,188.2,,,,,,,,,,,,,,,,,,,
3.33333,187.7,,,,,,,,,,,,,,,,,,,
3.35,188.1,,,,,,,,,,,,,,,,,,,
3.36667,188.3,,,,,,,,,,,,,,,,,,,
3.38333,188.1,,,,,,,,,,,,,,,,,,,
3.4,188.2,,,,,,,,,,,,,,,,,,,
3.41667,187.9,,,,,,,,,,,,,,,,,,,
3.43333,187.5,,,,,,,,,,,,,,,,,,,
3.45,187.8,,,,,,,,,,,,,,,,,,,
3.46667,188.1,,,,,,,,,,,,,,,,,,,
3.48333,188.3,,,,,,,,,,,,,,,,,,,
3.5,188.1,,,,,,,,,,,,,,,,,,,
3.51667,188.1,,,,,,,,,,,,,,,,,,,
3.53333,187.8,,,,,,,,,,,,,,,,,,,
3.55,187.9,,,,,,,,,,,,,,,,,,,
3.56667,187.8,,,,,,,,,,,,,,,,,,,
3.58333,188.3,,,,,,,,,,,,,,,,,,,
3.6,188.3,,,,,,,,,,,,,,,,,,,
3.61667,187.9,,,,,,,,,,,,,,,,,,,
3.63333,187.9,,,,,,,,,,,,,,,,,,,
3.65,187.9,,,,,,,,,,,,,,,,,,,
3.66667,187.8,,,,,,,,,,,,,,,,,,,
3.68333,188.2,,,,,,,,,,,,,,,,,,,
3.7,188.2,,,,,,,,,,,,,,,,,,,
3.71667,187.8,,,,,,,,,,,,,,,,,,,
3.73333,188.1,,,,,,,,,,,,,,,,,,,
3.75,187.7,,,,,,,,,,,,,,,,,,,
3.76667,187.9,,,,,,,,,,,,,,,,,,,
3.78333,188.1,,,,,,,,,,,,,,,,,,,
3.8,187.9,,,,,,,,,,,,,,,,,,,
3.81667,188.1,,,,,,,,,,,,,,,,,,,
3.83333,187.7,,,,,,,,,,,,,,,,,,,
3.85,187.7,,,,,,,,,,,,,,,,,,,
3.86667,188.1,,,,,,,,,,,,,,,,,,,
3.88333,188.2,,,,,,,,,,,,,,,,,,,
3.9,188.1,,,,,,,,,,,,,,,,,,,
3.91667,187.8,,,,,,,,,,,,,,,,,,,
3.93333,187.9,,,,,,,,,,,,,,,,,,,
3.95,188.1,,,,,,,,,,,,,,,,,,,
3.96667,187.8,,,,,,,,,,,,,,,,,,,
3.98333,188.1,,,,,,,,,,,,,,,,,,,
4,188.2,,,,,,,,,,,,,,,,,,,
4.01667,188.1,,,,,,,,,,,,,,,,,,,
4.03333,187.8,,,,,,,,,,,,,,,,,,,
4.05,188.1,,,,,,,,,,,,,,,,,,,
4.06667,188.1,,,,,,,,,,,,,,,,,,,
4.08333,187.9,,,,,,,,,,,,,,,,,,,
4.1,188.2,,,,,,,,,,,,,,,,,,,
4.11667,187.9,,,,,,,,,,,,,,,,,,,
4.13333,188.1,,,,,,,,,,,,,,,,,,,
4.15,187.7,,,,,,,,,,,,,,,,,,,
4.16667,187.9,,,,,,,,,,,,,,,,,,,
4.18333,187.9,,,,,,,,,,,,,,,,,,,
4.2,188.3,,,,,,,,,,,,,,,,,,,
4.21667,187.8,,,,,,,,,,,,,,,,,,,
4.23333,188.1,,,,,,,,,,,,,,,,,,,
4.25,187.7,,,,,,,,,,,,,,,,,,,
4.26667,187.9,,,,,,,,,,,,,,,,,,,
4.28333,188.1,,,,,,,,,,,,,,,,,,,
4.3,188.2,,,,,,,,,,,,,,,,,,,
4.31667,188.1,,,,,,,,,,,,,,,,,,,
4.33333,188.1,,,,,,,,,,,,,,,,,,,
4.35,188.1,,,,,,,,,,,,,,,,,,,
4.36667,188.2,,,,,,,,,,,,,,,,,,,
4.38333,188.2,,,,,,,,,,,,,,,,,,,
4.4,188.1,,,,,,,,,,,,,,,,,,,
4.41667,188.2,,,,,,,,,,,,,,,,,,,
4.43333,187.9,,,,,,,,,,,,,,,,,,,
4.45,187.7,,,,,,,,,,,,,,,,,,,
4.46667,188.1,,,,,,,,,,,,,,,,,,,
4.48333,187.9,,,,,,,,,,,,,,,,,,,
4.5,188.1,,,,,,,,,,,,,,,,,,,
4.51667,188.2,,,,,,,,,,,,,,,,,,,
4.53333,187.8,,,,,,,,,,,,,,,,,,,
4.55,188.1,,,,,,,,,,,,,,,,,,,
4.56667,187.9,,,,,,,,,,,,,,,,,,,
4.58333,188.1,,,,,,,,,,,,,,,,,,,
4.6,188.2,,,,,,,,,,,,,,,,,,,
4.61667,188.3,,,,,,,,,,,,,,,,,,,
4.63333,188.1,,,,,,,,,,,,,,,,,,,
4.65,187.8,,,,,,,,,,,,,,,,,,,
4.66667,187.8,,,,,,,,,,,,,,,,,,,
4.68333,188.1,,,,,,,,,,,,,,,,,,,
4.7,188.2,,,,,,,,,,,,,,,,,,,
4.71667,188.2,,,,,,,,,,,,,,,,,,,
4.73333,188.1,,,,,,,,,,,,,,,,,,,
4.75,187.7,,,,,,,,,,,,,,,,,,,
4.76667,187.7,,,,,,,,,,,,,,,,,,,
4.78333,187.8,,,,,,,,,,,,,,,,,,,
4.8,188.1,,,,,,,,,,,,,,,,,,,
4.81667,188.2,,,,,,,,,,,,,,,,,,,
4.83333,188.2,,,,,,,,,,,,,,,,,,,
4.85,188.1,,,,,,,,,,,,,,,,,,,
4.86667,187.8,,,,,,,,,,,,,,,,,,,
4.88333,187.9,,,,,,,,,,,,,,,,,,,
4.9,188.2,,,,,,,,,,,,,,,,,,,
4.91667,188.4,,,,,,,,,,,,,,,,,,,
4.93333,188.1,,,,,,,,,,,,,,,,,,,
4.95,188.2,,,,,,,,,,,,,,,,,,,
4.96667,187.9,,,,,,,,,,,,,,,,,,,
4.98333,187.8,,,,,,,,,,,,,,,,,,,
5,188.2,,,,,,,,,,,,,,,,,,,
5.01667,187.9,,,,,,,,,,,,,,,,,,,
5.03333,187.9,,,,,,,,,,,,,,,,,,,
5.05,187.9,,,,,,,,,,,,,,,,,,,
5.06667,187.7,,,,,,,,,,,,,,,,,,,
5.08333,187.5,,,,,,,,,,,,,,,,,,,
5.1,188.1,,,,,,,,,,,,,,,,,,,
5.11667,188.2,,,,,,,,,,,,,,,,,,,
5.13333,188.2,,,,,,,,,,,,,,,,,,,
5.15,187.9,,,,,,,,,,,,,,,,,,,
5.16667,187.5,,,,,,,,,,,,,,,,,,,
5.18333,187.9,,,,,,,,,,,,,,,,,,,
5.2,188.1,,,,,,,,,,,,,,,,,,,
5.21667,188.4,,,,,,,,,,,,,,,,,,,
5.23333,188.2,,,,,,,,,,,,,,,,,,,
5.25,187.8,,,,,,,,,,,,,,,,,,,
5.26667,187.9,,,,,,,,,,,,,,,,,,,
5.28333,187.8,,,,,,,,,,,,,,,,,,,
5.3,187.8,,,,,,,,,,,,,,,,,,,
5.31667,188.3,,,,,,,,,,,,,,,,,,,
5.33333,188.3,,,,,,,,,,,,,,,,,,,
5.35,187.9,,,,,,,,,,,,,,,,,,,
5.36667,187.9,,,,,,,,,,,,,,,,,,,
5.38333,188.1,,,,,,,,,,,,,,,,,,,
5.4,187.8,,,,,,,,,,,,,,,,,,,
5.41667,188.1,,,,,,,,,,,,,,,,,,,
5.43333,188.2,,,,,,,,,,,,,,,,,,,
5.45,187.9,,,,,,,,,,,,,,,,,,,
5.46667,187.9,,,,,,,,,,,,,,,,,,,
5.48333,187.7,,,,,,,,,,,,,,,,,,,
5.5,188.2,,,,,,,,,,,,,,,,,,,
5.51667,188.2,,,,,,,,,,,,,,,,,,,
5.53333,188.3,,,,,,,,,,,,,,,,,,,
5.55,188.2,,,,,,,,,,,,,,,,,,,
5.56667,187.8,,,,,,,,,,,,,,,,,,,
5.58333,187.7,,,,,,,,,,,,,,,,,,,
5.6,188.1,,,,,,,,,,,,,,,,,,,
5.61667,188.2,,,,,,,,,,,,,,,,,,,
5.63333,187.9,,,,,,,,,,,,,,,,,,,
5.65,187.9,,,,,,,,,,,,,,,,,,,
5.66667,187.9,,,,,,,,,,,,,,,,,,,
5.68333,187.7,,,,,,,,,,,,,,,,,,,
5.7,187.9,,,,,,,,,,,,,,,,,,,
5.71667,188.2,,,,,,,,,,,,,,,,,,,
5.73333,188.4,,,,,,,,,,,,,,,,,,,
5.75,188.2,,,,,,,,,,,,,,,,,,,
5.76667,187.8,,,,,,,,,,,,,,,,,,,
5.78333,188.1,,,,,,,,,,,,,,,,,,,
5.8,188.2,,,,,,,,,,,,,,,,,,,
5.81667,188.3,,,,,,,,,,,,,,,,,,,
5.83333,188.3,,,,,,,,,,,,,,,,,,,
5.85,188.1,,,,,,,,,,,,,,,,,,,
5.86667,187.7,,,,,,,,,,,,,,,,,,,
5.88333,187.9,,,,,,,,,,,,,,,,,,,
5.9,187.8,,,,,,,,,,,,,,,,,,,
5.91667,187.8,,,,,,,,,,,,,,,,,,,
5.93333,188.3,,,,,,,,,,,,,,,,,,,
5.95,188.2,,,,,,,,,,,,,,,,,,,
5.96667,187.8,,,,,,,,,,,,,,,,,,,
5.98333,187.9,,,,,,,,,,,,,,,,,,,
6,187.8,,,,,,,,,,,,,,,,,,,
6.01667,188.2,,,,,,,,,,,,,,,,,,,
6.03333,188.2,,,,,,,,,,,,,,,,,,,
6.05,188.3,,,,,,,,,,,,,,,,,,,
6.06667,187.8,,,,,,,,,,,,,,,,,,,
6.08333,187.8,,,,,,,,,,,,,,,,,,,
6.1,187.8,,,,,,,,,,,,,,,,,,,
6.11667,188.2,,,,,,,,,,,,,,,,,,,
6.13333,188.1,,,,,,,,,,,,,,,,,,,
6.15,188.1,,,,,,,,,,,,,,,,,,,
6.16667,188.3,,,,,,,,,,,,,,,,,,,
6.18333,187.9,,,,,,,,,,,,,,,,,,,
6.2,188.1,,,,,,,,,,,,,,,,,,,
6.21667,188.3,,,,,,,,,,,,,,,,,,,
6.23333,188.2,,,,,,,,,,,,,,,,,,,
6.25,188.2,,,,,,,,,,,,,,,,,,,
6.26667,188.1,,,,,,,,,,,,,,,,,,,
6.28333,187.8,,,,,,,,,,,,,,,,,,,
6.3,188.1,,,,,,,,,,,,,,,,,,,
6.31667,188.3,,,,,,,,,,,,,,,,,,,
6.33333,188.1,,,,,,,,,,,,,,,,,,,
6.35,188.4,,,,,,,,,,,,,,,,,,,
6.36667,188.3,,,,,,,,,,,,,,,,,,,
6.38333,187.5,,,,,,,,,,,,,,,,,,,
6.4,187.9,,,,,,,,,,,,,,,,,,,
6.41667,188.2,,,,,,,,,,,,,,,,,,,
6.43333,188.4,,,,,,,,,,,,,,,,,,,
6.45,188.6,,,,,,,,,,,,,,,,,,,
6.46667,187.7,,,,,,,,,,,,,,,,,,,
6.48333,188.2,,,,,,,,,,,,,,,,,,,
6.5,188.2,,,,,,,,,,,,,,,,,,,
6.51667,188.2,,,,,,,,,,,,,,,,,,,
6.53333,188.1,,,,,,,,,,,,,,,,,,,
6.55,188.4,,,,,,,,,,,,,,,,,,,
6.56667,188.1,,,,,,,,,,,,,,,,,,,
6.58333,188.1,,,,,,,,,,,,,,,,,,,
6.6,187.9,,,,,,,,,,,,,,,,,,,
6.61667,187.8,,,,,,,,,,,,,,,,,,,
6.63333,188.3,,,,,,,,,,,,,,,,,,,
6.65,188.2,,,,,,,,,,,,,,,,,,,
6.66667,187.9,,,,,,,,,,,,,,,,,,,
6.68333,188.1,,,,,,,,,,,,,,,,,,,
6.7,187.8,,,,,,,,,,,,,,,,,,,
6.71667,188.2,,,,,,,,,,,,,,,,,,,
6.73333,188.3,,,,,,,,,,,,,,,,,,,
6.75,188.2,,,,,,,,,,,,,,,,,,,
6.76667,188.4,,,,,,,,,,,,,,,,,,,
6.78333,188.1,,,,,,,,,,,,,,,,,,,
6.8,187.8,,,,,,,,,,,,,,,,,,,
6.81667,188.3,,,,,,,,,,,,,,,,,,,
6.83333,188.6,,,,,,,,,,,,,,,,,,,
6.85,188.4,,,,,,,,,,,,,,,,,,,
6.86667,187.9,,,,,,,,,,,,,,,,,,,
6.88333,188.2,,,,,,,,,,,,,,,,,,,
6.9,188.2,,,,,,,,,,,,,,,,,,,
6.91667,188.2,,,,,,,,,,,,,,,,,,,
6.93333,188.2,,,,,,,,,,,,,,,,,,,
6.95,188.6,,,,,,,,,,,,,,,,,,,
6.96667,188.4,,,,,,,,,,,,,,,,,,,
6.98333,187.9,,,,,,,,,,,,,,,,,,,
7,188.2,,,,,,,,,,,,,,,,,,,
7.01667,188.4,,,,,,,,,,,,,,,,,,,
7.03333,188.2,,,,,,,,,,,,,,,,,,,
7.05,188.3,,,,,,,,,,,,,,,,,,,
7.06667,188.4,,,,,,,,,,,,,,,,,,,
7.08333,188.1,,,,,,,,,,,,,,,,,,,
7.1,188.1,,,,,,,,,,,,,,,,,,,
7.11667,188.1,,,,,,,,,,,,,,,,,,,
7.13333,188.1,,,,,,,,,,,,,,,,,,,
7.15,188.6,,,,,,,,,,,,,,,,,,,
7.16667,188.4,,,,,,,,,,,,,,,,,,,
7.18333,188.3,,,,,,,,,,,,,,,,,,,
7.2,188.2,,,,,,,,,,,,,,,,,,,
7.21667,188.1,,,,,,,,,,,,,,,,,,,
7.23333,188.6,,,,,,,,,,,,,,,,,,,
7.25,188.4,,,,,,,,,,,,,,,,,,,
7.26667,188.3,,,,,,,,,,,,,,,,,,,
7.28333,188.4,,,,,,,,,,,,,,,,,,,
7.3,188.4,,,,,,,,,,,,,,,,,,,
7.31667,188.2,,,,,,,,,,,,,,,,,,,
7.33333,188.6,,,,,,,,,,,,,,,,,,,
7.35,188.7,,,,,,,,,,,,,,,,,,,
7.36667,188.8,,,,,,,,,,,,,,,,,,,
7.38333,188.3,,,,,,,,,,,,,,,,,,,
7.4,188.4,,,,,,,,,,,,,,,,,,,
7.41667,188.4,,,,,,,,,,,,,,,,,,,
7.43333,188.4,,,,,,,,,,,,,,,,,,,
7.45,188.4,,,,,,,,,,,,,,,,,,,
7.46667,188.7,,,,,,,,,,,,,,,,,,,
7.48333,188.2,,,,,,,,,,,,,,,,,,,
7.5,187.9,,,,,,,,,,,,,,,,,,,
7.51667,188.3,,,,,,,,,,,,,,,,,,,
7.53333,188.4,,,,,,,,,,,,,,,,,,,
7.55,188.3,,,,,,,,,,,,,,,,,,,
7.56667,188.8,,,,,,,,,,,,,,,,,,,
7.58333,188.6,,,,,,,,,,,,,,,,,,,
7.6,188.2,,,,,,,,,,,,,,,,,,,
7.61667,188.4,,,,,,,,,,,,,,,,,,,
7.63333,188.4,,,,,,,,,,,,,,,,,,,
7.65,188.7,,,,,,,,,,,,,,,,,,,
7.66667,188.6,,,,,,,,,,,,,,,,,,,
7.68333,188.6,,,,,,,,,,,,,,,,,,,
7.7,188.3,,,,,,,,,,,,,,,,,,,
7.71667,188.2,,,,,,,,,,,,,,,,,,,
7.73333,188.2,,,,,,,,,,,,,,,,,,,
7.75,188.4,,,,,,,,,,,,,,,,,,,
7.76667,188.6,,,,,,,,,,,,,,,,,,,
7.78333,188.3,,,,,,,,,,,,,,,,,,,
7.8,188.2,,,,,,,,,,,,,,,,,,,
7.81667,188.1,,,,,,,,,,,,,,,,,,,
7.83333,188.1,,,,,,,,,,,,,,,,,,,
7.85,188.6,,,,,,,,,,,,,,,,,,,
7.86667,188.6,,,,,,,,,,,,,,,,,,,
7.88333,188.7,,,,,,,,,,,,,,,,,,,
7.9,188.3,,,,,,,,,,,,,,,,,,,
7.91667,188.1,,,,,,,,,,,,,,,,,,,
7.93333,188.7,,,,,,,,,,,,,,,,,,,
7.95,188.7,,,,,,,,,,,,,,,,,,,
7.96667,188.3,,,,,,,,,,,,,,,,,,,
7.98333,188.8,,,,,,,,,,,,,,,,,,,
8,188.6,,,,,,,,,,,,,,,,,,,
8.01667,188.3,,,,,,,,,,,,,,,,,,,
8.03333,188.6,,,,,,,,,,,,,,,,,,,
8.05,188.7,,,,,,,,,,,,,,,,,,,
8.06667,189,,,,,,,,,,,,,,,,,,,
8.08333,189,,,,,,,,,,,,,,,,,,,
8.1,188.4,,,,,,,,,,,,,,,,,,,
8.11667,188.1,,,,,,,,,,,,,,,,,,,
8.13333,188.1,,,,,,,,,,,,,,,,,,,
8.15,188.6,,,,,,,,,,,,,,,,,,,
8.16667,188.8,,,,,,,,,,,,,,,,,,,
8.18333,188.6,,,,,,,,,,,,,,,,,,,
8.2,188.2,,,,,,,,,,,,,,,,,,,
8.21667,188.3,,,,,,,,,,,,,,,,,,,
8.23333,188.3,,,,,,,,,,,,,,,,,,,
8.25,188.3,,,,,,,,,,,,,,,,,,,
8.26667,188.8,,,,,,,,,,,,,,,,,,,
8.28333,188.8,,,,,,,,,,,,,,,,,,,
8.3,188.4,,,,,,,,,,,,,,,,,,,
8.31667,188.4,,,,,,,,,,,,,,,,,,,
8.33333,188.6,,,,,,,,,,,,,,,,,,,
8.35,188.3,,,,,,,,,,,,,,,,,,,
8.36667,188.8,,,,,,,,,,,,,,,,,,,
8.38333,188.8,,,,,,,,,,,,,,,,,,,
8.4,188.7,,,,,,,,,,,,,,,,,,,
8.41667,188.6,,,,,,,,,,,,,,,,,,,
8.43333,188.4,,,,,,,,,,,,,,,,,,,
8.45,188.3,,,,,,,,,,,,,,,,,,,
8.46667,189,,,,,,,,,,,,,,,,,,,
8.48333,188.7,,,,,,,,,,,,,,,,,,,
8.5,189,,,,,,,,,,,,,,,,,,,
8.51667,188.2,,,,,,,,,,,,,,,,,,,
8.53333,188.2,,,,,,,,,,,,,,,,,,,
8.55,188.7,,,,,,,,,,,,,,,,,,,
8.56667,189,,,,,,,,,,,,,,,,,,,
8.58333,188.6,,,,,,,,,,,,,,,,,,,
8.6,188.6,,,,,,,,,,,,,,,,,,,
8.61667,188.3,,,,,,,,,,,,,,,,,,,
8.63333,188.3,,,,,,,,,,,,,,,,,,,
8.65,188.6,,,,,,,,,,,,,,,,,,,
8.66667,188.8,,,,,,,,,,,,,,,,,,,
8.68333,189,,,,,,,,,,,,,,,,,,,
8.7,188.7,,,,,,,,,,,,,,,,,,,
8.71667,188.4,,,,,,,,,,,,,,,,,,,
8.73333,188.2,,,,,,,,,,,,,,,,,,,
8.75,188.8,,,,,,,,,,,,,,,,,,,
8.76667,188.7,,,,,,,,,,,,,,,,,,,
8.78333,189,,,,,,,,,,,,,,,,,,,
8.8,188.7,,,,,,,,,,,,,,,,,,,
8.81667,188.4,,,,,,,,,,,,,,,,,,,
8.83333,188.7,,,,,,,,,,,,,,,,,,,
8.85,188.7,,,,,,,,,,,,,,,,,,,
8.86667,188.7,,,,,,,,,,,,,,,,,,,
8.88333,189.1,,,,,,,,,,,,,,,,,,,
8.9,189.1,,,,,,,,,,,,,,,,,,,
8.91667,188.8,,,,,,,,,,,,,,,,,,,
8.93333,188.8,,,,,,,,,,,,,,,,,,,
8.95,188.7,,,,,,,,,,,,,,,,,,,
8.96667,189.1,,,,,,,,,,,,,,,,,,,
8.98333,189,,,,,,,,,,,,,,,,,,,
9,189,,,,,,,,,,,,,,,,,,,
9.01667,188.8,,,,,,,,,,,,,,,,,,,
9.03333,188.6,,,,,,,,,,,,,,,,,,,
9.05,188.6,,,,,,,,,,,,,,,,,,,
9.06667,188.8,,,,,,,,,,,,,,,,,,,
9.08333,188.8,,,,,,,,,,,,,,,,,,,
9.1,188.8,,,,,,,,,,,,,,,,,,,
9.11667,188.7,,,,,,,,,,,,,,,,,,,
9.13333,188.7,,,,,,,,,,,,,,,,,,,
9.15,188.7,,,,,,,,,,,,,,,,,,,
9.16667,189.1,,,,,,,,,,,,,,,,,,,
9.18333,188.8,,,,,,,,,,,,,,,,,,,
9.2,189.1,,,,,,,,,,,,,,,,,,,
9.21667,188.7,,,,,,,,,,,,,,,,,,,
9.23333,188.4,,,,,,,,,,,,,,,,,,,
9.25,188.8,,,,,,,,,,,,,,,,,,,
9.26667,188.8,,,,,,,,,,,,,,,,,,,
9.28333,188.8,,,,,,,,,,,,,,,,,,,
9.3,189,,,,,,,,,,,,,,,,,,,
9.31667,188.6,,,,,,,,,,,,,,,,,,,
9.33333,188.7,,,,,,,,,,,,,,,,,,,
9.35,188.8,,,,,,,,,,,,,,,,,,,
9.36667,189.1,,,,,,,,,,,,,,,,,,,
9.38333,189.2,,,,,,,,,,,,,,,,,,,
9.4,189,,,,,,,,,,,,,,,,,,,
9.41667,188.6,,,,,,,,,,,,,,,,,,,
9.43333,188.8,,,,,,,,,,,,,,,,,,,
9.45,188.7,,,,,,,,,,,,,,,,,,,
9.46667,188.8,,,,,,,,,,,,,,,,,,,
9.48333,188.7,,,,,,,,,,,,,,,,,,,
9.5,189.4,,,,,,,,,,,,,,,,,,,
9.51667,188.8,,,,,,,,,,,,,,,,,,,
9.53333,188.8,,,,,,,,,,,,,,,,,,,
9.55,188.4,,,,,,,,,,,,,,,,,,,
9.56667,188.7,,,,,,,,,,,,,,,,,,,
9.58333,189.1,,,,,,,,,,,,,,,,,,,
9.6,189,,,,,,,,,,,,,,,,,,,
9.61667,189.1,,,,,,,,,,,,,,,,,,,
9.63333,189.1,,,,,,,,,,,,,,,,,,,
9.65,188.8,,,,,,,,,,,,,,,,,,,
9.66667,189,,,,,,,,,,,,,,,,,,,
9.68333,189,,,,,,,,,,,,,,,,,,,
9.7,188.8,,,,,,,,,,,,,,,,,,,
9.71667,189.1,,,,,,,,,,,,,,,,,,,
9.73333,188.8,,,,,,,,,,,,,,,,,,,
9.75,188.4,,,,,,,,,,,,,,,,,,,
9.76667,189,,,,,,,,,,,,,,,,,,,
9.78333,189.2,,,,,,,,,,,,,,,,,,,
9.8,188.8,,,,,,,,,,,,,,,,,,,
9.81667,188.8,,,,,,,,,,,,,,,,,,,
9.83333,188.8,,,,,,,,,,,,,,,,,,,
9.85,188.6,,,,,,,,,,,,,,,,,,,
9.86667,188.8,,,,,,,,,,,,,,,,,,,
9.88333,189.1,,,,,,,,,,,,,,,,,,,
9.9,188.8,,,,,,,,,,,,,,,,,,,
9.91667,189.1,,,,,,,,,,,,,,,,,,,
9.93333,189.1,,,,,,,,,,,,,,,,,,,
9.95,189,,,,,,,,,,,,,,,,,,,
9.96667,189,,,,,,,,,,,,,,,,,,,
9.98333,189,,,,,,,,,,,,,,,,,,,
10,189.4,,,,,,,,,,,,,,,,,,,
10.01667,189.4,,,,,,,,,,,,,,,,,,,
10.03333,189.1,,,,,,,,,,,,,,,,,,,
10.05,188.8,,,,,,,,,,,,,,,,,,,
10.06667,189,,,,,,,,,,,,,,,,,,,
10.08333,189,,,,,,,,,,,,,,,,,,,
10.1,189.5,,,,,,,,,,,,,,,,,,,
10.11667,189.2,,,,,,,,,,,,,,,,,,,
10.13333,189,,,,,,,,,,,,,,,,,,,
10.15,189,,,,,,,,,,,,,,,,,,,
10.16667,188.8,,,,,,,,,,,,,,,,,,,
10.18333,189.2,,,,,,,,,,,,,,,,,,,
10.2,189.2,,,,,,,,,,,,,,,,,,,
10.21667,189.2,,,,,,,,,,,,,,,,,,,
10.23333,189.1,,,,,,,,,,,,,,,,,,,
10.25,189,,,,,,,,,,,,,,,,,,,
10.26667,188.7,,,,,,,,,,,,,,,,,,,
10.28333,189.1,,,,,,,,,,,,,,,,,,,
10.3,189.4,,,,,,,,,,,,,,,,,,,
10.31667,189.5,,,,,,,,,,,,,,,,,,,
10.33333,189.2,,,,,,,,,,,,,,,,,,,
10.35,189.2,,,,,,,,,,,,,,,,,,,
10.36667,189,,,,,,,,,,,,,,,,,,,
10.38333,189.1,,,,,,,,,,,,,,,,,,,
10.4,189.2,,,,,,,,,,,,,,,,,,,
10.41667,189.4,,,,,,,,,,,,,,,,,,,
10.43333,189.2,,,,,,,,,,,,,,,,,,,
10.45,188.8,,,,,,,,,,,,,,,,,,,
10.46667,189.2,,,,,,,,,,,,,,,,,,,
10.48333,189.1,,,,,,,,,,,,,,,,,,,
10.5,189.1,,,,,,,,,,,,,,,,,,,
10.51667,189.6,,,,,,,,,,,,,,,,,,,
10.53333,189.4,,,,,,,,,,,,,,,,,,,
10.55,189,,,,,,,,,,,,,,,,,,,
10.56667,189.1,,,,,,,,,,,,,,,,,,,
10.58333,189.2,,,,,,,,,,,,,,,,,,,
10.6,189.6,,,,,,,,,,,,,,,,,,,
10.61667,189.6,,,,,,,,,,,,,,,,,,,
10.63333,189.6,,,,,,,,,,,,,,,,,,,
10.65,189,,,,,,,,,,,,,,,,,,,
10.66667,189.1,,,,,,,,,,,,,,,,,,,
10.68333,189.1,,,,,,,,,,,,,,,,,,,
10.7,189.6,,,,,,,,,,,,,,,,,,,
10.71667,189.4,,,,,,,,,,,,,,,,,,,
10.73333,189.2,,,,,,,,,,,,,,,,,,,
10.75,189.2,,,,,,,,,,,,,,,,,,,
10.76667,189.2,,,,,,,,,,,,,,,,,,,
10.78333,189.1,,,,,,,,,,,,,,,,,,,
10.8,189.5,,,,,,,,,,,,,,,,,,,
10.81667,189.7,,,,,,,,,,,,,,,,,,,
10.83333,189.4,,,,,,,,,,,,,,,,,,,
10.85,189.4,,,,,,,,,,,,,,,,,,,
10.86667,189.1,,,,,,,,,,,,,,,,,,,
10.88333,189.4,,,,,,,,,,,,,,,,,,,
10.9,189.4,,,,,,,,,,,,,,,,,,,
10.91667,189.6,,,,,,,,,,,,,,,,,,,
10.93333,189.4,,,,,,,,,,,,,,,,,,,
10.95,189.2,,,,,,,,,,,,,,,,,,,
10.96667,189.5,,,,,,,,,,,,,,,,,,,
10.98333,189.4,,,,,,,,,,,,,,,,,,,
11,189.5,,,,,,,,,,,,,,,,,,,
11.01667,189.5,,,,,,,,,,,,,,,,,,,
11.03333,189.6,,,,,,,,,,,,,,,,,,,
11.05,189.5,,,,,,,,,,,,,,,,,,,
11.06667,189,,,,,,,,,,,,,,,,,,,
11.08333,189.4,,,,,,,,,,,,,,,,,,,
11.1,189.6,,,,,,,,,,,,,,,,,,,
11.11667,189.6,,,,,,,,,,,,,,,,,,,
11.13333,189.7,,,,,,,,,,,,,,,,,,,
11.15,189,,,,,,,,,,,,,,,,,,,
11.16667,189.1,,,,,,,,,,,,,,,,,,,
11.18333,189.4,,,,,,,,,,,,,,,,,,,
11.2,189.4,,,,,,,,,,,,,,,,,,,
11.21667,189.6,,,,,,,,,,,,,,,,,,,
11.23333,189.9,,,,,,,,,,,,,,,,,,,
11.25,189.5,,,,,,,,,,,,,,,,,,,
11.26667,189.5,,,,,,,,,,,,,,,,,,,
11.28333,189.4,,,,,,,,,,,,,,,,,,,
11.3,189.6,,,,,,,,,,,,,,,,,,,
11.31667,189.7,,,,,,,,,,,,,,,,,,,
11.33333,189.7,,,,,,,,,,,,,,,,,,,
11.35,189.2,,,,,,,,,,,,,,,,,,,
11.36667,189.2,,,,,,,,,,,,,,,,,,,
11.38333,189.2,,,,,,,,,,,,,,,,,,,
11.4,189.9,,,,,,,,,,,,,,,,,,,
11.41667,189.9,,,,,,,,,,,,,,,,,,,
11.43333,189.5,,,,,,,,,,,,,,,,,,,
11.45,189.7,,,,,,,,,,,,,,,,,,,
11.46667,189.2,,,,,,,,,,,,,,,,,,,
11.48333,189.2,,,,,,,,,,,,,,,,,,,
11.5,189.6,,,,,,,,,,,,,,,,,,,
11.51667,189.9,,,,,,,,,,,,,,,,,,,
11.53333,189.5,,,,,,,,,,,,,,,,,,,
11.55,189.9,,,,,,,,,,,,,,,,,,,
11.56667,189.6,,,,,,,,,,,,,,,,,,,
11.58333,189.5,,,,,,,,,,,,,,,,,,,
11.6,189.5,,,,,,,,,,,,,,,,,,,
11.61667,189.6,,,,,,,,,,,,,,,,,,,
11.63333,189.6,,,,,,,,,,,,,,,,,,,
11.65,189.9,,,,,,,,,,,,,,,,,,,
11.66667,189.4,,,,,,,,,,,,,,,,,,,
11.68333,189.2,,,,,,,,,,,,,,,,,,,
11.7,189.7,,,,,,,,,,,,,,,,,,,
11.71667,189.7,,,,,,,,,,,,,,,,,,,
11.73333,189.9,,,,,,,,,,,,,,,,,,,
11.75,189.7,,,,,,,,,,,,,,,,,,,
11.76667,189.4,,,,,,,,,,,,,,,,,,,
11.78333,189.6,,,,,,,,,,,,,,,,,,,
11.8,189.6,,,,,,,,,,,,,,,,,,,
11.81667,189.5,,,,,,,,,,,,,,,,,,,
11.83333,190.1,,,,,,,,,,,,,,,,,,,
11.85,190,,,,,,,,,,,,,,,,,,,
11.86667,189.7,,,,,,,,,,,,,,,,,,,
11.88333,189.5,,,,,,,,,,,,,,,,,,,
11.9,189.6,,,,,,,,,,,,,,,,,,,
11.91667,189.9,,,,,,,,,,,,,,,,,,,
11.93333,189.9,,,,,,,,,,,,,,,,,,,
11.95,189.9,,,,,,,,,,,,,,,,,,,
11.96667,189.7,,,,,,,,,,,,,,,,,,,
11.98333,189.5,,,,,,,,,,,,,,,,,,,
12,189.4,,,,,,,,,,,,,,,,,,,
12.01667,189.9,,,,,,,,,,,,,,,,,,,
12.03333,189.7,,,,,,,,,,,,,,,,,,,
12.05,189.6,,,,,,,,,,,,,,,,,,,
12.06667,189.7,,,,,,,,,,,,,,,,,,,
12.08333,189.9,,,,,,,,,,,,,,,,,,,
12.1,190,,,,,,,,,,,,,,,,,,,
12.11667,190.1,,,,,,,,,,,,,,,,,,,
12.13333,190,,,,,,,,,,,,,,,,,,,
12.15,190.1,,,,,,,,,,,,,,,,,,,
12.16667,189.7,,,,,,,,,,,,,,,,,,,
12.18333,189.5,,,,,,,,,,,,,,,,,,,
12.2,189.9,,,,,,,,,,,,,,,,,,,
12.21667,190.1,,,,,,,,,,,,,,,,,,,
12.23333,189.7,,,,,,,,,,,,,,,,,,,
12.25,190.3,,,,,,,,,,,,,,,,,,,
12.26667,189.7,,,,,,,,,,,,,,,,,,,
12.28333,189.7,,,,,,,,,,,,,,,,,,,
12.3,189.9,,,,,,,,,,,,,,,,,,,
12.31667,190,,,,,,,,,,,,,,,,,,,
12.33333,190.3,,,,,,,,,,,,,,,,,,,
12.35,190,,,,,,,,,,,,,,,,,,,
12.36667,189.5,,,,,,,,,,,,,,,,,,,
12.38333,189.9,,,,,,,,,,,,,,,,,,,
12.4,189.7,,,,,,,,,,,,,,,,,,,
12.41667,189.7,,,,,,,,,,,,,,,,,,,
12.43333,189.7,,,,,,,,,,,,,,,,,,,
12.45,190.1,,,,,,,,,,,,,,,,,,,
12.46667,189.9,,,,,,,,,,,,,,,,,,,
12.48333,189.7,,,,,,,,,,,,,,,,,,,
12.5,189.9,,,,,,,,,,,,,,,,,,,
12.51667,189.6,,,,,,,,,,,,,,,,,,,
12.53333,190.1,,,,,,,,,,,,,,,,,,,
12.55,190.1,,,,,,,,,,,,,,,,,,,
12.56667,189.7,,,,,,,,,,,,,,,,,,,
12.58333,189.7,,,,,,,,,,,,,,,,,,,
12.6,190,,,,,,,,,,,,,,,,,,,
12.61667,190.1,,,,,,,,,,,,,,,,,,,
12.63333,190,,,,,,,,,,,,,,,,,,,
12.65,190,,,,,,,,,,,,,,,,,,,
12.66667,190.3,,,,,,,,,,,,,,,,,,,
12.68333,190,,,,,,,,,,,,,,,,,,,
12.7,189.5,,,,,,,,,,,,,,,,,,,
12.71667,190,,,,,,,,,,,,,,,,,,,
12.73333,190.3,,,,,,,,,,,,,,,,,,,
12.75,190,,,,,,,,,,,,,,,,,,,
12.76667,190.3,,,,,,,,,,,,,,,,,,,
12.78333,189.9,,,,,,,,,,,,,,,,,,,
12.8,189.7,,,,,,,,,,,,,,,,,,,
12.81667,189.9,,,,,,,,,,,,,,,,,,,
12.83333,190.1,,,,,,,,,,,,,,,,,,,
12.85,190,,,,,,,,,,,,,,,,,,,
12.86667,190,,,,,,,,,,,,,,,,,,,
12.88333,190.3,,,,,,,,,,,,,,,,,,,
12.9,190,,,,,,,,,,,,,,,,,,,
12.91667,189.9,,,,,,,,,,,,,,,,,,,
12.93333,190.1,,,,,,,,,,,,,,,,,,,
12.95,190.4,,,,,,,,,,,,,,,,,,,
12.96667,190.3,,,,,,,,,,,,,,,,,,,
12.98333,190.1,,,,,,,,,,,,,,,,,,,
13,190,,,,,,,,,,,,,,,,,,,
13.01667,190,,,,,,,,,,,,,,,,,,,
13.03333,190,,,,,,,,,,,,,,,,,,,
13.05,190.3,,,,,,,,,,,,,,,,,,,
13.06667,190.4,,,,,,,,,,,,,,,,,,,
13.08333,190.4,,,,,,,,,,,,,,,,,,,
13.1,190,,,,,,,,,,,,,,,,,,,
13.11667,189.7,,,,,,,,,,,,,,,,,,,
13.13333,190.3,,,,,,,,,,,,,,,,,,,
13.15,190.5,,,,,,,,,,,,,,,,,,,
13.16667,190.3,,,,,,,,,,,,,,,,,,,
13.18333,190.4,,,,,,,,,,,,,,,,,,,
13.2,190.3,,,,,,,,,,,,,,,,,,,
13.21667,190.3,,,,,,,,,,,,,,,,,,,
13.23333,190.3,,,,,,,,,,,,,,,,,,,
13.25,190.4,,,,,,,,,,,,,,,,,,,
13.26667,190.5,,,,,,,,,,,,,,,,,,,
13.28333,190.3,,,,,,,,,,,,,,,,,,,
13.3,189.9,,,,,,,,,,,,,,,,,,,
13.31667,189.9,,,,,,,,,,,,,,,,,,,
13.33333,190.3,,,,,,,,,,,,,,,,,,,
13.35,190.3,,,,,,,,,,,,,,,,,,,
13.36667,190.4,,,,,,,,,,,,,,,,,,,
13.38333,190.3,,,,,,,,,,,,,,,,,,,
13.4,190.3,,,,,,,,,,,,,,,,,,,
13.41667,190,,,,,,,,,,,,,,,,,,,
13.43333,190,,,,,,,,,,,,,,,,,,,
13.45,190.1,,,,,,,,,,,,,,,,,,,
13.46667,190.8,,,,,,,,,,,,,,,,,,,
13.48333,190.4,,,,,,,,,,,,,,,,,,,
13.5,190.3,,,,,,,,,,,,,,,,,,,
13.51667,190.3,,,,,,,,,,,,,,,,,,,
13.53333,190.3,,,,,,,,,,,,,,,,,,,
13.55,190.1,,,,,,,,,,,,,,,,,,,
13.56667,190.5,,,,,,,,,,,,,,,,,,,
13.58333,190.3,,,,,,,,,,,,,,,,,,,
13.6,190.1,,,,,,,,,,,,,,,,,,,
13.61667,190.4,,,,,,,,,,,,,,,,,,,
13.63333,190.4,,,,,,,,,,,,,,,,,,,
13.65,190.5,,,,,,,,,,,,,,,,,,,
13.66667,190.5,,,,,,,,,,,,,,,,,,,
13.68333,190.3,,,,,,,,,,,,,,,,,,,
13.7,190.1,,,,,,,,,,,,,,,,,,,
13.71667,190.3,,,,,,,,,,,,,,,,,,,
13.73333,190.1,,,,,,,,,,,,,,,,,,,
13.75,190.5,,,,,,,,,,,,,,,,,,,
13.76667,190.7,,,,,,,,,,,,,,,,,,,
13.78333,190.5,,,,,,,,,,,,,,,,,,,
13.8,190.4,,,,,,,,,,,,,,,,,,,
13.81667,190.3,,,,,,,,,,,,,,,,,,,
13.83333,190.1,,,,,,,,,,,,,,,,,,,
13.85,190.5,,,,,,,,,,,,,,,,,,,
13.86667,190.5,,,,,,,,,,,,,,,,,,,
13.88333,190.3,,,,,,,,,,,,,,,,,,,
13.9,190.3,,,,,,,,,,,,,,,,,,,
13.91667,190.3,,,,,,,,,,,,,,,,,,,
13.93333,190.3,,,,,,,,,,,,,,,,,,,
13.95,190.4,,,,,,,,,,,,,,,,,,,
13.96667,190.4,,,,,,,,,,,,,,,,,,,
13.98333,190.8,,,,,,,,,,,,,,,,,,,
14,190.4,,,,,,,,,,,,,,,,,,,
14.01667,189.9,,,,,,,,,,,,,,,,,,,
14.03333,190.4,,,,,,,,,,,,,,,,,,,
14.05,190.8,,,,,,,,,,,,,,,,,,,
14.06667,190.8,,,,,,,,,,,,,,,,,,,
14.08333,190.5,,,,,,,,,,,,,,,,,,,
14.1,190,,,,,,,,,,,,,,,,,,,
14.11667,190.4,,,,,,,,,,,,,,,,,,,
14.13333,190.1,,,,,,,,,,,,,,,,,,,
14.15,190.3,,,,,,,,,,,,,,,,,,,
14.16667,190.7,,,,,,,,,,,,,,,,,,,
14.18333,190.8,,,,,,,,,,,,,,,,,,,
14.2,190.5,,,,,,,,,,,,,,,,,,,
14.21667,190.4,,,,,,,,,,,,,,,,,,,
14.23333,190.4,,,,,,,,,,,,,,,,,,,
14.25,190.8,,,,,,,,,,,,,,,,,,,
14.26667,190.8,,,,,,,,,,,,,,,,,,,
14.28333,190.8,,,,,,,,,,,,,,,,,,,
14.3,190.5,,,,,,,,,,,,,,,,,,,
14.31667,190.5,,,,,,,,,,,,,,,,,,,
14.33333,190.4,,,,,,,,,,,,,,,,,,,
14.35,190.4,,,,,,,,,,,,,,,,,,,
14.36667,190.7,,,,,,,,,,,,,,,,,,,
14.38333,190.7,,,,,,,,,,,,,,,,,,,
14.4,190.5,,,,,,,,,,,,,,,,,,,
14.41667,190.3,,,,,,,,,,,,,,,,,,,
14.43333,190.3,,,,,,,,,,,,,,,,,,,
14.45,190.7,,,,,,,,,,,,,,,,,,,
14.46667,190.9,,,,,,,,,,,,,,,,,,,
14.48333,190.8,,,,,,,,,,,,,,,,,,,
14.5,190.5,,,,,,,,,,,,,,,,,,,
14.51667,190.7,,,,,,,,,,,,,,,,,,,
14.53333,190.7,,,,,,,,,,,,,,,,,,,
14.55,190.7,,,,,,,,,,,,,,,,,,,
14.56667,190.8,,,,,,,,,,,,,,,,,,,
14.58333,191,,,,,,,,,,,,,,,,,,,
14.6,190.7,,,,,,,,,,,,,,,,,,,
14.61667,190.3,,,,,,,,,,,,,,,,,,,
14.63333,190.3,,,,,,,,,,,,,,,,,,,
14.65,190.7,,,,,,,,,,,,,,,,,,,
14.66667,190.7,,,,,,,,,,,,,,,,,,,
14.68333,190.9,,,,,,,,,,,,,,,,,,,
14.7,190.9,,,,,,,,,,,,,,,,,,,
14.71667,190.3,,,,,,,,,,,,,,,,,,,
14.73333,190.7,,,,,,,,,,,,,,,,,,,
14.75,190.5,,,,,,,,,,,,,,,,,,,
14.76667,190.5,,,,,,,,,,,,,,,,,,,
14.78333,190.9,,,,,,,,,,,,,,,,,,,
14.8,191,,,,,,,,,,,,,,,,,,,
14.81667,190.8,,,,,,,,,,,,,,,,,,,
14.83333,190.8,,,,,,,,,,,,,,,,,,,
14.85,190.7,,,,,,,,,,,,,,,,,,,
14.86667,190.9,,,,,,,,,,,,,,,,,,,
14.88333,191,,,,,,,,,,,,,,,,,,,
14.9,191,,,,,,,,,,,,,,,,,,,
14.91667,190.5,,,,,,,,,,,,,,,,,,,
14.93333,190.5,,,,,,,,,,,,,,,,,,,
14.95,190.4,,,,,,,,,,,,,,,,,,,
14.96667,190.9,,,,,,,,,,,,,,,,,,,
14.98333,191,,,,,,,,,,,,,,,,,,,
15,190.7,,,,,,,,,,,,,,,,,,,
15.01667,190.8,,,,,,,,,,,,,,,,,,,
15.03333,190.8,,,,,,,,,,,,,,,,,,,
15.05,190.5,,,,,,,,,,,,,,,,,,,
15.06667,191.2,,,,,,,,,,,,,,,,,,,
15.08333,190.9,,,,,,,,,,,,,,,,,,,
15.1,191.2,,,,,,,,,,,,,,,,,,,
15.11667,190.8,,,,,,,,,,,,,,,,,,,
15.13333,190.4,,,,,,,,,,,,,,,,,,,
15.15,190.8,,,,,,,,,,,,,,,,,,,
15.16667,191,,,,,,,,,,,,,,,,,,,
15.18333,190.9,,,,,,,,,,,,,,,,,,,
15.2,191.2,,,,,,,,,,,,,,,,,,,
15.21667,190.7,,,,,,,,,,,,,,,,,,,
15.23333,190.4,,,,,,,,,,,,,,,,,,,
15.25,190.8,,,,,,,,,,,,,,,,,,,
15.26667,191.2,,,,,,,,,,,,,,,,,,,
15.28333,191.2,,,,,,,,,,,,,,,,,,,
15.3,190.9,,,,,,,,,,,,,,,,,,,
15.31667,190.7,,,,,,,,,,,,,,,,,,,
15.33333,190.9,,,,,,,,,,,,,,,,,,,
15.35,190.8,,,,,,,,,,,,,,,,,,,
15.36667,190.7,,,,,,,,,,,,,,,,,,,
15.38333,191.3,,,,,,,,,,,,,,,,,,,
15.4,191.2,,,,,,,,,,,,,,,,,,,
15.41667,191,,,,,,,,,,,,,,,,,,,
15.43333,190.9,,,,,,,,,,,,,,,,,,,
15.45,191,,,,,,,,,,,,,,,,,,,
15.46667,190.8,,,,,,,,,,,,,,,,,,,
15.48333,191.2,,,,,,,,,,,,,,,,,,,
15.5,191,,,,,,,,,,,,,,,,,,,
15.51667,190.8,,,,,,,,,,,,,,,,,,,
15.53333,190.7,,,,,,,,,,,,,,,,,,,
15.55,190.9,,,,,,,,,,,,,,,,,,,
15.56667,190.9,,,,,,,,,,,,,,,,,,,
15.58333,191.2,,,,,,,,,,,,,,,,,,,
15.6,191,,,,,,,,,,,,,,,,,,,
15.61667,191,,,,,,,,,,,,,,,,,,,
15.63333,191,,,,,,,,,,,,,,,,,,,
15.65,190.8,,,,,,,,,,,,,,,,,,,
15.66667,190.9,,,,,,,,,,,,,,,,,,,
15.68333,191.3,,,,,,,,,,,,,,,,,,,
15.7,191,,,,,,,,,,,,,,,,,,,
15.71667,191.2,,,,,,,,,,,,,,,,,,,
15.73333,190.9,,,,,,,,,,,,,,,,,,,
15.75,190.9,,,,,,,,,,,,,,,,,,,
15.76667,190.8,,,,,,,,,,,,,,,,,,,
15.78333,191.2,,,,,,,,,,,,,,,,,,,
15.8,191.4,,,,,,,,,,,,,,,,,,,
15.81667,191.2,,,,,,,,,,,,,,,,,,,
15.83333,190.8,,,,,,,,,,,,,,,,,,,
15.85,190.9,,,,,,,,,,,,,,,,,,,
15.86667,191,,,,,,,,,,,,,,,,,,,
15.88333,190.9,,,,,,,,,,,,,,,,,,,
15.9,191.3,,,,,,,,,,,,,,,,,,,
15.91667,191.2,,,,,,,,,,,,,,,,,,,
15.93333,190.8,,,,,,,,,,,,,,,,,,,
15.95,190.9,,,,,,,,,,,,,,,,,,,
15.96667,191,,,,,,,,,,,,,,,,,,,
15.98333,191,,,,,,,,,,,,,,,,,,,
16,191.4,,,,,,,,,,,,,,,,,,,
16.01667,191.4,,,,,,,,,,,,,,,,,,,
16.03333,191,,,,,,,,,,,,,,,,,,,
16.05,191,,,,,,,,,,,,,,,,,,,
16.06667,190.9,,,,,,,,,,,,,,,,,,,
16.08333,191.3,,,,,,,,,,,,,,,,,,,
16.1,191.4,,,,,,,,,,,,,,,,,,,
16.11667,191.3,,,,,,,,,,,,,,,,,,,
16.13333,191.3,,,,,,,,,,,,,,,,,,,
16.15,191.2,,,,,,,,,,,,,,,,,,,
16.16667,191.2,,,,,,,,,,,,,,,,,,,
16.18333,191.3,,,,,,,,,,,,,,,,,,,
16.2,191.3,,,,,,,,,,,,,,,,,,,
16.21667,191.4,,,,,,,,,,,,,,,,,,,
16.23333,191.2,,,,,,,,,,,,,,,,,,,
16.25,191.2,,,,,,,,,,,,,,,,,,,
16.26667,190.8,,,,,,,,,,,,,,,,,,,
16.28333,191.3,,,,,,,,,,,,,,,,,,,
16.3,191.3,,,,,,,,,,,,,,,,,,,
16.31667,191.6,,,,,,,,,,,,,,,,,,,
16.33333,191.3,,,,,,,,,,,,,,,,,,,
16.35,191.3,,,,,,,,,,,,,,,,,,,
16.36667,191.2,,,,,,,,,,,,,,,,,,,
16.38333,191.4,,,,,,,,,,,,,,,,,,,
16.4,191.6,,,,,,,,,,,,,,,,,,,
16.41667,191.6,,,,,,,,,,,,,,,,,,,
16.43333,191.4,,,,,,,,,,,,,,,,,,,
16.45,190.7,,,,,,,,,,,,,,,,,,,
16.46667,191.2,,,,,,,,,,,,,,,,,,,
16.48333,191,,,,,,,,,,,,,,,,,,,
16.5,191.7,,,,,,,,,,,,,,,,,,,
16.51667,191.6,,,,,,,,,,,,,,,,,,,
16.53333,191.3,,,,,,,,,,,,,,,,,,,
16.55,190.9,,,,,,,,,,,,,,,,,,,
16.56667,191,,,,,,,,,,,,,,,,,,,
16.58333,191.2,,,,,,,,,,,,,,,,,,,
16.6,191.7,,,,,,,,,,,,,,,,,,,
16.61667,191.7,,,,,,,,,,,,,,,,,,,
16.63333,191.7,,,,,,,,,,,,,,,,,,,
16.65,191.3,,,,,,,,,,,,,,,,,,,
16.66667,190.9,,,,,,,,,,,,,,,,,,,
16.68333,191.2,,,,,,,,,,,,,,,,,,,
16.7,191.4,,,,,,,,,,,,,,,,,,,
16.71667,191.7,,,,,,,,,,,,,,,,,,,
16.73333,191.2,,,,,,,,,,,,,,,,,,,
16.75,191.2,,,,,,,,,,,,,,,,,,,
16.76667,191.2,,,,,,,,,,,,,,,,,,,
16.78333,191.4,,,,,,,,,,,,,,,,,,,
16.8,191.4,,,,,,,,,,,,,,,,,,,
16.81667,191.4,,,,,,,,,,,,,,,,,,,
16.83333,191.8,,,,,,,,,,,,,,,,,,,
16.85,191.3,,,,,,,,,,,,,,,,,,,
16.86667,190.9,,,,,,,,,,,,,,,,,,,
16.88333,190.9,,,,,,,,,,,,,,,,,,,
16.9,191.6,,,,,,,,,,,,,,,,,,,
16.91667,191.6,,,,,,,,,,,,,,,,,,,
16.93333,191.7,,,,,,,,,,,,,,,,,,,
16.95,191.3,,,,,,,,,,,,,,,,,,,
16.96667,191.4,,,,,,,,,,,,,,,,,,,
16.98333,191.4,,,,,,,,,,,,,,,,,,,
17,191.4,,,,,,,,,,,,,,,,,,,
17.01667,191.8,,,,,,,,,,,,,,,,,,,
17.03333,191.8,,,,,,,,,,,,,,,,,,,
17.05,191.2,,,,,,,,,,,,,,,,,,,
17.06667,191.3,,,,,,,,,,,,,,,,,,,
17.08333,191.3,,,,,,,,,,,,,,,,,,,
17.1,191.6,,,,,,,,,,,,,,,,,,,
17.11667,191.7,,,,,,,,,,,,,,,,,,,
17.13333,191.4,,,,,,,,,,,,,,,,,,,
17.15,191.2,,,,,,,,,,,,,,,,,,,
17.16667,191.4,,,,,,,,,,,,,,,,,,,
17.18333,191.7,,,,,,,,,,,,,,,,,,,
17.2,191.6,,,,,,,,,,,,,,,,,,,
17.21667,191.8,,,,,,,,,,,,,,,,,,,
17.23333,192,,,,,,,,,,,,,,,,,,,
17.25,191.6,,,,,,,,,,,,,,,,,,,
17.26667,191.3,,,,,,,,,,,,,,,,,,,
17.28333,191.3,,,,,,,,,,,,,,,,,,,
17.3,191.8,,,,,,,,,,,,,,,,,,,
17.31667,191.7,,,,,,,,,,,,,,,,,,,
17.33333,191.7,,,,,,,,,,,,,,,,,,,
17.35,191.8,,,,,,,,,,,,,,,,,,,
17.36667,191.3,,,,,,,,,,,,,,,,,,,
17.38333,191.4,,,,,,,,,,,,,,,,,,,
17.4,191.8,,,,,,,,,,,,,,,,,,,
17.41667,192,,,,,,,,,,,,,,,,,,,
17.43333,191.6,,,,,,,,,,,,,,,,,,,
17.45,191.8,,,,,,,,,,,,,,,,,,,
17.46667,191.7,,,,,,,,,,,,,,,,,,,
17.48333,191.2,,,,,,,,,,,,,,,,,,,
17.5,191.7,,,,,,,,,,,,,,,,,,,
17.51667,192,,,,,,,,,,,,,,,,,,,
17.53333,191.8,,,,,,,,,,,,,,,,,,,
17.55,191.4,,,,,,,,,,,,,,,,,,,
17.56667,191.7,,,,,,,,,,,,,,,,,,,
17.58333,191.7,,,,,,,,,,,,,,,,,,,
17.6,191.8,,,,,,,,,,,,,,,,,,,
17.61667,191.8,,,,,,,,,,,,,,,,,,,
17.63333,192.2,,,,,,,,,,,,,,,,,,,
17.65,192.1,,,,,,,,,,,,,,,,,,,
17.66667,191.6,,,,,,,,,,,,,,,,,,,
17.68333,191.6,,,,,,,,,,,,,,,,,,,
17.7,191.6,,,,,,,,,,,,,,,,,,,
17.71667,191.7,,,,,,,,,,,,,,,,,,,
17.73333,192.1,,,,,,,,,,,,,,,,,,,
17.75,191.8,,,,,,,,,,,,,,,,,,,
17.76667,191.4,,,,,,,,,,,,,,,,,,,
17.78333,191.8,,,,,,,,,,,,,,,,,,,
17.8,191.8,,,,,,,,,,,,,,,,,,,
17.81667,191.6,,,,,,,,,,,,,,,,,,,
17.83333,192,,,,,,,,,,,,,,,,,,,
17.85,192.1,,,,,,,,,,,,,,,,,,,
17.86667,192,,,,,,,,,,,,,,,,,,,
17.88333,191.7,,,,,,,,,,,,,,,,,,,
17.9,191.7,,,,,,,,,,,,,,,,,,,
17.91667,191.4,,,,,,,,,,,,,,,,,,,
17.93333,192.1,,,,,,,,,,,,,,,,,,,
17.95,192,,,,,,,,,,,,,,,,,,,
17.96667,192.1,,,,,,,,,,,,,,,,,,,
17.98333,192,,,,,,,,,,,,,,,,,,,
18,191.6,,,,,,,,,,,,,,,,,,,
18.01667,191.8,,,,,,,,,,,,,,,,,,,
18.03333,192.1,,,,,,,,,,,,,,,,,,,
18.05,192.1,,,,,,,,,,,,,,,,,,,
18.06667,191.8,,,,,,,,,,,,,,,,,,,
18.08333,191.7,,,,,,,,,,,,,,,,,,,
18.1,192,,,,,,,,,,,,,,,,,,,
18.11667,192.3,,,,,,,,,,,,,,,,,,,
18.13333,192.1,,,,,,,,,,,,,,,,,,,
18.15,192.3,,,,,,,,,,,,,,,,,,,
18.16667,191.8,,,,,,,,,,,,,,,,,,,
18.18333,191.6,,,,,,,,,,,,,,,,,,,
18.2,191.8,,,,,,,,,,,,,,,,,,,
18.21667,192,,,,,,,,,,,,,,,,,,,
18.23333,191.8,,,,,,,,,,,,,,,,,,,
18.25,192.3,,,,,,,,,,,,,,,,,,,
18.26667,191.6,,,,,,,,,,,,,,,,,,,
18.28333,191.8,,,,,,,,,,,,,,,,,,,
18.3,191.8,,,,,,,,,,,,,,,,,,,
18.31667,192.1,,,,,,,,,,,,,,,,,,,
18.33333,192.3,,,,,,,,,,,,,,,,,,,
18.35,192.2,,,,,,,,,,,,,,,,,,,
18.36667,192,,,,,,,,,,,,,,,,,,,
18.38333,192,,,,,,,,,,,,,,,,,,,
18.4,192,,,,,,,,,,,,,,,,,,,
18.41667,192.1,,,,,,,,,,,,,,,,,,,
18.43333,192.1,,,,,,,,,,,,,,,,,,,
18.45,192.2,,,,,,,,,,,,,,,,,,,
18.46667,191.8,,,,,,,,,,,,,,,,,,,
18.48333,191.8,,,,,,,,,,,,,,,,,,,
18.5,191.8,,,,,,,,,,,,,,,,,,,
18.51667,191.6,,,,,,,,,,,,,,,,,,,
18.53333,192.1,,,,,,,,,,,,,,,,,,,
18.55,192,,,,,,,,,,,,,,,,,,,
18.56667,191.8,,,,,,,,,,,,,,,,,,,
18.58333,191.7,,,,,,,,,,,,,,,,,,,
18.6,192,,,,,,,,,,,,,,,,,,,
18.61667,191.8,,,,,,,,,,,,,,,,,,,
18.63333,192.1,,,,,,,,,,,,,,,,,,,
18.65,192.1,,,,,,,,,,,,,,,,,,,
18.66667,192.3,,,,,,,,,,,,,,,,,,,
18.68333,192,,,,,,,,,,,,,,,,,,,
18.7,191.7,,,,,,,,,,,,,,,,,,,
18.71667,192.1,,,,,,,,,,,,,,,,,,,
18.73333,192,,,,,,,,,,,,,,,,,,,
18.75,192.2,,,,,,,,,,,,,,,,,,,
18.76667,192.2,,,,,,,,,,,,,,,,,,,
18.78333,192,,,,,,,,,,,,,,,,,,,
18.8,192,,,,,,,,,,,,,,,,,,,
18.81667,191.8,,,,,,,,,,,,,,,,,,,
18.83333,192.1,,,,,,,,,,,,,,,,,,,
18.85,192,,,,,,,,,,,,,,,,,,,
18.86667,192.1,,,,,,,,,,,,,,,,,,,
18.88333,192.1,,,,,,,,,,,,,,,,,,,
18.9,192,,,,,,,,,,,,,,,,,,,
18.91667,192,,,,,,,,,,,,,,,,,,,
18.93333,192.2,,,,,,,,,,,,,,,,,,,
18.95,192.5,,,,,,,,,,,,,,,,,,,
18.96667,192.3,,,,,,,,,,,,,,,,,,,
18.98333,192.1,,,,,,,,,,,,,,,,,,,
19,191.7,,,,,,,,,,,,,,,,,,,
19.01667,192.1,,,,,,,,,,,,,,,,,,,
19.03333,192.2,,,,,,,,,,,,,,,,,,,
19.05,192.2,,,,,,,,,,,,,,,,,,,
19.06667,192.3,,,,,,,,,,,,,,,,,,,
19.08333,192.2,,,,,,,,,,,,,,,,,,,
19.1,191.8,,,,,,,,,,,,,,,,,,,
19.11667,191.8,,,,,,,,,,,,,,,,,,,
19.13333,192.3,,,,,,,,,,,,,,,,,,,
19.15,192.5,,,,,,,,,,,,,,,,,,,
19.16667,192.2,,,,,,,,,,,,,,,,,,,
19.18333,192.3,,,,,,,,,,,,,,,,,,,
19.2,192.1,,,,,,,,,,,,,,,,,,,
19.21667,192.3,,,,,,,,,,,,,,,,,,,
19.23333,192.3,,,,,,,,,,,,,,,,,,,
19.25,192.3,,,,,,,,,,,,,,,,,,,
19.26667,192.5,,,,,,,,,,,,,,,,,,,
19.28333,192.2,,,,,,,,,,,,,,,,,,,
19.3,191.8,,,,,,,,,,,,,,,,,,,
19.31667,191.8,,,,,,,,,,,,,,,,,,,
19.33333,192.3,,,,,,,,,,,,,,,,,,,
19.35,192.5,,,,,,,,,,,,,,,,,,,
19.36667,192.6,,,,,,,,,,,,,,,,,,,
19.38333,192.2,,,,,,,,,,,,,,,,,,,
19.4,192,,,,,,,,,,,,,,,,,,,
19.41667,192.2,,,,,,,,,,,,,,,,,,,
19.43333,192.3,,,,,,,,,,,,,,,,,,,
19.45,192.5,,,,,,,,,,,,,,,,,,,
19.46667,192.6,,,,,,,,,,,,,,,,,,,
19.48333,192.5,,,,,,,,,,,,,,,,,,,
19.5,192.2,,,,,,,,,,,,,,,,,,,
19.51667,192.2,,,,,,,,,,,,,,,,,,,
19.53333,192.1,,,,,,,,,,,,,,,,,,,
19.55,192.6,,,,,,,,,,,,,,,,,,,
19.56667,192.7,,,,,,,,,,,,,,,,,,,
19.58333,192.3,,,,,,,,,,,,,,,,,,,
19.6,192,,,,,,,,,,,,,,,,,,,
19.61667,192.1,,,,,,,,,,,,,,,,,,,
19.63333,192.2,,,,,,,,,,,,,,,,,,,
19.65,192.6,,,,,,,,,,,,,,,,,,,
19.66667,192.6,,,,,,,,,,,,,,,,,,,
19.68333,192.3,,,,,,,,,,,,,,,,,,,
19.7,192.3,,,,,,,,,,,,,,,,,,,
19.71667,192.2,,,,,,,,,,,,,,,,,,,
19.73333,192.2,,,,,,,,,,,,,,,,,,,
19.75,192.5,,,,,,,,,,,,,,,,,,,
19.76667,192.5,,,,,,,,,,,,,,,,,,,
19.78333,192.1,,,,,,,,,,,,,,,,,,,
19.8,192.2,,,,,,,,,,,,,,,,,,,
19.81667,192.1,,,,,,,,,,,,,,,,,,,
19.83333,192.3,,,,,,,,,,,,,,,,,,,
19.85,192.3,,,,,,,,,,,,,,,,,,,
19.86667,192.5,,,,,,,,,,,,,,,,,,,
19.88333,192.5,,,,,,,,,,,,,,,,,,,
19.9,192.3,,,,,,,,,,,,,,,,,,,
19.91667,192.1,,,,,,,,,,,,,,,,,,,
19.93333,192.1,,,,,,,,,,,,,,,,,,,
19.95,192.3,,,,,,,,,,,,,,,,,,,
19.96667,192.5,,,,,,,,,,,,,,,,,,,
19.98333,192.6,,,,,,,,,,,,,,,,,,,
20,192.2,,,,,,,,,,,,,,,,,,,
20.01667,192.2,,,,,,,,,,,,,,,,,,,
20.03333,192.3,,,,,,,,,,,,,,,,,,,
20.05,192.6,,,,,,,,,,,,,,,,,,,
20.06667,192.6,,,,,,,,,,,,,,,,,,,
20.08333,192.6,,,,,,,,,,,,,,,,,,,
20.1,192.2,,,,,,,,,,,,,,,,,,,
20.11667,192.5,,,,,,,,,,,,,,,,,,,
20.13333,192.2,,,,,,,,,,,,,,,,,,,
20.15,192.5,,,,,,,,,,,,,,,,,,,
20.16667,192.7,,,,,,,,,,,,,,,,,,,
20.18333,192.5,,,,,,,,,,,,,,,,,,,
20.2,192.3,,,,,,,,,,,,,,,,,,,
20.21667,192.3,,,,,,,,,,,,,,,,,,,
20.23333,192.7,,,,,,,,,,,,,,,,,,,
20.25,192.3,,,,,,,,,,,,,,,,,,,
20.26667,192.9,,,,,,,,,,,,,,,,,,,
20.28333,193,,,,,,,,,,,,,,,,,,,
20.3,192.6,,,,,,,,,,,,,,,,,,,
20.31667,192.2,,,,,,,,,,,,,,,,,,,
20.33333,192.2,,,,,,,,,,,,,,,,,,,
20.35,192.3,,,,,,,,,,,,,,,,,,,
20.36667,192.7,,,,,,,,,,,,,,,,,,,
20.38333,192.7,,,,,,,,,,,,,,,,,,,
20.4,192.3,,,,,,,,,,,,,,,,,,,
20.41667,192.2,,,,,,,,,,,,,,,,,,,
20.43333,192.3,,,,,,,,,,,,,,,,,,,
20.45,192.7,,,,,,,,,,,,,,,,,,,
20.46667,192.6,,,,,,,,,,,,,,,,,,,
20.48333,192.9,,,,,,,,,,,,,,,,,,,
20.5,192.6,,,,,,,,,,,,,,,,,,,
20.51667,192.6,,,,,,,,,,,,,,,,,,,
20.53333,192.2,,,,,,,,,,,,,,,,,,,
20.55,192.9,,,,,,,,,,,,,,,,,,,
20.56667,192.9,,,,,,,,,,,,,,,,,,,
20.58333,192.9,,,,,,,,,,,,,,,,,,,
20.6,192.6,,,,,,,,,,,,,,,,,,,
20.61667,192.3,,,,,,,,,,,,,,,,,,,
20.63333,192.6,,,,,,,,,,,,,,,,,,,
20.65,192.5,,,,,,,,,,,,,,,,,,,
20.66667,192.7,,,,,,,,,,,,,,,,,,,
20.68333,192.5,,,,,,,,,,,,,,,,,,,
20.7,192.7,,,,,,,,,,,,,,,,,,,
20.71667,192.5,,,,,,,,,,,,,,,,,,,
20.73333,192.3,,,,,,,,,,,,,,,,,,,
20.75,192.5,,,,,,,,,,,,,,,,,,,
20.76667,192.7,,,,,,,,,,,,,,,,,,,
20.78333,193,,,,,,,,,,,,,,,,,,,
20.8,192.7,,,,,,,,,,,,,,,,,,,
20.81667,192.3,,,,,,,,,,,,,,,,,,,
20.83333,192.6,,,,,,,,,,,,,,,,,,,
20.85,192.7,,,,,,,,,,,,,,,,,,,
20.86667,192.9,,,,,,,,,,,,,,,,,,,
20.88333,192.9,,,,,,,,,,,,,,,,,,,
20.9,192.6,,,,,,,,,,,,,,,,,,,
20.91667,193,,,,,,,,,,,,,,,,,,,
20.93333,192.7,,,,,,,,,,,,,,,,,,,
20.95,192.7,,,,,,,,,,,,,,,,,,,
20.96667,192.5,,,,,,,,,,,,,,,,,,,
20.98333,193,,,,,,,,,,,,,,,,,,,
21,193,,,,,,,,,,,,,,,,,,,
21.01667,192.6,,,,,,,,,,,,,,,,,,,
21.03333,192.7,,,,,,,,,,,,,,,,,,,
21.05,192.7,,,,,,,,,,,,,,,,,,,
21.06667,192.9,,,,,,,,,,,,,,,,,,,
21.08333,193.3,,,,,,,,,,,,,,,,,,,
21.1,193.1,,,,,,,,,,,,,,,,,,,
21.11667,192.6,,,,,,,,,,,,,,,,,,,
21.13333,192.5,,,,,,,,,,,,,,,,,,,
21.15,192.3,,,,,,,,,,,,,,,,,,,
21.16667,192.9,,,,,,,,,,,,,,,,,,,
21.18333,193,,,,,,,,,,,,,,,,,,,
21.2,193,,,,,,,,,,,,,,,,,,,
21.21667,192.7,,,,,,,,,,,,,,,,,,,
21.23333,192.2,,,,,,,,,,,,,,,,,,,
21.25,192.6,,,,,,,,,,,,,,,,,,,
21.26667,192.9,,,,,,,,,,,,,,,,,,,
21.28333,192.7,,,,,,,,,,,,,,,,,,,
21.3,193,,,,,,,,,,,,,,,,,,,
21.31667,193,,,,,,,,,,,,,,,,,,,
21.33333,192.2,,,,,,,,,,,,,,,,,,,
21.35,192.7,,,,,,,,,,,,,,,,,,,
21.36667,192.9,,,,,,,,,,,,,,,,,,,
21.38333,193.3,,,,,,,,,,,,,,,,,,,
21.4,193,,,,,,,,,,,,,,,,,,,
21.41667,192.2,,,,,,,,,,,,,,,,,,,
21.43333,192.2,,,,,,,,,,,,,,,,,,,
21.45,192.5,,,,,,,,,,,,,,,,,,,
21.46667,192.7,,,,,,,,,,,,,,,,,,,
21.48333,193.1,,,,,,,,,,,,,,,,,,,
21.5,193.1,,,,,,,,,,,,,,,,,,,
21.51667,192.7,,,,,,,,,,,,,,,,,,,
21.53333,192.9,,,,,,,,,,,,,,,,,,,
21.55,192.7,,,,,,,,,,,,,,,,,,,
21.56667,192.7,,,,,,,,,,,,,,,,,,,
21.58333,193.1,,,,,,,,,,,,,,,,,,,
21.6,193.3,,,,,,,,,,,,,,,,,,,
21.61667,192.6,,,,,,,,,,,,,,,,,,,
21.63333,192.6,,,,,,,,,,,,,,,,,,,
21.65,192.5,,,,,,,,,,,,,,,,,,,
21.66667,192.7,,,,,,,,,,,,,,,,,,,
21.68333,192.9,,,,,,,,,,,,,,,,,,,
21.7,193,,,,,,,,,,,,,,,,,,,
21.71667,193,,,,,,,,,,,,,,,,,,,
21.73333,192.7,,,,,,,,,,,,,,,,,,,
21.75,192.5,,,,,,,,,,,,,,,,,,,
21.76667,193,,,,,,,,,,,,,,,,,,,
21.78333,193.4,,,,,,,,,,,,,,,,,,,
21.8,193.3,,,,,,,,,,,,,,,,,,,
21.81667,192.9,,,,,,,,,,,,,,,,,,,
21.83333,192.9,,,,,,,,,,,,,,,,,,,
21.85,193,,,,,,,,,,,,,,,,,,,
21.86667,193,,,,,,,,,,,,,,,,,,,
21.88333,193.1,,,,,,,,,,,,,,,,,,,
21.9,193.5,,,,,,,,,,,,,,,,,,,
21.91667,193.1,,,,,,,,,,,,,,,,,,,
21.93333,193.1,,,,,,,,,,,,,,,,,,,
21.95,192.7,,,,,,,,,,,,,,,,,,,
21.96667,193,,,,,,,,,,,,,,,,,,,
21.98333,193.1,,,,,,,,,,,,,,,,,,,
22,193.4,,,,,,,,,,,,,,,,,,,
22.01667,193,,,,,,,,,,,,,,,,,,,
22.03333,192.6,,,,,,,,,,,,,,,,,,,
22.05,193,,,,,,,,,,,,,,,,,,,
22.06667,193,,,,,,,,,,,,,,,,,,,
22.08333,193,,,,,,,,,,,,,,,,,,,
22.1,193.3,,,,,,,,,,,,,,,,,,,
22.11667,193.4,,,,,,,,,,,,,,,,,,,
22.13333,192.9,,,,,,,,,,,,,,,,,,,
22.15,192.6,,,,,,,,,,,,,,,,,,,
22.16667,192.9,,,,,,,,,,,,,,,,,,,
22.18333,193.4,,,,,,,,,,,,,,,,,,,
22.2,193.3,,,,,,,,,,,,,,,,,,,
22.21667,192.9,,,,,,,,,,,,,,,,,,,
22.23333,193.3,,,,,,,,,,,,,,,,,,,
22.25,193.1,,,,,,,,,,,,,,,,,,,
22.26667,192.9,,,,,,,,,,,,,,,,,,,
22.28333,193.4,,,,,,,,,,,,,,,,,,,
22.3,193.5,,,,,,,,,,,,,,,,,,,
22.31667,193.3,,,,,,,,,,,,,,,,,,,
22.33333,193.5,,,,,,,,,,,,,,,,,,,
22.35,193,,,,,,,,,,,,,,,,,,,
22.36667,192.9,,,,,,,,,,,,,,,,,,,
22.38333,193.1,,,,,,,,,,,,,,,,,,,
22.4,193.4,,,,,,,,,,,,,,,,,,,
22.41667,193,,,,,,,,,,,,,,,,,,,
22.43333,193.1,,,,,,,,,,,,,,,,,,,
22.45,193,,,,,,,,,,,,,,,,,,,
22.46667,193.4,,,,,,,,,,,,,,,,,,,
22.48333,193.3,,,,,,,,,,,,,,,,,,,
22.5,193.3,,,,,,,,,,,,,,,,,,,
22.51667,193.6,,,,,,,,,,,,,,,,,,,
22.53333,193.4,,,,,,,,,,,,,,,,,,,
22.55,192.9,,,,,,,,,,,,,,,,,,,
22.56667,193.3,,,,,,,,,,,,,,,,,,,
22.58333,193.5,,,,,,,,,,,,,,,,,,,
22.6,193.4,,,,,,,,,,,,,,,,,,,
22.61667,193.3,,,,,,,,,,,,,,,,,,,
22.63333,193.5,,,,,,,,,,,,,,,,,,,
22.65,193.3,,,,,,,,,,,,,,,,,,,
22.66667,193.1,,,,,,,,,,,,,,,,,,,
22.68333,193.3,,,,,,,,,,,,,,,,,,,
22.7,193.6,,,,,,,,,,,,,,,,,,,
22.71667,193.8,,,,,,,,,,,,,,,,,,,
22.73333,193.1,,,,,,,,,,,,,,,,,,,
22.75,193.3,,,,,,,,,,,,,,,,,,,
22.76667,193.3,,,,,,,,,,,,,,,,,,,
22.78333,193.1,,,,,,,,,,,,,,,,,,,
22.8,193.5,,,,,,,,,,,,,,,,,,,
22.81667,193.5,,,,,,,,,,,,,,,,,,,
22.83333,193.5,,,,,,,,,,,,,,,,,,,
22.85,193.4,,,,,,,,,,,,,,,,,,,
22.86667,193.3,,,,,,,,,,,,,,,,,,,
22.88333,192.9,,,,,,,,,,,,,,,,,,,
22.9,193.5,,,,,,,,,,,,,,,,,,,
22.91667,193.3,,,,,,,,,,,,,,,,,,,
22.93333,193.3,,,,,,,,,,,,,,,,,,,
22.95,193.4,,,,,,,,,,,,,,,,,,,
22.96667,193.1,,,,,,,,,,,,,,,,,,,
22.98333,193.4,,,,,,,,,,,,,,,,,,,
23,193.5,,,,,,,,,,,,,,,,,,,
23.01667,193.1,,,,,,,,,,,,,,,,,,,
23.03333,193.5,,,,,,,,,,,,,,,,,,,
23.05,193.1,,,,,,,,,,,,,,,,,,,
23.06667,193.1,,,,,,,,,,,,,,,,,,,
23.08333,193.4,,,,,,,,,,,,,,,,,,,
23.1,193.4,,,,,,,,,,,,,,,,,,,
23.11667,193.4,,,,,,,,,,,,,,,,,,,
23.13333,193.4,,,,,,,,,,,,,,,,,,,
23.15,193.3,,,,,,,,,,,,,,,,,,,
23.16667,193.3,,,,,,,,,,,,,,,,,,,
23.18333,193.1,,,,,,,,,,,,,,,,,,,
23.2,193.5,,,,,,,,,,,,,,,,,,,
23.21667,193.8,,,,,,,,,,,,,,,,,,,
23.23333,193.5,,,,,,,,,,,,,,,,,,,
23.25,193,,,,,,,,,,,,,,,,,,,
23.26667,193.3,,,,,,,,,,,,,,,,,,,
23.28333,193.3,,,,,,,,,,,,,,,,,,,
23.3,193.3,,,,,,,,,,,,,,,,,,,
23.31667,193.8,,,,,,,,,,,,,,,,,,,
23.33333,193.6,,,,,,,,,,,,,,,,,,,
23.35,193.1,,,,,,,,,,,,,,,,,,,
23.36667,193.4,,,,,,,,,,,,,,,,,,,
23.38333,193.4,,,,,,,,,,,,,,,,,,,
23.4,193.1,,,,,,,,,,,,,,,,,,,
23.41667,193.6,,,,,,,,,,,,,,,,,,,
23.43333,193.5,,,,,,,,,,,,,,,,,,,
23.45,193.5,,,,,,,,,,,,,,,,,,,
23.46667,193.3,,,,,,,,,,,,,,,,,,,
23.48333,193.3,,,,,,,,,,,,,,,,,,,
23.5,193.5,,,,,,,,,,,,,,,,,,,
23.51667,193.6,,,,,,,,,,,,,,,,,,,
23.53333,193.6,,,,,,,,,,,,,,,,,,,
23.55,193.5,,,,,,,,,,,,,,,,,,,
23.56667,193.3,,,,,,,,,,,,,,,,,,,
23.58333,193.3,,,,,,,,,,,,,,,,,,,
23.6,193.6,,,,,,,,,,,,,,,,,,,
23.61667,193.9,,,,,,,,,,,,,,,,,,,
23.63333,193.5,,,,,,,,,,,,,,,,,,,
23.65,193.5,,,,,,,,,,,,,,,,,,,
23.66667,193.3,,,,,,,,,,,,,,,,,,,
23.68333,193.1,,,,,,,,,,,,,,,,,,,
23.7,193.5,,,,,,,,,,,,,,,,,,,
23.71667,193.5,,,,,,,,,,,,,,,,,,,
23.73333,194,,,,,,,,,,,,,,,,,,,
23.75,193.4,,,,,,,,,,,,,,,,,,,
23.76667,193.1,,,,,,,,,,,,,,,,,,,
23.78333,193.5,,,,,,,,,,,,,,,,,,,
23.8,193.4,,,,,,,,,,,,,,,,,,,
23.81667,193.5,,,,,,,,,,,,,,,,,,,
23.83333,193.5,,,,,,,,,,,,,,,,,,,
23.85,193.8,,,,,,,,,,,,,,,,,,,
23.86667,193.5,,,,,,,,,,,,,,,,,,,
23.88333,193.5,,,,,,,,,,,,,,,,,,,
23.9,193.6,,,,,,,,,,,,,,,,,,,
23.91667,193.4,,,,,,,,,,,,,,,,,,,
23.93333,193.4,,,,,,,,,,,,,,,,,,,
23.95,193.9,,,,,,,,,,,,,,,,,,,
23.96667,193.1,,,,,,,,,,,,,,,,,,,
23.98333,193.3,,,,,,,,,,,,,,,,,,,
24,193.3,,,,,,,,,,,,,,,,,,,
24.01667,193.9,,,,,,,,,,,,,,,,,,,
24.03333,193.5,,,,,,,,,,,,,,,,,,,
24.05,193.4,,,,,,,,,,,,,,,,,,,
24.06667,193.4,,,,,,,,,,,,,,,,,,,
24.08333,193.4,,,,,,,,,,,,,,,,,,,
24.1,193.3,,,,,,,,,,,,,,,,,,,
24.11667,193.6,,,,,,,,,,,,,,,,,,,
24.13333,194,,,,,,,,,,,,,,,,,,,
24.15,193.8,,,,,,,,,,,,,,,,,,,
24.16667,193.4,,,,,,,,,,,,,,,,,,,
24.18333,193.5,,,,,,,,,,,,,,,,,,,
24.2,193.4,,,,,,,,,,,,,,,,,,,
24.21667,193.9,,,,,,,,,,,,,,,,,,,
24.23333,193.9,,,,,,,,,,,,,,,,,,,
24.25,193.9,,,,,,,,,,,,,,,,,,,
24.26667,193.6,,,,,,,,,,,,,,,,,,,
24.28333,193.4,,,,,,,,,,,,,,,,,,,
24.3,193.8,,,,,,,,,,,,,,,,,,,
24.31667,193.8,,,,,,,,,,,,,,,,,,,
24.33333,193.9,,,,,,,,,,,,,,,,,,,
24.35,194,,,,,,,,,,,,,,,,,,,
24.36667,193.8,,,,,,,,,,,,,,,,,,,
24.38333,193.4,,,,,,,,,,,,,,,,,,,
24.4,193.8,,,,,,,,,,,,,,,,,,,
24.41667,193.9,,,,,,,,,,,,,,,,,,,
24.43333,193.6,,,,,,,,,,,,,,,,,,,
24.45,193.9,,,,,,,,,,,,,,,,,,,
24.46667,193.9,,,,,,,,,,,,,,,,,,,
24.48333,193.6,,,,,,,,,,,,,,,,,,,
24.5,193.6,,,,,,,,,,,,,,,,,,,
24.51667,194,,,,,,,,,,,,,,,,,,,
24.53333,194,,,,,,,,,,,,,,,,,,,
24.55,194,,,,,,,,,,,,,,,,,,,
24.56667,193.8,,,,,,,,,,,,,,,,,,,
24.58333,193.6,,,,,,,,,,,,,,,,,,,
24.6,193.8,,,,,,,,,,,,,,,,,,,
24.61667,193.9,,,,,,,,,,,,,,,,,,,
24.63333,194,,,,,,,,,,,,,,,,,,,
24.65,194,,,,,,,,,,,,,,,,,,,
24.66667,194,,,,,,,,,,,,,,,,,,,
24.68333,193.6,,,,,,,,,,,,,,,,,,,
24.7,193.6,,,,,,,,,,,,,,,,,,,
24.71667,193.9,,,,,,,,,,,,,,,,,,,
24.73333,193.8,,,,,,,,,,,,,,,,,,,
24.75,193.9,,,,,,,,,,,,,,,,,,,
24.76667,194,,,,,,,,,,,,,,,,,,,
24.78333,193.5,,,,,,,,,,,,,,,,,,,
24.8,193.6,,,,,,,,,,,,,,,,,,,
24.81667,193.9,,,,,,,,,,,,,,,,,,,
24.83333,193.9,,,,,,,,,,,,,,,,,,,
24.85,193.8,,,,,,,,,,,,,,,,,,,
24.86667,194,,,,,,,,,,,,,,,,,,,
24.88333,193.8,,,,,,,,,,,,,,,,,,,
24.9,193.5,,,,,,,,,,,,,,,,,,,
24.91667,193.3,,,,,,,,,,,,,,,,,,,
24.93333,193.9,,,,,,,,,,,,,,,,,,,
24.95,194,,,,,,,,,,,,,,,,,,,
24.96667,193.6,,,,,,,,,,,,,,,,,,,
24.98333,193.8,,,,,,,,,,,,,,,,,,,
25,193.4,,,,,,,,,,,,,,,,,,,
25.01667,193.9,,,,,,,,,,,,,,,,,,,
25.03333,194,,,,,,,,,,,,,,,,,,,
25.05,194.3,,,,,,,,,,,,,,,,,,,
25.06667,194,,,,,,,,,,,,,,,,,,,
25.08333,193.8,,,,,,,,,,,,,,,,,,,
25.1,193.9,,,,,,,,,,,,,,,,,,,
25.11667,194,,,,,,,,,,,,,,,,,,,
25.13333,193.8,,,,,,,,,,,,,,,,,,,
25.15,194.2,,,,,,,,,,,,,,,,,,,
25.16667,194.2,,,,,,,,,,,,,,,,,,,
25.18333,193.5,,,,,,,,,,,,,,,,,,,
25.2,193.9,,,,,,,,,,,,,,,,,,,
25.21667,194,,,,,,,,,,,,,,,,,,,
25.23333,193.9,,,,,,,,,,,,,,,,,,,
25.25,194.3,,,,,,,,,,,,,,,,,,,
25.26667,194.4,,,,,,,,,,,,,,,,,,,
25.28333,193.8,,,,,,,,,,,,,,,,,,,
25.3,193.6,,,,,,,,,,,,,,,,,,,
25.31667,194,,,,,,,,,,,,,,,,,,,
25.33333,194.2,,,,,,,,,,,,,,,,,,,
25.35,194.3,,,,,,,,,,,,,,,,,,,
25.36667,194.2,,,,,,,,,,,,,,,,,,,
25.38333,194.2,,,,,,,,,,,,,,,,,,,
25.4,194.2,,,,,,,,,,,,,,,,,,,
25.41667,194,,,,,,,,,,,,,,,,,,,
25.43333,194.2,,,,,,,,,,,,,,,,,,,
,,,,,,,,,,,,,,,,,,,,
[LC Status Trace(Pump A Degasser Pressure)],,,,,,,,,,,,,,,,,,,,
Interval(msec),1000,,,,,,,,,,,,,,,,,,,
# of Points,1527,,,,,,,,,,,,,,,,,,,
Start Time(min),0,,,,,,,,,,,,,,,,,,,
End Time(min),25.433,,,,,,,,,,,,,,,,,,,
Intensity Units,psi,,,,,,,,,,,,,,,,,,,
Intensity Multiplier,14.2233,,,,,,,,,,,,,,,,,,,
R.Time (min),Intensity,,,,,,,,,,,,,,,,,,,
0,964.6,,,,,,,,,,,,,,,,,,,
0.01667,964.6,,,,,,,,,,,,,,,,,,,
0.03333,964.6,,,,,,,,,,,,,,,,,,,
0.05,964.6,,,,,,,,,,,,,,,,,,,
0.06667,964.6,,,,,,,,,,,,,,,,,,,
0.08333,964.6,,,,,,,,,,,,,,,,,,,
0.1,964.6,,,,,,,,,,,,,,,,,,,
0.11667,964.6,,,,,,,,,,,,,,,,,,,
0.13333,964.6,,,,,,,,,,,,,,,,,,,
0.15,964.6,,,,,,,,,,,,,,,,,,,
0.16667,964.6,,,,,,,,,,,,,,,,,,,
0.18333,964.6,,,,,,,,,,,,,,,,,,,
0.2,964.6,,,,,,,,,,,,,,,,,,,
0.21667,964.6,,,,,,,,,,,,,,,,,,,
0.23333,964.6,,,,,,,,,,,,,,,,,,,
0.25,964.6,,,,,,,,,,,,,,,,,,,
0.26667,964.6,,,,,,,,,,,,,,,,,,,
0.28333,964.6,,,,,,,,,,,,,,,,,,,
0.3,964.6,,,,,,,,,,,,,,,,,,,
0.31667,964.6,,,,,,,,,,,,,,,,,,,
0.33333,964.6,,,,,,,,,,,,,,,,,,,
0.35,964.6,,,,,,,,,,,,,,,,,,,
0.36667,964.6,,,,,,,,,,,,,,,,,,,
0.38333,964.6,,,,,,,,,,,,,,,,,,,
0.4,964.6,,,,,,,,,,,,,,,,,,,
0.41667,964.6,,,,,,,,,,,,,,,,,,,
0.43333,964.6,,,,,,,,,,,,,,,,,,,
0.45,964.6,,,,,,,,,,,,,,,,,,,
0.46667,964.6,,,,,,,,,,,,,,,,,,,
0.48333,964.6,,,,,,,,,,,,,,,,,,,
0.5,964.6,,,,,,,,,,,,,,,,,,,
0.51667,964.6,,,,,,,,,,,,,,,,,,,
0.53333,964.6,,,,,,,,,,,,,,,,,,,
0.55,964.6,,,,,,,,,,,,,,,,,,,
0.56667,964.6,,,,,,,,,,,,,,,,,,,
0.58333,964.6,,,,,,,,,,,,,,,,,,,
0.6,964.6,,,,,,,,,,,,,,,,,,,
0.61667,964.6,,,,,,,,,,,,,,,,,,,
0.63333,964.6,,,,,,,,,,,,,,,,,,,
0.65,964.6,,,,,,,,,,,,,,,,,,,
0.66667,964.6,,,,,,,,,,,,,,,,,,,
0.68333,964.6,,,,,,,,,,,,,,,,,,,
0.7,964.6,,,,,,,,,,,,,,,,,,,
0.71667,964.6,,,,,,,,,,,,,,,,,,,
0.73333,964.6,,,,,,,,,,,,,,,,,,,
0.75,964.6,,,,,,,,,,,,,,,,,,,
0.76667,964.6,,,,,,,,,,,,,,,,,,,
0.78333,964.6,,,,,,,,,,,,,,,,,,,
0.8,964.6,,,,,,,,,,,,,,,,,,,
0.81667,964.6,,,,,,,,,,,,,,,,,,,
0.83333,964.6,,,,,,,,,,,,,,,,,,,
0.85,964.6,,,,,,,,,,,,,,,,,,,
0.86667,964.6,,,,,,,,,,,,,,,,,,,
0.88333,964.6,,,,,,,,,,,,,,,,,,,
0.9,964.6,,,,,,,,,,,,,,,,,,,
0.91667,964.6,,,,,,,,,,,,,,,,,,,
0.93333,964.6,,,,,,,,,,,,,,,,,,,
0.95,964.6,,,,,,,,,,,,,,,,,,,
0.96667,964.6,,,,,,,,,,,,,,,,,,,
0.98333,964.6,,,,,,,,,,,,,,,,,,,
1,964.6,,,,,,,,,,,,,,,,,,,
1.01667,964.6,,,,,,,,,,,,,,,,,,,
1.03333,964.6,,,,,,,,,,,,,,,,,,,
1.05,964.6,,,,,,,,,,,,,,,,,,,
1.06667,964.6,,,,,,,,,,,,,,,,,,,
1.08333,964.6,,,,,,,,,,,,,,,,,,,
1.1,964.6,,,,,,,,,,,,,,,,,,,
1.11667,964.6,,,,,,,,,,,,,,,,,,,
1.13333,964.6,,,,,,,,,,,,,,,,,,,
1.15,964.6,,,,,,,,,,,,,,,,,,,
1.16667,964.6,,,,,,,,,,,,,,,,,,,
1.18333,964.6,,,,,,,,,,,,,,,,,,,
1.2,964.6,,,,,,,,,,,,,,,,,,,
1.21667,964.6,,,,,,,,,,,,,,,,,,,
1.23333,964.6,,,,,,,,,,,,,,,,,,,
1.25,964.6,,,,,,,,,,,,,,,,,,,
1.26667,964.6,,,,,,,,,,,,,,,,,,,
1.28333,964.6,,,,,,,,,,,,,,,,,,,
1.3,964.6,,,,,,,,,,,,,,,,,,,
1.31667,964.6,,,,,,,,,,,,,,,,,,,
1.33333,964.6,,,,,,,,,,,,,,,,,,,
1.35,964.6,,,,,,,,,,,,,,,,,,,
1.36667,964.6,,,,,,,,,,,,,,,,,,,
1.38333,964.6,,,,,,,,,,,,,,,,,,,
1.4,964.6,,,,,,,,,,,,,,,,,,,
1.41667,964.6,,,,,,,,,,,,,,,,,,,
1.43333,964.6,,,,,,,,,,,,,,,,,,,
1.45,964.6,,,,,,,,,,,,,,,,,,,
1.46667,964.6,,,,,,,,,,,,,,,,,,,
1.48333,964.6,,,,,,,,,,,,,,,,,,,
1.5,964.6,,,,,,,,,,,,,,,,,,,
1.51667,964.6,,,,,,,,,,,,,,,,,,,
1.53333,964.6,,,,,,,,,,,,,,,,,,,
1.55,964.6,,,,,,,,,,,,,,,,,,,
1.56667,964.6,,,,,,,,,,,,,,,,,,,
1.58333,964.6,,,,,,,,,,,,,,,,,,,
1.6,964.6,,,,,,,,,,,,,,,,,,,
1.61667,964.6,,,,,,,,,,,,,,,,,,,
1.63333,964.6,,,,,,,,,,,,,,,,,,,
1.65,964.6,,,,,,,,,,,,,,,,,,,
1.66667,964.6,,,,,,,,,,,,,,,,,,,
1.68333,964.6,,,,,,,,,,,,,,,,,,,
1.7,964.6,,,,,,,,,,,,,,,,,,,
1.71667,964.6,,,,,,,,,,,,,,,,,,,
1.73333,964.6,,,,,,,,,,,,,,,,,,,
1.75,964.6,,,,,,,,,,,,,,,,,,,
1.76667,964.6,,,,,,,,,,,,,,,,,,,
1.78333,964.6,,,,,,,,,,,,,,,,,,,
1.8,964.6,,,,,,,,,,,,,,,,,,,
1.81667,964.6,,,,,,,,,,,,,,,,,,,
1.83333,964.6,,,,,,,,,,,,,,,,,,,
1.85,964.6,,,,,,,,,,,,,,,,,,,
1.86667,964.6,,,,,,,,,,,,,,,,,,,
1.88333,964.6,,,,,,,,,,,,,,,,,,,
1.9,964.6,,,,,,,,,,,,,,,,,,,
1.91667,964.6,,,,,,,,,,,,,,,,,,,
1.93333,964.6,,,,,,,,,,,,,,,,,,,
1.95,964.6,,,,,,,,,,,,,,,,,,,
1.96667,964.6,,,,,,,,,,,,,,,,,,,
1.98333,964.6,,,,,,,,,,,,,,,,,,,
2,964.6,,,,,,,,,,,,,,,,,,,
2.01667,964.6,,,,,,,,,,,,,,,,,,,
2.03333,964.6,,,,,,,,,,,,,,,,,,,
2.05,964.6,,,,,,,,,,,,,,,,,,,
2.06667,964.6,,,,,,,,,,,,,,,,,,,
2.08333,964.6,,,,,,,,,,,,,,,,,,,
2.1,964.6,,,,,,,,,,,,,,,,,,,
2.11667,964.6,,,,,,,,,,,,,,,,,,,
2.13333,964.6,,,,,,,,,,,,,,,,,,,
2.15,964.6,,,,,,,,,,,,,,,,,,,
2.16667,964.6,,,,,,,,,,,,,,,,,,,
2.18333,964.6,,,,,,,,,,,,,,,,,,,
2.2,964.6,,,,,,,,,,,,,,,,,,,
2.21667,964.6,,,,,,,,,,,,,,,,,,,
2.23333,964.6,,,,,,,,,,,,,,,,,,,
2.25,964.6,,,,,,,,,,,,,,,,,,,
2.26667,964.6,,,,,,,,,,,,,,,,,,,
2.28333,964.6,,,,,,,,,,,,,,,,,,,
2.3,964.6,,,,,,,,,,,,,,,,,,,
2.31667,964.6,,,,,,,,,,,,,,,,,,,
2.33333,964.6,,,,,,,,,,,,,,,,,,,
2.35,964.6,,,,,,,,,,,,,,,,,,,
2.36667,964.6,,,,,,,,,,,,,,,,,,,
2.38333,964.6,,,,,,,,,,,,,,,,,,,
2.4,964.6,,,,,,,,,,,,,,,,,,,
2.41667,964.6,,,,,,,,,,,,,,,,,,,
2.43333,964.6,,,,,,,,,,,,,,,,,,,
2.45,964.6,,,,,,,,,,,,,,,,,,,
2.46667,964.6,,,,,,,,,,,,,,,,,,,
2.48333,964.6,,,,,,,,,,,,,,,,,,,
2.5,964.6,,,,,,,,,,,,,,,,,,,
2.51667,964.6,,,,,,,,,,,,,,,,,,,
2.53333,964.6,,,,,,,,,,,,,,,,,,,
2.55,964.6,,,,,,,,,,,,,,,,,,,
2.56667,964.6,,,,,,,,,,,,,,,,,,,
2.58333,964.6,,,,,,,,,,,,,,,,,,,
2.6,964.6,,,,,,,,,,,,,,,,,,,
2.61667,964.6,,,,,,,,,,,,,,,,,,,
2.63333,964.6,,,,,,,,,,,,,,,,,,,
2.65,964.6,,,,,,,,,,,,,,,,,,,
2.66667,964.6,,,,,,,,,,,,,,,,,,,
2.68333,964.6,,,,,,,,,,,,,,,,,,,
2.7,964.6,,,,,,,,,,,,,,,,,,,
2.71667,964.6,,,,,,,,,,,,,,,,,,,
2.73333,964.6,,,,,,,,,,,,,,,,,,,
2.75,964.6,,,,,,,,,,,,,,,,,,,
2.76667,964.6,,,,,,,,,,,,,,,,,,,
2.78333,964.6,,,,,,,,,,,,,,,,,,,
2.8,964.6,,,,,,,,,,,,,,,,,,,
2.81667,964.6,,,,,,,,,,,,,,,,,,,
2.83333,964.6,,,,,,,,,,,,,,,,,,,
2.85,964.6,,,,,,,,,,,,,,,,,,,
2.86667,964.6,,,,,,,,,,,,,,,,,,,
2.88333,964.6,,,,,,,,,,,,,,,,,,,
2.9,964.6,,,,,,,,,,,,,,,,,,,
2.91667,964.6,,,,,,,,,,,,,,,,,,,
2.93333,964.6,,,,,,,,,,,,,,,,,,,
2.95,964.6,,,,,,,,,,,,,,,,,,,
2.96667,964.6,,,,,,,,,,,,,,,,,,,
2.98333,964.6,,,,,,,,,,,,,,,,,,,
3,964.6,,,,,,,,,,,,,,,,,,,
3.01667,964.6,,,,,,,,,,,,,,,,,,,
3.03333,964.6,,,,,,,,,,,,,,,,,,,
3.05,964.6,,,,,,,,,,,,,,,,,,,
3.06667,964.6,,,,,,,,,,,,,,,,,,,
3.08333,964.6,,,,,,,,,,,,,,,,,,,
3.1,964.6,,,,,,,,,,,,,,,,,,,
3.11667,964.6,,,,,,,,,,,,,,,,,,,
3.13333,964.6,,,,,,,,,,,,,,,,,,,
3.15,964.6,,,,,,,,,,,,,,,,,,,
3.16667,964.6,,,,,,,,,,,,,,,,,,,
3.18333,964.6,,,,,,,,,,,,,,,,,,,
3.2,964.6,,,,,,,,,,,,,,,,,,,
3.21667,964.6,,,,,,,,,,,,,,,,,,,
3.23333,964.6,,,,,,,,,,,,,,,,,,,
3.25,964.6,,,,,,,,,,,,,,,,,,,
3.26667,964.6,,,,,,,,,,,,,,,,,,,
3.28333,964.6,,,,,,,,,,,,,,,,,,,
3.3,964.6,,,,,,,,,,,,,,,,,,,
3.31667,964.6,,,,,,,,,,,,,,,,,,,
3.33333,964.6,,,,,,,,,,,,,,,,,,,
3.35,964.6,,,,,,,,,,,,,,,,,,,
3.36667,964.6,,,,,,,,,,,,,,,,,,,
3.38333,964.6,,,,,,,,,,,,,,,,,,,
3.4,964.6,,,,,,,,,,,,,,,,,,,
3.41667,964.6,,,,,,,,,,,,,,,,,,,
3.43333,964.6,,,,,,,,,,,,,,,,,,,
3.45,964.6,,,,,,,,,,,,,,,,,,,
3.46667,964.6,,,,,,,,,,,,,,,,,,,
3.48333,964.6,,,,,,,,,,,,,,,,,,,
3.5,965.6,,,,,,,,,,,,,,,,,,,
3.51667,965.6,,,,,,,,,,,,,,,,,,,
3.53333,965.6,,,,,,,,,,,,,,,,,,,
3.55,965.6,,,,,,,,,,,,,,,,,,,
3.56667,965.6,,,,,,,,,,,,,,,,,,,
3.58333,965.6,,,,,,,,,,,,,,,,,,,
3.6,965.6,,,,,,,,,,,,,,,,,,,
3.61667,965.6,,,,,,,,,,,,,,,,,,,
3.63333,965.6,,,,,,,,,,,,,,,,,,,
3.65,965.6,,,,,,,,,,,,,,,,,,,
3.66667,965.6,,,,,,,,,,,,,,,,,,,
3.68333,965.6,,,,,,,,,,,,,,,,,,,
3.7,965.6,,,,,,,,,,,,,,,,,,,
3.71667,965.6,,,,,,,,,,,,,,,,,,,
3.73333,965.6,,,,,,,,,,,,,,,,,,,
3.75,965.6,,,,,,,,,,,,,,,,,,,
3.76667,965.6,,,,,,,,,,,,,,,,,,,
3.78333,965.6,,,,,,,,,,,,,,,,,,,
3.8,965.6,,,,,,,,,,,,,,,,,,,
3.81667,965.6,,,,,,,,,,,,,,,,,,,
3.83333,965.6,,,,,,,,,,,,,,,,,,,
3.85,965.6,,,,,,,,,,,,,,,,,,,
3.86667,965.6,,,,,,,,,,,,,,,,,,,
3.88333,965.6,,,,,,,,,,,,,,,,,,,
3.9,965.6,,,,,,,,,,,,,,,,,,,
3.91667,965.6,,,,,,,,,,,,,,,,,,,
3.93333,965.6,,,,,,,,,,,,,,,,,,,
3.95,965.6,,,,,,,,,,,,,,,,,,,
3.96667,965.6,,,,,,,,,,,,,,,,,,,
3.98333,965.6,,,,,,,,,,,,,,,,,,,
4,965.6,,,,,,,,,,,,,,,,,,,
4.01667,965.6,,,,,,,,,,,,,,,,,,,
4.03333,965.6,,,,,,,,,,,,,,,,,,,
4.05,965.6,,,,,,,,,,,,,,,,,,,
4.06667,965.6,,,,,,,,,,,,,,,,,,,
4.08333,965.6,,,,,,,,,,,,,,,,,,,
4.1,965.6,,,,,,,,,,,,,,,,,,,
4.11667,965.6,,,,,,,,,,,,,,,,,,,
4.13333,965.6,,,,,,,,,,,,,,,,,,,
4.15,965.6,,,,,,,,,,,,,,,,,,,
4.16667,965.6,,,,,,,,,,,,,,,,,,,
4.18333,965.6,,,,,,,,,,,,,,,,,,,
4.2,965.6,,,,,,,,,,,,,,,,,,,
4.21667,964.6,,,,,,,,,,,,,,,,,,,
4.23333,964.6,,,,,,,,,,,,,,,,,,,
4.25,964.6,,,,,,,,,,,,,,,,,,,
4.26667,964.6,,,,,,,,,,,,,,,,,,,
4.28333,964.6,,,,,,,,,,,,,,,,,,,
4.3,964.6,,,,,,,,,,,,,,,,,,,
4.31667,964.6,,,,,,,,,,,,,,,,,,,
4.33333,964.6,,,,,,,,,,,,,,,,,,,
4.35,964.6,,,,,,,,,,,,,,,,,,,
4.36667,964.6,,,,,,,,,,,,,,,,,,,
4.38333,964.6,,,,,,,,,,,,,,,,,,,
4.4,964.6,,,,,,,,,,,,,,,,,,,
4.41667,964.6,,,,,,,,,,,,,,,,,,,
4.43333,964.6,,,,,,,,,,,,,,,,,,,
4.45,964.6,,,,,,,,,,,,,,,,,,,
4.46667,964.6,,,,,,,,,,,,,,,,,,,
4.48333,964.6,,,,,,,,,,,,,,,,,,,
4.5,964.6,,,,,,,,,,,,,,,,,,,
4.51667,964.6,,,,,,,,,,,,,,,,,,,
4.53333,964.6,,,,,,,,,,,,,,,,,,,
4.55,964.6,,,,,,,,,,,,,,,,,,,
4.56667,964.6,,,,,,,,,,,,,,,,,,,
4.58333,964.6,,,,,,,,,,,,,,,,,,,
4.6,964.6,,,,,,,,,,,,,,,,,,,
4.61667,964.6,,,,,,,,,,,,,,,,,,,
4.63333,964.6,,,,,,,,,,,,,,,,,,,
4.65,964.6,,,,,,,,,,,,,,,,,,,
4.66667,964.6,,,,,,,,,,,,,,,,,,,
4.68333,964.6,,,,,,,,,,,,,,,,,,,
4.7,964.6,,,,,,,,,,,,,,,,,,,
4.71667,964.6,,,,,,,,,,,,,,,,,,,
4.73333,964.6,,,,,,,,,,,,,,,,,,,
4.75,964.6,,,,,,,,,,,,,,,,,,,
4.76667,964.6,,,,,,,,,,,,,,,,,,,
4.78333,964.6,,,,,,,,,,,,,,,,,,,
4.8,964.6,,,,,,,,,,,,,,,,,,,
4.81667,964.6,,,,,,,,,,,,,,,,,,,
4.83333,964.6,,,,,,,,,,,,,,,,,,,
4.85,964.6,,,,,,,,,,,,,,,,,,,
4.86667,964.6,,,,,,,,,,,,,,,,,,,
4.88333,964.6,,,,,,,,,,,,,,,,,,,
4.9,964.6,,,,,,,,,,,,,,,,,,,
4.91667,964.6,,,,,,,,,,,,,,,,,,,
4.93333,964.6,,,,,,,,,,,,,,,,,,,
4.95,964.6,,,,,,,,,,,,,,,,,,,
4.96667,964.6,,,,,,,,,,,,,,,,,,,
4.98333,964.6,,,,,,,,,,,,,,,,,,,
5,964.6,,,,,,,,,,,,,,,,,,,
5.01667,964.6,,,,,,,,,,,,,,,,,,,
5.03333,964.6,,,,,,,,,,,,,,,,,,,
5.05,964.6,,,,,,,,,,,,,,,,,,,
5.06667,964.6,,,,,,,,,,,,,,,,,,,
5.08333,964.6,,,,,,,,,,,,,,,,,,,
5.1,964.6,,,,,,,,,,,,,,,,,,,
5.11667,964.6,,,,,,,,,,,,,,,,,,,
5.13333,964.6,,,,,,,,,,,,,,,,,,,
5.15,964.6,,,,,,,,,,,,,,,,,,,
5.16667,964.6,,,,,,,,,,,,,,,,,,,
5.18333,964.6,,,,,,,,,,,,,,,,,,,
5.2,964.6,,,,,,,,,,,,,,,,,,,
5.21667,964.6,,,,,,,,,,,,,,,,,,,
5.23333,964.6,,,,,,,,,,,,,,,,,,,
5.25,964.6,,,,,,,,,,,,,,,,,,,
5.26667,964.6,,,,,,,,,,,,,,,,,,,
5.28333,964.6,,,,,,,,,,,,,,,,,,,
5.3,964.6,,,,,,,,,,,,,,,,,,,
5.31667,964.6,,,,,,,,,,,,,,,,,,,
5.33333,964.6,,,,,,,,,,,,,,,,,,,
5.35,964.6,,,,,,,,,,,,,,,,,,,
5.36667,964.6,,,,,,,,,,,,,,,,,,,
5.38333,964.6,,,,,,,,,,,,,,,,,,,
5.4,964.6,,,,,,,,,,,,,,,,,,,
5.41667,964.6,,,,,,,,,,,,,,,,,,,
5.43333,964.6,,,,,,,,,,,,,,,,,,,
5.45,964.6,,,,,,,,,,,,,,,,,,,
5.46667,964.6,,,,,,,,,,,,,,,,,,,
5.48333,964.6,,,,,,,,,,,,,,,,,,,
5.5,964.6,,,,,,,,,,,,,,,,,,,
5.51667,964.6,,,,,,,,,,,,,,,,,,,
5.53333,964.6,,,,,,,,,,,,,,,,,,,
5.55,964.6,,,,,,,,,,,,,,,,,,,
5.56667,964.6,,,,,,,,,,,,,,,,,,,
5.58333,964.6,,,,,,,,,,,,,,,,,,,
5.6,964.6,,,,,,,,,,,,,,,,,,,
5.61667,964.6,,,,,,,,,,,,,,,,,,,
5.63333,964.6,,,,,,,,,,,,,,,,,,,
5.65,964.6,,,,,,,,,,,,,,,,,,,
5.66667,965.6,,,,,,,,,,,,,,,,,,,
5.68333,965.6,,,,,,,,,,,,,,,,,,,
5.7,965.6,,,,,,,,,,,,,,,,,,,
5.71667,965.6,,,,,,,,,,,,,,,,,,,
5.73333,965.6,,,,,,,,,,,,,,,,,,,
5.75,965.6,,,,,,,,,,,,,,,,,,,
5.76667,965.6,,,,,,,,,,,,,,,,,,,
5.78333,965.6,,,,,,,,,,,,,,,,,,,
5.8,965.6,,,,,,,,,,,,,,,,,,,
5.81667,965.6,,,,,,,,,,,,,,,,,,,
5.83333,965.6,,,,,,,,,,,,,,,,,,,
5.85,965.6,,,,,,,,,,,,,,,,,,,
5.86667,965.6,,,,,,,,,,,,,,,,,,,
5.88333,965.6,,,,,,,,,,,,,,,,,,,
5.9,965.6,,,,,,,,,,,,,,,,,,,
5.91667,965.6,,,,,,,,,,,,,,,,,,,
5.93333,965.6,,,,,,,,,,,,,,,,,,,
5.95,965.6,,,,,,,,,,,,,,,,,,,
5.96667,965.6,,,,,,,,,,,,,,,,,,,
5.98333,965.6,,,,,,,,,,,,,,,,,,,
6,965.6,,,,,,,,,,,,,,,,,,,
6.01667,965.6,,,,,,,,,,,,,,,,,,,
6.03333,965.6,,,,,,,,,,,,,,,,,,,
6.05,965.6,,,,,,,,,,,,,,,,,,,
6.06667,965.6,,,,,,,,,,,,,,,,,,,
6.08333,965.6,,,,,,,,,,,,,,,,,,,
6.1,965.6,,,,,,,,,,,,,,,,,,,
6.11667,965.6,,,,,,,,,,,,,,,,,,,
6.13333,965.6,,,,,,,,,,,,,,,,,,,
6.15,965.6,,,,,,,,,,,,,,,,,,,
6.16667,965.6,,,,,,,,,,,,,,,,,,,
6.18333,965.6,,,,,,,,,,,,,,,,,,,
6.2,965.6,,,,,,,,,,,,,,,,,,,
6.21667,965.6,,,,,,,,,,,,,,,,,,,
6.23333,965.6,,,,,,,,,,,,,,,,,,,
6.25,965.6,,,,,,,,,,,,,,,,,,,
6.26667,965.6,,,,,,,,,,,,,,,,,,,
6.28333,965.6,,,,,,,,,,,,,,,,,,,
6.3,965.6,,,,,,,,,,,,,,,,,,,
6.31667,965.6,,,,,,,,,,,,,,,,,,,
6.33333,965.6,,,,,,,,,,,,,,,,,,,
6.35,965.6,,,,,,,,,,,,,,,,,,,
6.36667,965.6,,,,,,,,,,,,,,,,,,,
6.38333,965.6,,,,,,,,,,,,,,,,,,,
6.4,965.6,,,,,,,,,,,,,,,,,,,
6.41667,965.6,,,,,,,,,,,,,,,,,,,
6.43333,964.6,,,,,,,,,,,,,,,,,,,
6.45,964.6,,,,,,,,,,,,,,,,,,,
6.46667,964.6,,,,,,,,,,,,,,,,,,,
6.48333,964.6,,,,,,,,,,,,,,,,,,,
6.5,964.6,,,,,,,,,,,,,,,,,,,
6.51667,964.6,,,,,,,,,,,,,,,,,,,
6.53333,964.6,,,,,,,,,,,,,,,,,,,
6.55,964.6,,,,,,,,,,,,,,,,,,,
6.56667,964.6,,,,,,,,,,,,,,,,,,,
6.58333,964.6,,,,,,,,,,,,,,,,,,,
6.6,964.6,,,,,,,,,,,,,,,,,,,
6.61667,964.6,,,,,,,,,,,,,,,,,,,
6.63333,964.6,,,,,,,,,,,,,,,,,,,
6.65,964.6,,,,,,,,,,,,,,,,,,,
6.66667,964.6,,,,,,,,,,,,,,,,,,,
6.68333,964.6,,,,,,,,,,,,,,,,,,,
6.7,964.6,,,,,,,,,,,,,,,,,,,
6.71667,964.6,,,,,,,,,,,,,,,,,,,
6.73333,964.6,,,,,,,,,,,,,,,,,,,
6.75,964.6,,,,,,,,,,,,,,,,,,,
6.76667,964.6,,,,,,,,,,,,,,,,,,,
6.78333,964.6,,,,,,,,,,,,,,,,,,,
6.8,964.6,,,,,,,,,,,,,,,,,,,
6.81667,964.6,,,,,,,,,,,,,,,,,,,
6.83333,964.6,,,,,,,,,,,,,,,,,,,
6.85,964.6,,,,,,,,,,,,,,,,,,,
6.86667,964.6,,,,,,,,,,,,,,,,,,,
6.88333,964.6,,,,,,,,,,,,,,,,,,,
6.9,964.6,,,,,,,,,,,,,,,,,,,
6.91667,964.6,,,,,,,,,,,,,,,,,,,
6.93333,964.6,,,,,,,,,,,,,,,,,,,
6.95,964.6,,,,,,,,,,,,,,,,,,,
6.96667,964.6,,,,,,,,,,,,,,,,,,,
6.98333,964.6,,,,,,,,,,,,,,,,,,,
7,964.6,,,,,,,,,,,,,,,,,,,
7.01667,964.6,,,,,,,,,,,,,,,,,,,
7.03333,964.6,,,,,,,,,,,,,,,,,,,
7.05,964.6,,,,,,,,,,,,,,,,,,,
7.06667,964.6,,,,,,,,,,,,,,,,,,,
7.08333,964.6,,,,,,,,,,,,,,,,,,,
7.1,964.6,,,,,,,,,,,,,,,,,,,
7.11667,964.6,,,,,,,,,,,,,,,,,,,
7.13333,964.6,,,,,,,,,,,,,,,,,,,
7.15,964.6,,,,,,,,,,,,,,,,,,,
7.16667,964.6,,,,,,,,,,,,,,,,,,,
7.18333,964.6,,,,,,,,,,,,,,,,,,,
7.2,964.6,,,,,,,,,,,,,,,,,,,
7.21667,964.6,,,,,,,,,,,,,,,,,,,
7.23333,964.6,,,,,,,,,,,,,,,,,,,
7.25,964.6,,,,,,,,,,,,,,,,,,,
7.26667,964.6,,,,,,,,,,,,,,,,,,,
7.28333,964.6,,,,,,,,,,,,,,,,,,,
7.3,964.6,,,,,,,,,,,,,,,,,,,
7.31667,964.6,,,,,,,,,,,,,,,,,,,
7.33333,964.6,,,,,,,,,,,,,,,,,,,
7.35,964.6,,,,,,,,,,,,,,,,,,,
7.36667,964.6,,,,,,,,,,,,,,,,,,,
7.38333,964.6,,,,,,,,,,,,,,,,,,,
7.4,964.6,,,,,,,,,,,,,,,,,,,
7.41667,964.6,,,,,,,,,,,,,,,,,,,
7.43333,964.6,,,,,,,,,,,,,,,,,,,
7.45,964.6,,,,,,,,,,,,,,,,,,,
7.46667,964.6,,,,,,,,,,,,,,,,,,,
7.48333,964.6,,,,,,,,,,,,,,,,,,,
7.5,964.6,,,,,,,,,,,,,,,,,,,
7.51667,964.6,,,,,,,,,,,,,,,,,,,
7.53333,964.6,,,,,,,,,,,,,,,,,,,
7.55,964.6,,,,,,,,,,,,,,,,,,,
7.56667,964.6,,,,,,,,,,,,,,,,,,,
7.58333,964.6,,,,,,,,,,,,,,,,,,,
7.6,964.6,,,,,,,,,,,,,,,,,,,
7.61667,964.6,,,,,,,,,,,,,,,,,,,
7.63333,964.6,,,,,,,,,,,,,,,,,,,
7.65,964.6,,,,,,,,,,,,,,,,,,,
7.66667,964.6,,,,,,,,,,,,,,,,,,,
7.68333,964.6,,,,,,,,,,,,,,,,,,,
7.7,964.6,,,,,,,,,,,,,,,,,,,
7.71667,964.6,,,,,,,,,,,,,,,,,,,
7.73333,964.6,,,,,,,,,,,,,,,,,,,
7.75,964.6,,,,,,,,,,,,,,,,,,,
7.76667,964.6,,,,,,,,,,,,,,,,,,,
7.78333,964.6,,,,,,,,,,,,,,,,,,,
7.8,964.6,,,,,,,,,,,,,,,,,,,
7.81667,964.6,,,,,,,,,,,,,,,,,,,
7.83333,964.6,,,,,,,,,,,,,,,,,,,
7.85,964.6,,,,,,,,,,,,,,,,,,,
7.86667,964.6,,,,,,,,,,,,,,,,,,,
7.88333,964.6,,,,,,,,,,,,,,,,,,,
7.9,964.6,,,,,,,,,,,,,,,,,,,
7.91667,964.6,,,,,,,,,,,,,,,,,,,
7.93333,964.6,,,,,,,,,,,,,,,,,,,
7.95,964.6,,,,,,,,,,,,,,,,,,,
7.96667,964.6,,,,,,,,,,,,,,,,,,,
7.98333,964.6,,,,,,,,,,,,,,,,,,,
8,964.6,,,,,,,,,,,,,,,,,,,
8.01667,964.6,,,,,,,,,,,,,,,,,,,
8.03333,964.6,,,,,,,,,,,,,,,,,,,
8.05,964.6,,,,,,,,,,,,,,,,,,,
8.06667,964.6,,,,,,,,,,,,,,,,,,,
8.08333,964.6,,,,,,,,,,,,,,,,,,,
8.1,964.6,,,,,,,,,,,,,,,,,,,
8.11667,964.6,,,,,,,,,,,,,,,,,,,
8.13333,964.6,,,,,,,,,,,,,,,,,,,
8.15,964.6,,,,,,,,,,,,,,,,,,,
8.16667,964.6,,,,,,,,,,,,,,,,,,,
8.18333,964.6,,,,,,,,,,,,,,,,,,,
8.2,964.6,,,,,,,,,,,,,,,,,,,
8.21667,964.6,,,,,,,,,,,,,,,,,,,
8.23333,964.6,,,,,,,,,,,,,,,,,,,
8.25,964.6,,,,,,,,,,,,,,,,,,,
8.26667,964.6,,,,,,,,,,,,,,,,,,,
8.28333,964.6,,,,,,,,,,,,,,,,,,,
8.3,964.6,,,,,,,,,,,,,,,,,,,
8.31667,964.6,,,,,,,,,,,,,,,,,,,
8.33333,964.6,,,,,,,,,,,,,,,,,,,
8.35,964.6,,,,,,,,,,,,,,,,,,,
8.36667,964.6,,,,,,,,,,,,,,,,,,,
8.38333,964.6,,,,,,,,,,,,,,,,,,,
8.4,964.6,,,,,,,,,,,,,,,,,,,
8.41667,964.6,,,,,,,,,,,,,,,,,,,
8.43333,964.6,,,,,,,,,,,,,,,,,,,
8.45,964.6,,,,,,,,,,,,,,,,,,,
8.46667,964.6,,,,,,,,,,,,,,,,,,,
8.48333,964.6,,,,,,,,,,,,,,,,,,,
8.5,964.6,,,,,,,,,,,,,,,,,,,
8.51667,964.6,,,,,,,,,,,,,,,,,,,
8.53333,964.6,,,,,,,,,,,,,,,,,,,
8.55,964.6,,,,,,,,,,,,,,,,,,,
8.56667,964.6,,,,,,,,,,,,,,,,,,,
8.58333,964.6,,,,,,,,,,,,,,,,,,,
8.6,964.6,,,,,,,,,,,,,,,,,,,
8.61667,964.6,,,,,,,,,,,,,,,,,,,
8.63333,964.6,,,,,,,,,,,,,,,,,,,
8.65,964.6,,,,,,,,,,,,,,,,,,,
8.66667,964.6,,,,,,,,,,,,,,,,,,,
8.68333,964.6,,,,,,,,,,,,,,,,,,,
8.7,964.6,,,,,,,,,,,,,,,,,,,
8.71667,964.6,,,,,,,,,,,,,,,,,,,
8.73333,964.6,,,,,,,,,,,,,,,,,,,
8.75,964.6,,,,,,,,,,,,,,,,,,,
8.76667,964.6,,,,,,,,,,,,,,,,,,,
8.78333,964.6,,,,,,,,,,,,,,,,,,,
8.8,964.6,,,,,,,,,,,,,,,,,,,
8.81667,964.6,,,,,,,,,,,,,,,,,,,
8.83333,964.6,,,,,,,,,,,,,,,,,,,
8.85,964.6,,,,,,,,,,,,,,,,,,,
8.86667,964.6,,,,,,,,,,,,,,,,,,,
8.88333,964.6,,,,,,,,,,,,,,,,,,,
8.9,964.6,,,,,,,,,,,,,,,,,,,
8.91667,964.6,,,,,,,,,,,,,,,,,,,
8.93333,964.6,,,,,,,,,,,,,,,,,,,
8.95,964.6,,,,,,,,,,,,,,,,,,,
8.96667,964.6,,,,,,,,,,,,,,,,,,,
8.98333,964.6,,,,,,,,,,,,,,,,,,,
9,964.6,,,,,,,,,,,,,,,,,,,
9.01667,964.6,,,,,,,,,,,,,,,,,,,
9.03333,964.6,,,,,,,,,,,,,,,,,,,
9.05,964.6,,,,,,,,,,,,,,,,,,,
9.06667,964.6,,,,,,,,,,,,,,,,,,,
9.08333,964.6,,,,,,,,,,,,,,,,,,,
9.1,964.6,,,,,,,,,,,,,,,,,,,
9.11667,964.6,,,,,,,,,,,,,,,,,,,
9.13333,964.6,,,,,,,,,,,,,,,,,,,
9.15,964.6,,,,,,,,,,,,,,,,,,,
9.16667,964.6,,,,,,,,,,,,,,,,,,,
9.18333,964.6,,,,,,,,,,,,,,,,,,,
9.2,964.6,,,,,,,,,,,,,,,,,,,
9.21667,964.6,,,,,,,,,,,,,,,,,,,
9.23333,964.6,,,,,,,,,,,,,,,,,,,
9.25,964.6,,,,,,,,,,,,,,,,,,,
9.26667,964.6,,,,,,,,,,,,,,,,,,,
9.28333,964.6,,,,,,,,,,,,,,,,,,,
9.3,964.6,,,,,,,,,,,,,,,,,,,
9.31667,964.6,,,,,,,,,,,,,,,,,,,
9.33333,964.6,,,,,,,,,,,,,,,,,,,
9.35,964.6,,,,,,,,,,,,,,,,,,,
9.36667,964.6,,,,,,,,,,,,,,,,,,,
9.38333,964.6,,,,,,,,,,,,,,,,,,,
9.4,964.6,,,,,,,,,,,,,,,,,,,
9.41667,964.6,,,,,,,,,,,,,,,,,,,
9.43333,964.6,,,,,,,,,,,,,,,,,,,
9.45,964.6,,,,,,,,,,,,,,,,,,,
9.46667,964.6,,,,,,,,,,,,,,,,,,,
9.48333,964.6,,,,,,,,,,,,,,,,,,,
9.5,964.6,,,,,,,,,,,,,,,,,,,
9.51667,964.6,,,,,,,,,,,,,,,,,,,
9.53333,964.6,,,,,,,,,,,,,,,,,,,
9.55,964.6,,,,,,,,,,,,,,,,,,,
9.56667,964.6,,,,,,,,,,,,,,,,,,,
9.58333,964.6,,,,,,,,,,,,,,,,,,,
9.6,964.6,,,,,,,,,,,,,,,,,,,
9.61667,964.6,,,,,,,,,,,,,,,,,,,
9.63333,964.6,,,,,,,,,,,,,,,,,,,
9.65,964.6,,,,,,,,,,,,,,,,,,,
9.66667,964.6,,,,,,,,,,,,,,,,,,,
9.68333,964.6,,,,,,,,,,,,,,,,,,,
9.7,964.6,,,,,,,,,,,,,,,,,,,
9.71667,964.6,,,,,,,,,,,,,,,,,,,
9.73333,964.6,,,,,,,,,,,,,,,,,,,
9.75,964.6,,,,,,,,,,,,,,,,,,,
9.76667,964.6,,,,,,,,,,,,,,,,,,,
9.78333,964.6,,,,,,,,,,,,,,,,,,,
9.8,964.6,,,,,,,,,,,,,,,,,,,
9.81667,964.6,,,,,,,,,,,,,,,,,,,
9.83333,964.6,,,,,,,,,,,,,,,,,,,
9.85,964.6,,,,,,,,,,,,,,,,,,,
9.86667,964.6,,,,,,,,,,,,,,,,,,,
9.88333,964.6,,,,,,,,,,,,,,,,,,,
9.9,964.6,,,,,,,,,,,,,,,,,,,
9.91667,964.6,,,,,,,,,,,,,,,,,,,
9.93333,964.6,,,,,,,,,,,,,,,,,,,
9.95,964.6,,,,,,,,,,,,,,,,,,,
9.96667,964.6,,,,,,,,,,,,,,,,,,,
9.98333,964.6,,,,,,,,,,,,,,,,,,,
10,964.6,,,,,,,,,,,,,,,,,,,
10.01667,964.6,,,,,,,,,,,,,,,,,,,
10.03333,964.6,,,,,,,,,,,,,,,,,,,
10.05,964.6,,,,,,,,,,,,,,,,,,,
10.06667,964.6,,,,,,,,,,,,,,,,,,,
10.08333,964.6,,,,,,,,,,,,,,,,,,,
10.1,964.6,,,,,,,,,,,,,,,,,,,
10.11667,964.6,,,,,,,,,,,,,,,,,,,
10.13333,964.6,,,,,,,,,,,,,,,,,,,
10.15,964.6,,,,,,,,,,,,,,,,,,,
10.16667,964.6,,,,,,,,,,,,,,,,,,,
10.18333,964.6,,,,,,,,,,,,,,,,,,,
10.2,964.6,,,,,,,,,,,,,,,,,,,
10.21667,964.6,,,,,,,,,,,,,,,,,,,
10.23333,964.6,,,,,,,,,,,,,,,,,,,
10.25,964.6,,,,,,,,,,,,,,,,,,,
10.26667,964.6,,,,,,,,,,,,,,,,,,,
10.28333,964.6,,,,,,,,,,,,,,,,,,,
10.3,964.6,,,,,,,,,,,,,,,,,,,
10.31667,964.6,,,,,,,,,,,,,,,,,,,
10.33333,964.6,,,,,,,,,,,,,,,,,,,
10.35,964.6,,,,,,,,,,,,,,,,,,,
10.36667,964.6,,,,,,,,,,,,,,,,,,,
10.38333,964.6,,,,,,,,,,,,,,,,,,,
10.4,964.6,,,,,,,,,,,,,,,,,,,
10.41667,964.6,,,,,,,,,,,,,,,,,,,
10.43333,964.6,,,,,,,,,,,,,,,,,,,
10.45,964.6,,,,,,,,,,,,,,,,,,,
10.46667,964.6,,,,,,,,,,,,,,,,,,,
10.48333,964.6,,,,,,,,,,,,,,,,,,,
10.5,964.6,,,,,,,,,,,,,,,,,,,
10.51667,964.6,,,,,,,,,,,,,,,,,,,
10.53333,964.6,,,,,,,,,,,,,,,,,,,
10.55,964.6,,,,,,,,,,,,,,,,,,,
10.56667,964.6,,,,,,,,,,,,,,,,,,,
10.58333,964.6,,,,,,,,,,,,,,,,,,,
10.6,964.6,,,,,,,,,,,,,,,,,,,
10.61667,964.6,,,,,,,,,,,,,,,,,,,
10.63333,964.6,,,,,,,,,,,,,,,,,,,
10.65,964.6,,,,,,,,,,,,,,,,,,,
10.66667,964.6,,,,,,,,,,,,,,,,,,,
10.68333,964.6,,,,,,,,,,,,,,,,,,,
10.7,964.6,,,,,,,,,,,,,,,,,,,
10.71667,964.6,,,,,,,,,,,,,,,,,,,
10.73333,964.6,,,,,,,,,,,,,,,,,,,
10.75,964.6,,,,,,,,,,,,,,,,,,,
10.76667,964.6,,,,,,,,,,,,,,,,,,,
10.78333,964.6,,,,,,,,,,,,,,,,,,,
10.8,964.6,,,,,,,,,,,,,,,,,,,
10.81667,964.6,,,,,,,,,,,,,,,,,,,
10.83333,964.6,,,,,,,,,,,,,,,,,,,
10.85,964.6,,,,,,,,,,,,,,,,,,,
10.86667,964.6,,,,,,,,,,,,,,,,,,,
10.88333,964.6,,,,,,,,,,,,,,,,,,,
10.9,964.6,,,,,,,,,,,,,,,,,,,
10.91667,964.6,,,,,,,,,,,,,,,,,,,
10.93333,964.6,,,,,,,,,,,,,,,,,,,
10.95,964.6,,,,,,,,,,,,,,,,,,,
10.96667,964.6,,,,,,,,,,,,,,,,,,,
10.98333,964.6,,,,,,,,,,,,,,,,,,,
11,964.6,,,,,,,,,,,,,,,,,,,
11.01667,964.6,,,,,,,,,,,,,,,,,,,
11.03333,964.6,,,,,,,,,,,,,,,,,,,
11.05,964.6,,,,,,,,,,,,,,,,,,,
11.06667,964.6,,,,,,,,,,,,,,,,,,,
11.08333,964.6,,,,,,,,,,,,,,,,,,,
11.1,964.6,,,,,,,,,,,,,,,,,,,
11.11667,964.6,,,,,,,,,,,,,,,,,,,
11.13333,964.6,,,,,,,,,,,,,,,,,,,
11.15,964.6,,,,,,,,,,,,,,,,,,,
11.16667,964.6,,,,,,,,,,,,,,,,,,,
11.18333,964.6,,,,,,,,,,,,,,,,,,,
11.2,964.6,,,,,,,,,,,,,,,,,,,
11.21667,964.6,,,,,,,,,,,,,,,,,,,
11.23333,964.6,,,,,,,,,,,,,,,,,,,
11.25,964.6,,,,,,,,,,,,,,,,,,,
11.26667,964.6,,,,,,,,,,,,,,,,,,,
11.28333,964.6,,,,,,,,,,,,,,,,,,,
11.3,964.6,,,,,,,,,,,,,,,,,,,
11.31667,964.6,,,,,,,,,,,,,,,,,,,
11.33333,964.6,,,,,,,,,,,,,,,,,,,
11.35,964.6,,,,,,,,,,,,,,,,,,,
11.36667,964.6,,,,,,,,,,,,,,,,,,,
11.38333,964.6,,,,,,,,,,,,,,,,,,,
11.4,964.6,,,,,,,,,,,,,,,,,,,
11.41667,964.6,,,,,,,,,,,,,,,,,,,
11.43333,964.6,,,,,,,,,,,,,,,,,,,
11.45,964.6,,,,,,,,,,,,,,,,,,,
11.46667,964.6,,,,,,,,,,,,,,,,,,,
11.48333,964.6,,,,,,,,,,,,,,,,,,,
11.5,964.6,,,,,,,,,,,,,,,,,,,
11.51667,964.6,,,,,,,,,,,,,,,,,,,
11.53333,964.6,,,,,,,,,,,,,,,,,,,
11.55,964.6,,,,,,,,,,,,,,,,,,,
11.56667,964.6,,,,,,,,,,,,,,,,,,,
11.58333,964.6,,,,,,,,,,,,,,,,,,,
11.6,964.6,,,,,,,,,,,,,,,,,,,
11.61667,964.6,,,,,,,,,,,,,,,,,,,
11.63333,964.6,,,,,,,,,,,,,,,,,,,
11.65,964.6,,,,,,,,,,,,,,,,,,,
11.66667,964.6,,,,,,,,,,,,,,,,,,,
11.68333,964.6,,,,,,,,,,,,,,,,,,,
11.7,964.6,,,,,,,,,,,,,,,,,,,
11.71667,964.6,,,,,,,,,,,,,,,,,,,
11.73333,964.6,,,,,,,,,,,,,,,,,,,
11.75,964.6,,,,,,,,,,,,,,,,,,,
11.76667,964.6,,,,,,,,,,,,,,,,,,,
11.78333,964.6,,,,,,,,,,,,,,,,,,,
11.8,964.6,,,,,,,,,,,,,,,,,,,
11.81667,964.6,,,,,,,,,,,,,,,,,,,
11.83333,964.6,,,,,,,,,,,,,,,,,,,
11.85,964.6,,,,,,,,,,,,,,,,,,,
11.86667,964.6,,,,,,,,,,,,,,,,,,,
11.88333,964.6,,,,,,,,,,,,,,,,,,,
11.9,964.6,,,,,,,,,,,,,,,,,,,
11.91667,964.6,,,,,,,,,,,,,,,,,,,
11.93333,964.6,,,,,,,,,,,,,,,,,,,
11.95,964.6,,,,,,,,,,,,,,,,,,,
11.96667,964.6,,,,,,,,,,,,,,,,,,,
11.98333,964.6,,,,,,,,,,,,,,,,,,,
12,964.6,,,,,,,,,,,,,,,,,,,
12.01667,964.6,,,,,,,,,,,,,,,,,,,
12.03333,964.6,,,,,,,,,,,,,,,,,,,
12.05,964.6,,,,,,,,,,,,,,,,,,,
12.06667,964.6,,,,,,,,,,,,,,,,,,,
12.08333,964.6,,,,,,,,,,,,,,,,,,,
12.1,964.6,,,,,,,,,,,,,,,,,,,
12.11667,964.6,,,,,,,,,,,,,,,,,,,
12.13333,964.6,,,,,,,,,,,,,,,,,,,
12.15,964.6,,,,,,,,,,,,,,,,,,,
12.16667,964.6,,,,,,,,,,,,,,,,,,,
12.18333,964.6,,,,,,,,,,,,,,,,,,,
12.2,964.6,,,,,,,,,,,,,,,,,,,
12.21667,964.6,,,,,,,,,,,,,,,,,,,
12.23333,964.6,,,,,,,,,,,,,,,,,,,
12.25,964.6,,,,,,,,,,,,,,,,,,,
12.26667,964.6,,,,,,,,,,,,,,,,,,,
12.28333,964.6,,,,,,,,,,,,,,,,,,,
12.3,964.6,,,,,,,,,,,,,,,,,,,
12.31667,964.6,,,,,,,,,,,,,,,,,,,
12.33333,964.6,,,,,,,,,,,,,,,,,,,
12.35,964.6,,,,,,,,,,,,,,,,,,,
12.36667,964.6,,,,,,,,,,,,,,,,,,,
12.38333,964.6,,,,,,,,,,,,,,,,,,,
12.4,964.6,,,,,,,,,,,,,,,,,,,
12.41667,964.6,,,,,,,,,,,,,,,,,,,
12.43333,964.6,,,,,,,,,,,,,,,,,,,
12.45,964.6,,,,,,,,,,,,,,,,,,,
12.46667,964.6,,,,,,,,,,,,,,,,,,,
12.48333,964.6,,,,,,,,,,,,,,,,,,,
12.5,964.6,,,,,,,,,,,,,,,,,,,
12.51667,964.6,,,,,,,,,,,,,,,,,,,
12.53333,964.6,,,,,,,,,,,,,,,,,,,
12.55,964.6,,,,,,,,,,,,,,,,,,,
12.56667,964.6,,,,,,,,,,,,,,,,,,,
12.58333,964.6,,,,,,,,,,,,,,,,,,,
12.6,964.6,,,,,,,,,,,,,,,,,,,
12.61667,964.6,,,,,,,,,,,,,,,,,,,
12.63333,964.6,,,,,,,,,,,,,,,,,,,
12.65,964.6,,,,,,,,,,,,,,,,,,,
12.66667,964.6,,,,,,,,,,,,,,,,,,,
12.68333,964.6,,,,,,,,,,,,,,,,,,,
12.7,964.6,,,,,,,,,,,,,,,,,,,
12.71667,964.6,,,,,,,,,,,,,,,,,,,
12.73333,964.6,,,,,,,,,,,,,,,,,,,
12.75,964.6,,,,,,,,,,,,,,,,,,,
12.76667,964.6,,,,,,,,,,,,,,,,,,,
12.78333,964.6,,,,,,,,,,,,,,,,,,,
12.8,964.6,,,,,,,,,,,,,,,,,,,
12.81667,964.6,,,,,,,,,,,,,,,,,,,
12.83333,964.6,,,,,,,,,,,,,,,,,,,
12.85,964.6,,,,,,,,,,,,,,,,,,,
12.86667,964.6,,,,,,,,,,,,,,,,,,,
12.88333,964.6,,,,,,,,,,,,,,,,,,,
12.9,964.6,,,,,,,,,,,,,,,,,,,
12.91667,964.6,,,,,,,,,,,,,,,,,,,
12.93333,964.6,,,,,,,,,,,,,,,,,,,
12.95,964.6,,,,,,,,,,,,,,,,,,,
12.96667,964.6,,,,,,,,,,,,,,,,,,,
12.98333,964.6,,,,,,,,,,,,,,,,,,,
13,964.6,,,,,,,,,,,,,,,,,,,
13.01667,964.6,,,,,,,,,,,,,,,,,,,
13.03333,964.6,,,,,,,,,,,,,,,,,,,
13.05,964.6,,,,,,,,,,,,,,,,,,,
13.06667,964.6,,,,,,,,,,,,,,,,,,,
13.08333,964.6,,,,,,,,,,,,,,,,,,,
13.1,964.6,,,,,,,,,,,,,,,,,,,
13.11667,964.6,,,,,,,,,,,,,,,,,,,
13.13333,964.6,,,,,,,,,,,,,,,,,,,
13.15,964.6,,,,,,,,,,,,,,,,,,,
13.16667,964.6,,,,,,,,,,,,,,,,,,,
13.18333,964.6,,,,,,,,,,,,,,,,,,,
13.2,964.6,,,,,,,,,,,,,,,,,,,
13.21667,964.6,,,,,,,,,,,,,,,,,,,
13.23333,964.6,,,,,,,,,,,,,,,,,,,
13.25,965.6,,,,,,,,,,,,,,,,,,,
13.26667,965.6,,,,,,,,,,,,,,,,,,,
13.28333,965.6,,,,,,,,,,,,,,,,,,,
13.3,965.6,,,,,,,,,,,,,,,,,,,
13.31667,965.6,,,,,,,,,,,,,,,,,,,
13.33333,965.6,,,,,,,,,,,,,,,,,,,
13.35,965.6,,,,,,,,,,,,,,,,,,,
13.36667,965.6,,,,,,,,,,,,,,,,,,,
13.38333,965.6,,,,,,,,,,,,,,,,,,,
13.4,965.6,,,,,,,,,,,,,,,,,,,
13.41667,965.6,,,,,,,,,,,,,,,,,,,
13.43333,965.6,,,,,,,,,,,,,,,,,,,
13.45,965.6,,,,,,,,,,,,,,,,,,,
13.46667,965.6,,,,,,,,,,,,,,,,,,,
13.48333,965.6,,,,,,,,,,,,,,,,,,,
13.5,965.6,,,,,,,,,,,,,,,,,,,
13.51667,965.6,,,,,,,,,,,,,,,,,,,
13.53333,965.6,,,,,,,,,,,,,,,,,,,
13.55,965.6,,,,,,,,,,,,,,,,,,,
13.56667,965.6,,,,,,,,,,,,,,,,,,,
13.58333,965.6,,,,,,,,,,,,,,,,,,,
13.6,965.6,,,,,,,,,,,,,,,,,,,
13.61667,965.6,,,,,,,,,,,,,,,,,,,
13.63333,965.6,,,,,,,,,,,,,,,,,,,
13.65,965.6,,,,,,,,,,,,,,,,,,,
13.66667,965.6,,,,,,,,,,,,,,,,,,,
13.68333,965.6,,,,,,,,,,,,,,,,,,,
13.7,965.6,,,,,,,,,,,,,,,,,,,
13.71667,965.6,,,,,,,,,,,,,,,,,,,
13.73333,965.6,,,,,,,,,,,,,,,,,,,
13.75,965.6,,,,,,,,,,,,,,,,,,,
13.76667,965.6,,,,,,,,,,,,,,,,,,,
13.78333,965.6,,,,,,,,,,,,,,,,,,,
13.8,965.6,,,,,,,,,,,,,,,,,,,
13.81667,965.6,,,,,,,,,,,,,,,,,,,
13.83333,965.6,,,,,,,,,,,,,,,,,,,
13.85,965.6,,,,,,,,,,,,,,,,,,,
13.86667,965.6,,,,,,,,,,,,,,,,,,,
13.88333,965.6,,,,,,,,,,,,,,,,,,,
13.9,965.6,,,,,,,,,,,,,,,,,,,
13.91667,965.6,,,,,,,,,,,,,,,,,,,
13.93333,965.6,,,,,,,,,,,,,,,,,,,
13.95,965.6,,,,,,,,,,,,,,,,,,,
13.96667,965.6,,,,,,,,,,,,,,,,,,,
13.98333,965.6,,,,,,,,,,,,,,,,,,,
14,965.6,,,,,,,,,,,,,,,,,,,
14.01667,965.6,,,,,,,,,,,,,,,,,,,
14.03333,965.6,,,,,,,,,,,,,,,,,,,
14.05,965.6,,,,,,,,,,,,,,,,,,,
14.06667,965.6,,,,,,,,,,,,,,,,,,,
14.08333,965.6,,,,,,,,,,,,,,,,,,,
14.1,965.6,,,,,,,,,,,,,,,,,,,
14.11667,965.6,,,,,,,,,,,,,,,,,,,
14.13333,965.6,,,,,,,,,,,,,,,,,,,
14.15,965.6,,,,,,,,,,,,,,,,,,,
14.16667,965.6,,,,,,,,,,,,,,,,,,,
14.18333,965.6,,,,,,,,,,,,,,,,,,,
14.2,965.6,,,,,,,,,,,,,,,,,,,
14.21667,965.6,,,,,,,,,,,,,,,,,,,
14.23333,965.6,,,,,,,,,,,,,,,,,,,
14.25,965.6,,,,,,,,,,,,,,,,,,,
14.26667,965.6,,,,,,,,,,,,,,,,,,,
14.28333,965.6,,,,,,,,,,,,,,,,,,,
14.3,965.6,,,,,,,,,,,,,,,,,,,
14.31667,965.6,,,,,,,,,,,,,,,,,,,
14.33333,965.6,,,,,,,,,,,,,,,,,,,
14.35,965.6,,,,,,,,,,,,,,,,,,,
14.36667,965.6,,,,,,,,,,,,,,,,,,,
14.38333,965.6,,,,,,,,,,,,,,,,,,,
14.4,965.6,,,,,,,,,,,,,,,,,,,
14.41667,965.6,,,,,,,,,,,,,,,,,,,
14.43333,965.6,,,,,,,,,,,,,,,,,,,
14.45,965.6,,,,,,,,,,,,,,,,,,,
14.46667,965.6,,,,,,,,,,,,,,,,,,,
14.48333,965.6,,,,,,,,,,,,,,,,,,,
14.5,965.6,,,,,,,,,,,,,,,,,,,
14.51667,965.6,,,,,,,,,,,,,,,,,,,
14.53333,965.6,,,,,,,,,,,,,,,,,,,
14.55,965.6,,,,,,,,,,,,,,,,,,,
14.56667,965.6,,,,,,,,,,,,,,,,,,,
14.58333,965.6,,,,,,,,,,,,,,,,,,,
14.6,965.6,,,,,,,,,,,,,,,,,,,
14.61667,965.6,,,,,,,,,,,,,,,,,,,
14.63333,965.6,,,,,,,,,,,,,,,,,,,
14.65,965.6,,,,,,,,,,,,,,,,,,,
14.66667,965.6,,,,,,,,,,,,,,,,,,,
14.68333,965.6,,,,,,,,,,,,,,,,,,,
14.7,965.6,,,,,,,,,,,,,,,,,,,
14.71667,964.6,,,,,,,,,,,,,,,,,,,
14.73333,964.6,,,,,,,,,,,,,,,,,,,
14.75,964.6,,,,,,,,,,,,,,,,,,,
14.76667,964.6,,,,,,,,,,,,,,,,,,,
14.78333,964.6,,,,,,,,,,,,,,,,,,,
14.8,964.6,,,,,,,,,,,,,,,,,,,
14.81667,964.6,,,,,,,,,,,,,,,,,,,
14.83333,964.6,,,,,,,,,,,,,,,,,,,
14.85,964.6,,,,,,,,,,,,,,,,,,,
14.86667,964.6,,,,,,,,,,,,,,,,,,,
14.88333,964.6,,,,,,,,,,,,,,,,,,,
14.9,964.6,,,,,,,,,,,,,,,,,,,
14.91667,964.6,,,,,,,,,,,,,,,,,,,
14.93333,964.6,,,,,,,,,,,,,,,,,,,
14.95,964.6,,,,,,,,,,,,,,,,,,,
14.96667,964.6,,,,,,,,,,,,,,,,,,,
14.98333,964.6,,,,,,,,,,,,,,,,,,,
15,964.6,,,,,,,,,,,,,,,,,,,
15.01667,964.6,,,,,,,,,,,,,,,,,,,
15.03333,964.6,,,,,,,,,,,,,,,,,,,
15.05,964.6,,,,,,,,,,,,,,,,,,,
15.06667,964.6,,,,,,,,,,,,,,,,,,,
15.08333,964.6,,,,,,,,,,,,,,,,,,,
15.1,964.6,,,,,,,,,,,,,,,,,,,
15.11667,964.6,,,,,,,,,,,,,,,,,,,
15.13333,964.6,,,,,,,,,,,,,,,,,,,
15.15,964.6,,,,,,,,,,,,,,,,,,,
15.16667,964.6,,,,,,,,,,,,,,,,,,,
15.18333,964.6,,,,,,,,,,,,,,,,,,,
15.2,964.6,,,,,,,,,,,,,,,,,,,
15.21667,964.6,,,,,,,,,,,,,,,,,,,
15.23333,964.6,,,,,,,,,,,,,,,,,,,
15.25,964.6,,,,,,,,,,,,,,,,,,,
15.26667,964.6,,,,,,,,,,,,,,,,,,,
15.28333,964.6,,,,,,,,,,,,,,,,,,,
15.3,964.6,,,,,,,,,,,,,,,,,,,
15.31667,964.6,,,,,,,,,,,,,,,,,,,
15.33333,964.6,,,,,,,,,,,,,,,,,,,
15.35,964.6,,,,,,,,,,,,,,,,,,,
15.36667,964.6,,,,,,,,,,,,,,,,,,,
15.38333,964.6,,,,,,,,,,,,,,,,,,,
15.4,964.6,,,,,,,,,,,,,,,,,,,
15.41667,964.6,,,,,,,,,,,,,,,,,,,
15.43333,964.6,,,,,,,,,,,,,,,,,,,
15.45,964.6,,,,,,,,,,,,,,,,,,,
15.46667,964.6,,,,,,,,,,,,,,,,,,,
15.48333,964.6,,,,,,,,,,,,,,,,,,,
15.5,964.6,,,,,,,,,,,,,,,,,,,
15.51667,964.6,,,,,,,,,,,,,,,,,,,
15.53333,964.6,,,,,,,,,,,,,,,,,,,
15.55,964.6,,,,,,,,,,,,,,,,,,,
15.56667,964.6,,,,,,,,,,,,,,,,,,,
15.58333,964.6,,,,,,,,,,,,,,,,,,,
15.6,964.6,,,,,,,,,,,,,,,,,,,
15.61667,964.6,,,,,,,,,,,,,,,,,,,
15.63333,964.6,,,,,,,,,,,,,,,,,,,
15.65,964.6,,,,,,,,,,,,,,,,,,,
15.66667,964.6,,,,,,,,,,,,,,,,,,,
15.68333,964.6,,,,,,,,,,,,,,,,,,,
15.7,964.6,,,,,,,,,,,,,,,,,,,
15.71667,964.6,,,,,,,,,,,,,,,,,,,
15.73333,964.6,,,,,,,,,,,,,,,,,,,
15.75,964.6,,,,,,,,,,,,,,,,,,,
15.76667,964.6,,,,,,,,,,,,,,,,,,,
15.78333,964.6,,,,,,,,,,,,,,,,,,,
15.8,964.6,,,,,,,,,,,,,,,,,,,
15.81667,964.6,,,,,,,,,,,,,,,,,,,
15.83333,964.6,,,,,,,,,,,,,,,,,,,
15.85,964.6,,,,,,,,,,,,,,,,,,,
15.86667,964.6,,,,,,,,,,,,,,,,,,,
15.88333,964.6,,,,,,,,,,,,,,,,,,,
15.9,964.6,,,,,,,,,,,,,,,,,,,
15.91667,964.6,,,,,,,,,,,,,,,,,,,
15.93333,964.6,,,,,,,,,,,,,,,,,,,
15.95,964.6,,,,,,,,,,,,,,,,,,,
15.96667,964.6,,,,,,,,,,,,,,,,,,,
15.98333,964.6,,,,,,,,,,,,,,,,,,,
16,964.6,,,,,,,,,,,,,,,,,,,
16.01667,964.6,,,,,,,,,,,,,,,,,,,
16.03333,964.6,,,,,,,,,,,,,,,,,,,
16.05,964.6,,,,,,,,,,,,,,,,,,,
16.06667,964.6,,,,,,,,,,,,,,,,,,,
16.08333,964.6,,,,,,,,,,,,,,,,,,,
16.1,964.6,,,,,,,,,,,,,,,,,,,
16.11667,964.6,,,,,,,,,,,,,,,,,,,
16.13333,964.6,,,,,,,,,,,,,,,,,,,
16.15,964.6,,,,,,,,,,,,,,,,,,,
16.16667,964.6,,,,,,,,,,,,,,,,,,,
16.18333,964.6,,,,,,,,,,,,,,,,,,,
16.2,964.6,,,,,,,,,,,,,,,,,,,
16.21667,964.6,,,,,,,,,,,,,,,,,,,
16.23333,964.6,,,,,,,,,,,,,,,,,,,
16.25,964.6,,,,,,,,,,,,,,,,,,,
16.26667,964.6,,,,,,,,,,,,,,,,,,,
16.28333,964.6,,,,,,,,,,,,,,,,,,,
16.3,964.6,,,,,,,,,,,,,,,,,,,
16.31667,964.6,,,,,,,,,,,,,,,,,,,
16.33333,964.6,,,,,,,,,,,,,,,,,,,
16.35,964.6,,,,,,,,,,,,,,,,,,,
16.36667,964.6,,,,,,,,,,,,,,,,,,,
16.38333,964.6,,,,,,,,,,,,,,,,,,,
16.4,964.6,,,,,,,,,,,,,,,,,,,
16.41667,964.6,,,,,,,,,,,,,,,,,,,
16.43333,964.6,,,,,,,,,,,,,,,,,,,
16.45,964.6,,,,,,,,,,,,,,,,,,,
16.46667,964.6,,,,,,,,,,,,,,,,,,,
16.48333,964.6,,,,,,,,,,,,,,,,,,,
16.5,964.6,,,,,,,,,,,,,,,,,,,
16.51667,964.6,,,,,,,,,,,,,,,,,,,
16.53333,964.6,,,,,,,,,,,,,,,,,,,
16.55,964.6,,,,,,,,,,,,,,,,,,,
16.56667,964.6,,,,,,,,,,,,,,,,,,,
16.58333,964.6,,,,,,,,,,,,,,,,,,,
16.6,964.6,,,,,,,,,,,,,,,,,,,
16.61667,964.6,,,,,,,,,,,,,,,,,,,
16.63333,964.6,,,,,,,,,,,,,,,,,,,
16.65,964.6,,,,,,,,,,,,,,,,,,,
16.66667,964.6,,,,,,,,,,,,,,,,,,,
16.68333,964.6,,,,,,,,,,,,,,,,,,,
16.7,964.6,,,,,,,,,,,,,,,,,,,
16.71667,964.6,,,,,,,,,,,,,,,,,,,
16.73333,964.6,,,,,,,,,,,,,,,,,,,
16.75,964.6,,,,,,,,,,,,,,,,,,,
16.76667,964.6,,,,,,,,,,,,,,,,,,,
16.78333,964.6,,,,,,,,,,,,,,,,,,,
16.8,964.6,,,,,,,,,,,,,,,,,,,
16.81667,964.6,,,,,,,,,,,,,,,,,,,
16.83333,964.6,,,,,,,,,,,,,,,,,,,
16.85,964.6,,,,,,,,,,,,,,,,,,,
16.86667,964.6,,,,,,,,,,,,,,,,,,,
16.88333,964.6,,,,,,,,,,,,,,,,,,,
16.9,964.6,,,,,,,,,,,,,,,,,,,
16.91667,964.6,,,,,,,,,,,,,,,,,,,
16.93333,964.6,,,,,,,,,,,,,,,,,,,
16.95,964.6,,,,,,,,,,,,,,,,,,,
16.96667,964.6,,,,,,,,,,,,,,,,,,,
16.98333,964.6,,,,,,,,,,,,,,,,,,,
17,964.6,,,,,,,,,,,,,,,,,,,
17.01667,964.6,,,,,,,,,,,,,,,,,,,
17.03333,964.6,,,,,,,,,,,,,,,,,,,
17.05,964.6,,,,,,,,,,,,,,,,,,,
17.06667,964.6,,,,,,,,,,,,,,,,,,,
17.08333,964.6,,,,,,,,,,,,,,,,,,,
17.1,964.6,,,,,,,,,,,,,,,,,,,
17.11667,964.6,,,,,,,,,,,,,,,,,,,
17.13333,964.6,,,,,,,,,,,,,,,,,,,
17.15,964.6,,,,,,,,,,,,,,,,,,,
17.16667,964.6,,,,,,,,,,,,,,,,,,,
17.18333,964.6,,,,,,,,,,,,,,,,,,,
17.2,964.6,,,,,,,,,,,,,,,,,,,
17.21667,964.6,,,,,,,,,,,,,,,,,,,
17.23333,964.6,,,,,,,,,,,,,,,,,,,
17.25,964.6,,,,,,,,,,,,,,,,,,,
17.26667,964.6,,,,,,,,,,,,,,,,,,,
17.28333,964.6,,,,,,,,,,,,,,,,,,,
17.3,964.6,,,,,,,,,,,,,,,,,,,
17.31667,964.6,,,,,,,,,,,,,,,,,,,
17.33333,964.6,,,,,,,,,,,,,,,,,,,
17.35,964.6,,,,,,,,,,,,,,,,,,,
17.36667,964.6,,,,,,,,,,,,,,,,,,,
17.38333,964.6,,,,,,,,,,,,,,,,,,,
17.4,964.6,,,,,,,,,,,,,,,,,,,
17.41667,964.6,,,,,,,,,,,,,,,,,,,
17.43333,964.6,,,,,,,,,,,,,,,,,,,
17.45,964.6,,,,,,,,,,,,,,,,,,,
17.46667,964.6,,,,,,,,,,,,,,,,,,,
17.48333,964.6,,,,,,,,,,,,,,,,,,,
17.5,964.6,,,,,,,,,,,,,,,,,,,
17.51667,964.6,,,,,,,,,,,,,,,,,,,
17.53333,964.6,,,,,,,,,,,,,,,,,,,
17.55,964.6,,,,,,,,,,,,,,,,,,,
17.56667,964.6,,,,,,,,,,,,,,,,,,,
17.58333,964.6,,,,,,,,,,,,,,,,,,,
17.6,964.6,,,,,,,,,,,,,,,,,,,
17.61667,964.6,,,,,,,,,,,,,,,,,,,
17.63333,964.6,,,,,,,,,,,,,,,,,,,
17.65,964.6,,,,,,,,,,,,,,,,,,,
17.66667,964.6,,,,,,,,,,,,,,,,,,,
17.68333,964.6,,,,,,,,,,,,,,,,,,,
17.7,964.6,,,,,,,,,,,,,,,,,,,
17.71667,964.6,,,,,,,,,,,,,,,,,,,
17.73333,964.6,,,,,,,,,,,,,,,,,,,
17.75,964.6,,,,,,,,,,,,,,,,,,,
17.76667,964.6,,,,,,,,,,,,,,,,,,,
17.78333,964.6,,,,,,,,,,,,,,,,,,,
17.8,964.6,,,,,,,,,,,,,,,,,,,
17.81667,964.6,,,,,,,,,,,,,,,,,,,
17.83333,964.6,,,,,,,,,,,,,,,,,,,
17.85,964.6,,,,,,,,,,,,,,,,,,,
17.86667,964.6,,,,,,,,,,,,,,,,,,,
17.88333,964.6,,,,,,,,,,,,,,,,,,,
17.9,964.6,,,,,,,,,,,,,,,,,,,
17.91667,964.6,,,,,,,,,,,,,,,,,,,
17.93333,964.6,,,,,,,,,,,,,,,,,,,
17.95,964.6,,,,,,,,,,,,,,,,,,,
17.96667,964.6,,,,,,,,,,,,,,,,,,,
17.98333,964.6,,,,,,,,,,,,,,,,,,,
18,964.6,,,,,,,,,,,,,,,,,,,
18.01667,964.6,,,,,,,,,,,,,,,,,,,
18.03333,964.6,,,,,,,,,,,,,,,,,,,
18.05,964.6,,,,,,,,,,,,,,,,,,,
18.06667,964.6,,,,,,,,,,,,,,,,,,,
18.08333,964.6,,,,,,,,,,,,,,,,,,,
18.1,964.6,,,,,,,,,,,,,,,,,,,
18.11667,964.6,,,,,,,,,,,,,,,,,,,
18.13333,964.6,,,,,,,,,,,,,,,,,,,
18.15,964.6,,,,,,,,,,,,,,,,,,,
18.16667,964.6,,,,,,,,,,,,,,,,,,,
18.18333,964.6,,,,,,,,,,,,,,,,,,,
18.2,964.6,,,,,,,,,,,,,,,,,,,
18.21667,964.6,,,,,,,,,,,,,,,,,,,
18.23333,964.6,,,,,,,,,,,,,,,,,,,
18.25,964.6,,,,,,,,,,,,,,,,,,,
18.26667,964.6,,,,,,,,,,,,,,,,,,,
18.28333,964.6,,,,,,,,,,,,,,,,,,,
18.3,964.6,,,,,,,,,,,,,,,,,,,
18.31667,964.6,,,,,,,,,,,,,,,,,,,
18.33333,964.6,,,,,,,,,,,,,,,,,,,
18.35,964.6,,,,,,,,,,,,,,,,,,,
18.36667,964.6,,,,,,,,,,,,,,,,,,,
18.38333,964.6,,,,,,,,,,,,,,,,,,,
18.4,964.6,,,,,,,,,,,,,,,,,,,
18.41667,964.6,,,,,,,,,,,,,,,,,,,
18.43333,964.6,,,,,,,,,,,,,,,,,,,
18.45,964.6,,,,,,,,,,,,,,,,,,,
18.46667,964.6,,,,,,,,,,,,,,,,,,,
18.48333,964.6,,,,,,,,,,,,,,,,,,,
18.5,964.6,,,,,,,,,,,,,,,,,,,
18.51667,964.6,,,,,,,,,,,,,,,,,,,
18.53333,964.6,,,,,,,,,,,,,,,,,,,
18.55,965.6,,,,,,,,,,,,,,,,,,,
18.56667,965.6,,,,,,,,,,,,,,,,,,,
18.58333,965.6,,,,,,,,,,,,,,,,,,,
18.6,965.6,,,,,,,,,,,,,,,,,,,
18.61667,965.6,,,,,,,,,,,,,,,,,,,
18.63333,965.6,,,,,,,,,,,,,,,,,,,
18.65,965.6,,,,,,,,,,,,,,,,,,,
18.66667,965.6,,,,,,,,,,,,,,,,,,,
18.68333,965.6,,,,,,,,,,,,,,,,,,,
18.7,965.6,,,,,,,,,,,,,,,,,,,
18.71667,965.6,,,,,,,,,,,,,,,,,,,
18.73333,965.6,,,,,,,,,,,,,,,,,,,
18.75,965.6,,,,,,,,,,,,,,,,,,,
18.76667,965.6,,,,,,,,,,,,,,,,,,,
18.78333,965.6,,,,,,,,,,,,,,,,,,,
18.8,965.6,,,,,,,,,,,,,,,,,,,
18.81667,965.6,,,,,,,,,,,,,,,,,,,
18.83333,965.6,,,,,,,,,,,,,,,,,,,
18.85,965.6,,,,,,,,,,,,,,,,,,,
18.86667,965.6,,,,,,,,,,,,,,,,,,,
18.88333,965.6,,,,,,,,,,,,,,,,,,,
18.9,965.6,,,,,,,,,,,,,,,,,,,
18.91667,965.6,,,,,,,,,,,,,,,,,,,
18.93333,965.6,,,,,,,,,,,,,,,,,,,
18.95,965.6,,,,,,,,,,,,,,,,,,,
18.96667,965.6,,,,,,,,,,,,,,,,,,,
18.98333,965.6,,,,,,,,,,,,,,,,,,,
19,965.6,,,,,,,,,,,,,,,,,,,
19.01667,965.6,,,,,,,,,,,,,,,,,,,
19.03333,965.6,,,,,,,,,,,,,,,,,,,
19.05,965.6,,,,,,,,,,,,,,,,,,,
19.06667,965.6,,,,,,,,,,,,,,,,,,,
19.08333,965.6,,,,,,,,,,,,,,,,,,,
19.1,965.6,,,,,,,,,,,,,,,,,,,
19.11667,965.6,,,,,,,,,,,,,,,,,,,
19.13333,965.6,,,,,,,,,,,,,,,,,,,
19.15,965.6,,,,,,,,,,,,,,,,,,,
19.16667,965.6,,,,,,,,,,,,,,,,,,,
19.18333,965.6,,,,,,,,,,,,,,,,,,,
19.2,965.6,,,,,,,,,,,,,,,,,,,
19.21667,965.6,,,,,,,,,,,,,,,,,,,
19.23333,965.6,,,,,,,,,,,,,,,,,,,
19.25,965.6,,,,,,,,,,,,,,,,,,,
19.26667,965.6,,,,,,,,,,,,,,,,,,,
19.28333,965.6,,,,,,,,,,,,,,,,,,,
19.3,965.6,,,,,,,,,,,,,,,,,,,
19.31667,965.6,,,,,,,,,,,,,,,,,,,
19.33333,965.6,,,,,,,,,,,,,,,,,,,
19.35,964.6,,,,,,,,,,,,,,,,,,,
19.36667,964.6,,,,,,,,,,,,,,,,,,,
19.38333,964.6,,,,,,,,,,,,,,,,,,,
19.4,964.6,,,,,,,,,,,,,,,,,,,
19.41667,964.6,,,,,,,,,,,,,,,,,,,
19.43333,964.6,,,,,,,,,,,,,,,,,,,
19.45,964.6,,,,,,,,,,,,,,,,,,,
19.46667,964.6,,,,,,,,,,,,,,,,,,,
19.48333,964.6,,,,,,,,,,,,,,,,,,,
19.5,964.6,,,,,,,,,,,,,,,,,,,
19.51667,964.6,,,,,,,,,,,,,,,,,,,
19.53333,964.6,,,,,,,,,,,,,,,,,,,
19.55,964.6,,,,,,,,,,,,,,,,,,,
19.56667,964.6,,,,,,,,,,,,,,,,,,,
19.58333,964.6,,,,,,,,,,,,,,,,,,,
19.6,964.6,,,,,,,,,,,,,,,,,,,
19.61667,964.6,,,,,,,,,,,,,,,,,,,
19.63333,964.6,,,,,,,,,,,,,,,,,,,
19.65,964.6,,,,,,,,,,,,,,,,,,,
19.66667,964.6,,,,,,,,,,,,,,,,,,,
19.68333,964.6,,,,,,,,,,,,,,,,,,,
19.7,964.6,,,,,,,,,,,,,,,,,,,
19.71667,964.6,,,,,,,,,,,,,,,,,,,
19.73333,964.6,,,,,,,,,,,,,,,,,,,
19.75,964.6,,,,,,,,,,,,,,,,,,,
19.76667,964.6,,,,,,,,,,,,,,,,,,,
19.78333,964.6,,,,,,,,,,,,,,,,,,,
19.8,964.6,,,,,,,,,,,,,,,,,,,
19.81667,964.6,,,,,,,,,,,,,,,,,,,
19.83333,964.6,,,,,,,,,,,,,,,,,,,
19.85,964.6,,,,,,,,,,,,,,,,,,,
19.86667,964.6,,,,,,,,,,,,,,,,,,,
19.88333,964.6,,,,,,,,,,,,,,,,,,,
19.9,964.6,,,,,,,,,,,,,,,,,,,
19.91667,964.6,,,,,,,,,,,,,,,,,,,
19.93333,964.6,,,,,,,,,,,,,,,,,,,
19.95,964.6,,,,,,,,,,,,,,,,,,,
19.96667,964.6,,,,,,,,,,,,,,,,,,,
19.98333,964.6,,,,,,,,,,,,,,,,,,,
20,964.6,,,,,,,,,,,,,,,,,,,
20.01667,964.6,,,,,,,,,,,,,,,,,,,
20.03333,964.6,,,,,,,,,,,,,,,,,,,
20.05,964.6,,,,,,,,,,,,,,,,,,,
20.06667,964.6,,,,,,,,,,,,,,,,,,,
20.08333,964.6,,,,,,,,,,,,,,,,,,,
20.1,964.6,,,,,,,,,,,,,,,,,,,
20.11667,964.6,,,,,,,,,,,,,,,,,,,
20.13333,964.6,,,,,,,,,,,,,,,,,,,
20.15,964.6,,,,,,,,,,,,,,,,,,,
20.16667,964.6,,,,,,,,,,,,,,,,,,,
20.18333,964.6,,,,,,,,,,,,,,,,,,,
20.2,964.6,,,,,,,,,,,,,,,,,,,
20.21667,964.6,,,,,,,,,,,,,,,,,,,
20.23333,964.6,,,,,,,,,,,,,,,,,,,
20.25,964.6,,,,,,,,,,,,,,,,,,,
20.26667,964.6,,,,,,,,,,,,,,,,,,,
20.28333,964.6,,,,,,,,,,,,,,,,,,,
20.3,964.6,,,,,,,,,,,,,,,,,,,
20.31667,964.6,,,,,,,,,,,,,,,,,,,
20.33333,964.6,,,,,,,,,,,,,,,,,,,
20.35,964.6,,,,,,,,,,,,,,,,,,,
20.36667,964.6,,,,,,,,,,,,,,,,,,,
20.38333,964.6,,,,,,,,,,,,,,,,,,,
20.4,964.6,,,,,,,,,,,,,,,,,,,
20.41667,964.6,,,,,,,,,,,,,,,,,,,
20.43333,964.6,,,,,,,,,,,,,,,,,,,
20.45,964.6,,,,,,,,,,,,,,,,,,,
20.46667,964.6,,,,,,,,,,,,,,,,,,,
20.48333,964.6,,,,,,,,,,,,,,,,,,,
20.5,964.6,,,,,,,,,,,,,,,,,,,
20.51667,964.6,,,,,,,,,,,,,,,,,,,
20.53333,964.6,,,,,,,,,,,,,,,,,,,
20.55,964.6,,,,,,,,,,,,,,,,,,,
20.56667,964.6,,,,,,,,,,,,,,,,,,,
20.58333,964.6,,,,,,,,,,,,,,,,,,,
20.6,964.6,,,,,,,,,,,,,,,,,,,
20.61667,964.6,,,,,,,,,,,,,,,,,,,
20.63333,964.6,,,,,,,,,,,,,,,,,,,
20.65,964.6,,,,,,,,,,,,,,,,,,,
20.66667,964.6,,,,,,,,,,,,,,,,,,,
20.68333,964.6,,,,,,,,,,,,,,,,,,,
20.7,964.6,,,,,,,,,,,,,,,,,,,
20.71667,964.6,,,,,,,,,,,,,,,,,,,
20.73333,964.6,,,,,,,,,,,,,,,,,,,
20.75,964.6,,,,,,,,,,,,,,,,,,,
20.76667,964.6,,,,,,,,,,,,,,,,,,,
20.78333,964.6,,,,,,,,,,,,,,,,,,,
20.8,964.6,,,,,,,,,,,,,,,,,,,
20.81667,964.6,,,,,,,,,,,,,,,,,,,
20.83333,964.6,,,,,,,,,,,,,,,,,,,
20.85,965.6,,,,,,,,,,,,,,,,,,,
20.86667,965.6,,,,,,,,,,,,,,,,,,,
20.88333,965.6,,,,,,,,,,,,,,,,,,,
20.9,965.6,,,,,,,,,,,,,,,,,,,
20.91667,965.6,,,,,,,,,,,,,,,,,,,
20.93333,965.6,,,,,,,,,,,,,,,,,,,
20.95,965.6,,,,,,,,,,,,,,,,,,,
20.96667,965.6,,,,,,,,,,,,,,,,,,,
20.98333,965.6,,,,,,,,,,,,,,,,,,,
21,965.6,,,,,,,,,,,,,,,,,,,
21.01667,965.6,,,,,,,,,,,,,,,,,,,
21.03333,965.6,,,,,,,,,,,,,,,,,,,
21.05,965.6,,,,,,,,,,,,,,,,,,,
21.06667,965.6,,,,,,,,,,,,,,,,,,,
21.08333,965.6,,,,,,,,,,,,,,,,,,,
21.1,965.6,,,,,,,,,,,,,,,,,,,
21.11667,965.6,,,,,,,,,,,,,,,,,,,
21.13333,965.6,,,,,,,,,,,,,,,,,,,
21.15,965.6,,,,,,,,,,,,,,,,,,,
21.16667,965.6,,,,,,,,,,,,,,,,,,,
21.18333,965.6,,,,,,,,,,,,,,,,,,,
21.2,965.6,,,,,,,,,,,,,,,,,,,
21.21667,965.6,,,,,,,,,,,,,,,,,,,
21.23333,965.6,,,,,,,,,,,,,,,,,,,
21.25,965.6,,,,,,,,,,,,,,,,,,,
21.26667,965.6,,,,,,,,,,,,,,,,,,,
21.28333,965.6,,,,,,,,,,,,,,,,,,,
21.3,965.6,,,,,,,,,,,,,,,,,,,
21.31667,965.6,,,,,,,,,,,,,,,,,,,
21.33333,965.6,,,,,,,,,,,,,,,,,,,
21.35,965.6,,,,,,,,,,,,,,,,,,,
21.36667,965.6,,,,,,,,,,,,,,,,,,,
21.38333,965.6,,,,,,,,,,,,,,,,,,,
21.4,965.6,,,,,,,,,,,,,,,,,,,
21.41667,965.6,,,,,,,,,,,,,,,,,,,
21.43333,965.6,,,,,,,,,,,,,,,,,,,
21.45,965.6,,,,,,,,,,,,,,,,,,,
21.46667,965.6,,,,,,,,,,,,,,,,,,,
21.48333,965.6,,,,,,,,,,,,,,,,,,,
21.5,965.6,,,,,,,,,,,,,,,,,,,
21.51667,965.6,,,,,,,,,,,,,,,,,,,
21.53333,965.6,,,,,,,,,,,,,,,,,,,
21.55,965.6,,,,,,,,,,,,,,,,,,,
21.56667,965.6,,,,,,,,,,,,,,,,,,,
21.58333,965.6,,,,,,,,,,,,,,,,,,,
21.6,964.6,,,,,,,,,,,,,,,,,,,
21.61667,964.6,,,,,,,,,,,,,,,,,,,
21.63333,964.6,,,,,,,,,,,,,,,,,,,
21.65,964.6,,,,,,,,,,,,,,,,,,,
21.66667,964.6,,,,,,,,,,,,,,,,,,,
21.68333,964.6,,,,,,,,,,,,,,,,,,,
21.7,964.6,,,,,,,,,,,,,,,,,,,
21.71667,964.6,,,,,,,,,,,,,,,,,,,
21.73333,964.6,,,,,,,,,,,,,,,,,,,
21.75,964.6,,,,,,,,,,,,,,,,,,,
21.76667,964.6,,,,,,,,,,,,,,,,,,,
21.78333,964.6,,,,,,,,,,,,,,,,,,,
21.8,964.6,,,,,,,,,,,,,,,,,,,
21.81667,964.6,,,,,,,,,,,,,,,,,,,
21.83333,964.6,,,,,,,,,,,,,,,,,,,
21.85,964.6,,,,,,,,,,,,,,,,,,,
21.86667,964.6,,,,,,,,,,,,,,,,,,,
21.88333,964.6,,,,,,,,,,,,,,,,,,,
21.9,964.6,,,,,,,,,,,,,,,,,,,
21.91667,964.6,,,,,,,,,,,,,,,,,,,
21.93333,964.6,,,,,,,,,,,,,,,,,,,
21.95,964.6,,,,,,,,,,,,,,,,,,,
21.96667,964.6,,,,,,,,,,,,,,,,,,,
21.98333,964.6,,,,,,,,,,,,,,,,,,,
22,964.6,,,,,,,,,,,,,,,,,,,
22.01667,964.6,,,,,,,,,,,,,,,,,,,
22.03333,964.6,,,,,,,,,,,,,,,,,,,
22.05,964.6,,,,,,,,,,,,,,,,,,,
22.06667,964.6,,,,,,,,,,,,,,,,,,,
22.08333,964.6,,,,,,,,,,,,,,,,,,,
22.1,964.6,,,,,,,,,,,,,,,,,,,
22.11667,964.6,,,,,,,,,,,,,,,,,,,
22.13333,964.6,,,,,,,,,,,,,,,,,,,
22.15,964.6,,,,,,,,,,,,,,,,,,,
22.16667,964.6,,,,,,,,,,,,,,,,,,,
22.18333,964.6,,,,,,,,,,,,,,,,,,,
22.2,964.6,,,,,,,,,,,,,,,,,,,
22.21667,964.6,,,,,,,,,,,,,,,,,,,
22.23333,964.6,,,,,,,,,,,,,,,,,,,
22.25,964.6,,,,,,,,,,,,,,,,,,,
22.26667,964.6,,,,,,,,,,,,,,,,,,,
22.28333,964.6,,,,,,,,,,,,,,,,,,,
22.3,964.6,,,,,,,,,,,,,,,,,,,
22.31667,964.6,,,,,,,,,,,,,,,,,,,
22.33333,964.6,,,,,,,,,,,,,,,,,,,
22.35,964.6,,,,,,,,,,,,,,,,,,,
22.36667,964.6,,,,,,,,,,,,,,,,,,,
22.38333,965.6,,,,,,,,,,,,,,,,,,,
22.4,965.6,,,,,,,,,,,,,,,,,,,
22.41667,965.6,,,,,,,,,,,,,,,,,,,
22.43333,965.6,,,,,,,,,,,,,,,,,,,
22.45,965.6,,,,,,,,,,,,,,,,,,,
22.46667,965.6,,,,,,,,,,,,,,,,,,,
22.48333,965.6,,,,,,,,,,,,,,,,,,,
22.5,965.6,,,,,,,,,,,,,,,,,,,
22.51667,965.6,,,,,,,,,,,,,,,,,,,
22.53333,965.6,,,,,,,,,,,,,,,,,,,
22.55,965.6,,,,,,,,,,,,,,,,,,,
22.56667,965.6,,,,,,,,,,,,,,,,,,,
22.58333,965.6,,,,,,,,,,,,,,,,,,,
22.6,965.6,,,,,,,,,,,,,,,,,,,
22.61667,965.6,,,,,,,,,,,,,,,,,,,
22.63333,965.6,,,,,,,,,,,,,,,,,,,
22.65,965.6,,,,,,,,,,,,,,,,,,,
22.66667,965.6,,,,,,,,,,,,,,,,,,,
22.68333,965.6,,,,,,,,,,,,,,,,,,,
22.7,965.6,,,,,,,,,,,,,,,,,,,
22.71667,965.6,,,,,,,,,,,,,,,,,,,
22.73333,965.6,,,,,,,,,,,,,,,,,,,
22.75,965.6,,,,,,,,,,,,,,,,,,,
22.76667,965.6,,,,,,,,,,,,,,,,,,,
22.78333,965.6,,,,,,,,,,,,,,,,,,,
22.8,965.6,,,,,,,,,,,,,,,,,,,
22.81667,965.6,,,,,,,,,,,,,,,,,,,
22.83333,965.6,,,,,,,,,,,,,,,,,,,
22.85,965.6,,,,,,,,,,,,,,,,,,,
22.86667,965.6,,,,,,,,,,,,,,,,,,,
22.88333,965.6,,,,,,,,,,,,,,,,,,,
22.9,965.6,,,,,,,,,,,,,,,,,,,
22.91667,965.6,,,,,,,,,,,,,,,,,,,
22.93333,965.6,,,,,,,,,,,,,,,,,,,
22.95,965.6,,,,,,,,,,,,,,,,,,,
22.96667,965.6,,,,,,,,,,,,,,,,,,,
22.98333,965.6,,,,,,,,,,,,,,,,,,,
23,965.6,,,,,,,,,,,,,,,,,,,
23.01667,965.6,,,,,,,,,,,,,,,,,,,
23.03333,965.6,,,,,,,,,,,,,,,,,,,
23.05,965.6,,,,,,,,,,,,,,,,,,,
23.06667,965.6,,,,,,,,,,,,,,,,,,,
23.08333,965.6,,,,,,,,,,,,,,,,,,,
23.1,965.6,,,,,,,,,,,,,,,,,,,
23.11667,965.6,,,,,,,,,,,,,,,,,,,
23.13333,965.6,,,,,,,,,,,,,,,,,,,
23.15,965.6,,,,,,,,,,,,,,,,,,,
23.16667,965.6,,,,,,,,,,,,,,,,,,,
23.18333,964.6,,,,,,,,,,,,,,,,,,,
23.2,964.6,,,,,,,,,,,,,,,,,,,
23.21667,964.6,,,,,,,,,,,,,,,,,,,
23.23333,964.6,,,,,,,,,,,,,,,,,,,
23.25,964.6,,,,,,,,,,,,,,,,,,,
23.26667,964.6,,,,,,,,,,,,,,,,,,,
23.28333,964.6,,,,,,,,,,,,,,,,,,,
23.3,964.6,,,,,,,,,,,,,,,,,,,
23.31667,964.6,,,,,,,,,,,,,,,,,,,
23.33333,964.6,,,,,,,,,,,,,,,,,,,
23.35,964.6,,,,,,,,,,,,,,,,,,,
23.36667,964.6,,,,,,,,,,,,,,,,,,,
23.38333,964.6,,,,,,,,,,,,,,,,,,,
23.4,964.6,,,,,,,,,,,,,,,,,,,
23.41667,964.6,,,,,,,,,,,,,,,,,,,
23.43333,964.6,,,,,,,,,,,,,,,,,,,
23.45,964.6,,,,,,,,,,,,,,,,,,,
23.46667,964.6,,,,,,,,,,,,,,,,,,,
23.48333,964.6,,,,,,,,,,,,,,,,,,,
23.5,964.6,,,,,,,,,,,,,,,,,,,
23.51667,964.6,,,,,,,,,,,,,,,,,,,
23.53333,964.6,,,,,,,,,,,,,,,,,,,
23.55,964.6,,,,,,,,,,,,,,,,,,,
23.56667,964.6,,,,,,,,,,,,,,,,,,,
23.58333,964.6,,,,,,,,,,,,,,,,,,,
23.6,964.6,,,,,,,,,,,,,,,,,,,
23.61667,964.6,,,,,,,,,,,,,,,,,,,
23.63333,964.6,,,,,,,,,,,,,,,,,,,
23.65,964.6,,,,,,,,,,,,,,,,,,,
23.66667,964.6,,,,,,,,,,,,,,,,,,,
23.68333,964.6,,,,,,,,,,,,,,,,,,,
23.7,964.6,,,,,,,,,,,,,,,,,,,
23.71667,964.6,,,,,,,,,,,,,,,,,,,
23.73333,964.6,,,,,,,,,,,,,,,,,,,
23.75,964.6,,,,,,,,,,,,,,,,,,,
23.76667,964.6,,,,,,,,,,,,,,,,,,,
23.78333,964.6,,,,,,,,,,,,,,,,,,,
23.8,964.6,,,,,,,,,,,,,,,,,,,
23.81667,964.6,,,,,,,,,,,,,,,,,,,
23.83333,964.6,,,,,,,,,,,,,,,,,,,
23.85,964.6,,,,,,,,,,,,,,,,,,,
23.86667,964.6,,,,,,,,,,,,,,,,,,,
23.88333,964.6,,,,,,,,,,,,,,,,,,,
23.9,964.6,,,,,,,,,,,,,,,,,,,
23.91667,964.6,,,,,,,,,,,,,,,,,,,
23.93333,964.6,,,,,,,,,,,,,,,,,,,
23.95,965.6,,,,,,,,,,,,,,,,,,,
23.96667,965.6,,,,,,,,,,,,,,,,,,,
23.98333,965.6,,,,,,,,,,,,,,,,,,,
24,965.6,,,,,,,,,,,,,,,,,,,
24.01667,965.6,,,,,,,,,,,,,,,,,,,
24.03333,965.6,,,,,,,,,,,,,,,,,,,
24.05,965.6,,,,,,,,,,,,,,,,,,,
24.06667,965.6,,,,,,,,,,,,,,,,,,,
24.08333,965.6,,,,,,,,,,,,,,,,,,,
24.1,965.6,,,,,,,,,,,,,,,,,,,
24.11667,965.6,,,,,,,,,,,,,,,,,,,
24.13333,965.6,,,,,,,,,,,,,,,,,,,
24.15,965.6,,,,,,,,,,,,,,,,,,,
24.16667,965.6,,,,,,,,,,,,,,,,,,,
24.18333,965.6,,,,,,,,,,,,,,,,,,,
24.2,965.6,,,,,,,,,,,,,,,,,,,
24.21667,965.6,,,,,,,,,,,,,,,,,,,
24.23333,965.6,,,,,,,,,,,,,,,,,,,
24.25,965.6,,,,,,,,,,,,,,,,,,,
24.26667,965.6,,,,,,,,,,,,,,,,,,,
24.28333,965.6,,,,,,,,,,,,,,,,,,,
24.3,965.6,,,,,,,,,,,,,,,,,,,
24.31667,965.6,,,,,,,,,,,,,,,,,,,
24.33333,965.6,,,,,,,,,,,,,,,,,,,
24.35,965.6,,,,,,,,,,,,,,,,,,,
24.36667,965.6,,,,,,,,,,,,,,,,,,,
24.38333,965.6,,,,,,,,,,,,,,,,,,,
24.4,965.6,,,,,,,,,,,,,,,,,,,
24.41667,965.6,,,,,,,,,,,,,,,,,,,
24.43333,965.6,,,,,,,,,,,,,,,,,,,
24.45,965.6,,,,,,,,,,,,,,,,,,,
24.46667,965.6,,,,,,,,,,,,,,,,,,,
24.48333,965.6,,,,,,,,,,,,,,,,,,,
24.5,965.6,,,,,,,,,,,,,,,,,,,
24.51667,965.6,,,,,,,,,,,,,,,,,,,
24.53333,965.6,,,,,,,,,,,,,,,,,,,
24.55,965.6,,,,,,,,,,,,,,,,,,,
24.56667,965.6,,,,,,,,,,,,,,,,,,,
24.58333,965.6,,,,,,,,,,,,,,,,,,,
24.6,965.6,,,,,,,,,,,,,,,,,,,
24.61667,965.6,,,,,,,,,,,,,,,,,,,
24.63333,965.6,,,,,,,,,,,,,,,,,,,
24.65,965.6,,,,,,,,,,,,,,,,,,,
24.66667,964.6,,,,,,,,,,,,,,,,,,,
24.68333,964.6,,,,,,,,,,,,,,,,,,,
24.7,964.6,,,,,,,,,,,,,,,,,,,
24.71667,964.6,,,,,,,,,,,,,,,,,,,
24.73333,964.6,,,,,,,,,,,,,,,,,,,
24.75,964.6,,,,,,,,,,,,,,,,,,,
24.76667,964.6,,,,,,,,,,,,,,,,,,,
24.78333,964.6,,,,,,,,,,,,,,,,,,,
24.8,964.6,,,,,,,,,,,,,,,,,,,
24.81667,964.6,,,,,,,,,,,,,,,,,,,
24.83333,964.6,,,,,,,,,,,,,,,,,,,
24.85,964.6,,,,,,,,,,,,,,,,,,,
24.86667,964.6,,,,,,,,,,,,,,,,,,,
24.88333,964.6,,,,,,,,,,,,,,,,,,,
24.9,964.6,,,,,,,,,,,,,,,,,,,
24.91667,964.6,,,,,,,,,,,,,,,,,,,
24.93333,964.6,,,,,,,,,,,,,,,,,,,
24.95,964.6,,,,,,,,,,,,,,,,,,,
24.96667,964.6,,,,,,,,,,,,,,,,,,,
24.98333,964.6,,,,,,,,,,,,,,,,,,,
25,964.6,,,,,,,,,,,,,,,,,,,
25.01667,964.6,,,,,,,,,,,,,,,,,,,
25.03333,964.6,,,,,,,,,,,,,,,,,,,
25.05,964.6,,,,,,,,,,,,,,,,,,,
25.06667,964.6,,,,,,,,,,,,,,,,,,,
25.08333,964.6,,,,,,,,,,,,,,,,,,,
25.1,964.6,,,,,,,,,,,,,,,,,,,
25.11667,964.6,,,,,,,,,,,,,,,,,,,
25.13333,964.6,,,,,,,,,,,,,,,,,,,
25.15,964.6,,,,,,,,,,,,,,,,,,,
25.16667,964.6,,,,,,,,,,,,,,,,,,,
25.18333,964.6,,,,,,,,,,,,,,,,,,,
25.2,964.6,,,,,,,,,,,,,,,,,,,
25.21667,964.6,,,,,,,,,,,,,,,,,,,
25.23333,964.6,,,,,,,,,,,,,,,,,,,
25.25,964.6,,,,,,,,,,,,,,,,,,,
25.26667,964.6,,,,,,,,,,,,,,,,,,,
25.28333,964.6,,,,,,,,,,,,,,,,,,,
25.3,964.6,,,,,,,,,,,,,,,,,,,
25.31667,964.6,,,,,,,,,,,,,,,,,,,
25.33333,964.6,,,,,,,,,,,,,,,,,,,
25.35,964.6,,,,,,,,,,,,,,,,,,,
25.36667,964.6,,,,,,,,,,,,,,,,,,,
25.38333,964.6,,,,,,,,,,,,,,,,,,,
25.4,964.6,,,,,,,,,,,,,,,,,,,
25.41667,964.6,,,,,,,,,,,,,,,,,,,
25.43333,964.6,,,,,,,,,,,,,,,,,,,
,,,,,,,,,,,,,,,,,,,,
[LC Status Trace(Sample Cooler Temp.)],,,,,,,,,,,,,,,,,,,,
Interval(msec),1000,,,,,,,,,,,,,,,,,,,
# of Points,1527,,,,,,,,,,,,,,,,,,,
Start Time(min),0,,,,,,,,,,,,,,,,,,,
End Time(min),25.433,,,,,,,,,,,,,,,,,,,
Intensity Units,C,,,,,,,,,,,,,,,,,,,
Intensity Multiplier,1,,,,,,,,,,,,,,,,,,,
R.Time (min),Intensity,,,,,,,,,,,,,,,,,,,
0,15,,,,,,,,,,,,,,,,,,,
0.01667,15,,,,,,,,,,,,,,,,,,,
0.03333,15,,,,,,,,,,,,,,,,,,,
0.05,15,,,,,,,,,,,,,,,,,,,
0.06667,15,,,,,,,,,,,,,,,,,,,
0.08333,15,,,,,,,,,,,,,,,,,,,
0.1,15,,,,,,,,,,,,,,,,,,,
0.11667,15,,,,,,,,,,,,,,,,,,,
0.13333,15,,,,,,,,,,,,,,,,,,,
0.15,15,,,,,,,,,,,,,,,,,,,
0.16667,15,,,,,,,,,,,,,,,,,,,
0.18333,15,,,,,,,,,,,,,,,,,,,
0.2,15,,,,,,,,,,,,,,,,,,,
0.21667,15,,,,,,,,,,,,,,,,,,,
0.23333,15,,,,,,,,,,,,,,,,,,,
0.25,15,,,,,,,,,,,,,,,,,,,
0.26667,15,,,,,,,,,,,,,,,,,,,
0.28333,15,,,,,,,,,,,,,,,,,,,
0.3,15,,,,,,,,,,,,,,,,,,,
0.31667,15,,,,,,,,,,,,,,,,,,,
0.33333,15,,,,,,,,,,,,,,,,,,,
0.35,15,,,,,,,,,,,,,,,,,,,
0.36667,15,,,,,,,,,,,,,,,,,,,
0.38333,15,,,,,,,,,,,,,,,,,,,
0.4,15,,,,,,,,,,,,,,,,,,,
0.41667,15,,,,,,,,,,,,,,,,,,,
0.43333,15,,,,,,,,,,,,,,,,,,,
0.45,15,,,,,,,,,,,,,,,,,,,
0.46667,15,,,,,,,,,,,,,,,,,,,
0.48333,15,,,,,,,,,,,,,,,,,,,
0.5,15,,,,,,,,,,,,,,,,,,,
0.51667,15,,,,,,,,,,,,,,,,,,,
0.53333,15,,,,,,,,,,,,,,,,,,,
0.55,15,,,,,,,,,,,,,,,,,,,
0.56667,15,,,,,,,,,,,,,,,,,,,
0.58333,15,,,,,,,,,,,,,,,,,,,
0.6,15,,,,,,,,,,,,,,,,,,,
0.61667,15,,,,,,,,,,,,,,,,,,,
0.63333,15,,,,,,,,,,,,,,,,,,,
0.65,15,,,,,,,,,,,,,,,,,,,
0.66667,15,,,,,,,,,,,,,,,,,,,
0.68333,15,,,,,,,,,,,,,,,,,,,
0.7,15,,,,,,,,,,,,,,,,,,,
0.71667,15,,,,,,,,,,,,,,,,,,,
0.73333,15,,,,,,,,,,,,,,,,,,,
0.75,15,,,,,,,,,,,,,,,,,,,
0.76667,15,,,,,,,,,,,,,,,,,,,
0.78333,15,,,,,,,,,,,,,,,,,,,
0.8,15,,,,,,,,,,,,,,,,,,,
0.81667,15,,,,,,,,,,,,,,,,,,,
0.83333,15,,,,,,,,,,,,,,,,,,,
0.85,15,,,,,,,,,,,,,,,,,,,
0.86667,15,,,,,,,,,,,,,,,,,,,
0.88333,15,,,,,,,,,,,,,,,,,,,
0.9,15,,,,,,,,,,,,,,,,,,,
0.91667,15,,,,,,,,,,,,,,,,,,,
0.93333,15,,,,,,,,,,,,,,,,,,,
0.95,15,,,,,,,,,,,,,,,,,,,
0.96667,15,,,,,,,,,,,,,,,,,,,
0.98333,15,,,,,,,,,,,,,,,,,,,
1,15,,,,,,,,,,,,,,,,,,,
1.01667,15,,,,,,,,,,,,,,,,,,,
1.03333,15,,,,,,,,,,,,,,,,,,,
1.05,15,,,,,,,,,,,,,,,,,,,
1.06667,15,,,,,,,,,,,,,,,,,,,
1.08333,15,,,,,,,,,,,,,,,,,,,
1.1,15,,,,,,,,,,,,,,,,,,,
1.11667,15,,,,,,,,,,,,,,,,,,,
1.13333,15,,,,,,,,,,,,,,,,,,,
1.15,15,,,,,,,,,,,,,,,,,,,
1.16667,15,,,,,,,,,,,,,,,,,,,
1.18333,15,,,,,,,,,,,,,,,,,,,
1.2,15,,,,,,,,,,,,,,,,,,,
1.21667,15,,,,,,,,,,,,,,,,,,,
1.23333,15,,,,,,,,,,,,,,,,,,,
1.25,15,,,,,,,,,,,,,,,,,,,
1.26667,15,,,,,,,,,,,,,,,,,,,
1.28333,15,,,,,,,,,,,,,,,,,,,
1.3,15,,,,,,,,,,,,,,,,,,,
1.31667,15,,,,,,,,,,,,,,,,,,,
1.33333,15,,,,,,,,,,,,,,,,,,,
1.35,15,,,,,,,,,,,,,,,,,,,
1.36667,15,,,,,,,,,,,,,,,,,,,
1.38333,15,,,,,,,,,,,,,,,,,,,
1.4,15,,,,,,,,,,,,,,,,,,,
1.41667,15,,,,,,,,,,,,,,,,,,,
1.43333,15,,,,,,,,,,,,,,,,,,,
1.45,15,,,,,,,,,,,,,,,,,,,
1.46667,15,,,,,,,,,,,,,,,,,,,
1.48333,15,,,,,,,,,,,,,,,,,,,
1.5,15,,,,,,,,,,,,,,,,,,,
1.51667,15,,,,,,,,,,,,,,,,,,,
1.53333,15,,,,,,,,,,,,,,,,,,,
1.55,15,,,,,,,,,,,,,,,,,,,
1.56667,15,,,,,,,,,,,,,,,,,,,
1.58333,15,,,,,,,,,,,,,,,,,,,
1.6,15,,,,,,,,,,,,,,,,,,,
1.61667,15,,,,,,,,,,,,,,,,,,,
1.63333,15,,,,,,,,,,,,,,,,,,,
1.65,15,,,,,,,,,,,,,,,,,,,
1.66667,15,,,,,,,,,,,,,,,,,,,
1.68333,15,,,,,,,,,,,,,,,,,,,
1.7,15,,,,,,,,,,,,,,,,,,,
1.71667,15,,,,,,,,,,,,,,,,,,,
1.73333,15,,,,,,,,,,,,,,,,,,,
1.75,15,,,,,,,,,,,,,,,,,,,
1.76667,15,,,,,,,,,,,,,,,,,,,
1.78333,15,,,,,,,,,,,,,,,,,,,
1.8,15,,,,,,,,,,,,,,,,,,,
1.81667,15,,,,,,,,,,,,,,,,,,,
1.83333,15,,,,,,,,,,,,,,,,,,,
1.85,15,,,,,,,,,,,,,,,,,,,
1.86667,15,,,,,,,,,,,,,,,,,,,
1.88333,15,,,,,,,,,,,,,,,,,,,
1.9,15,,,,,,,,,,,,,,,,,,,
1.91667,15,,,,,,,,,,,,,,,,,,,
1.93333,15,,,,,,,,,,,,,,,,,,,
1.95,15,,,,,,,,,,,,,,,,,,,
1.96667,15,,,,,,,,,,,,,,,,,,,
1.98333,15,,,,,,,,,,,,,,,,,,,
2,15,,,,,,,,,,,,,,,,,,,
2.01667,15,,,,,,,,,,,,,,,,,,,
2.03333,15,,,,,,,,,,,,,,,,,,,
2.05,15,,,,,,,,,,,,,,,,,,,
2.06667,15,,,,,,,,,,,,,,,,,,,
2.08333,15,,,,,,,,,,,,,,,,,,,
2.1,15,,,,,,,,,,,,,,,,,,,
2.11667,15,,,,,,,,,,,,,,,,,,,
2.13333,15,,,,,,,,,,,,,,,,,,,
2.15,15,,,,,,,,,,,,,,,,,,,
2.16667,15,,,,,,,,,,,,,,,,,,,
2.18333,15,,,,,,,,,,,,,,,,,,,
2.2,15,,,,,,,,,,,,,,,,,,,
2.21667,15,,,,,,,,,,,,,,,,,,,
2.23333,15,,,,,,,,,,,,,,,,,,,
2.25,15,,,,,,,,,,,,,,,,,,,
2.26667,15,,,,,,,,,,,,,,,,,,,
2.28333,15,,,,,,,,,,,,,,,,,,,
2.3,15,,,,,,,,,,,,,,,,,,,
2.31667,15,,,,,,,,,,,,,,,,,,,
2.33333,15,,,,,,,,,,,,,,,,,,,
2.35,15,,,,,,,,,,,,,,,,,,,
2.36667,15,,,,,,,,,,,,,,,,,,,
2.38333,15,,,,,,,,,,,,,,,,,,,
2.4,15,,,,,,,,,,,,,,,,,,,
2.41667,15,,,,,,,,,,,,,,,,,,,
2.43333,15,,,,,,,,,,,,,,,,,,,
2.45,15,,,,,,,,,,,,,,,,,,,
2.46667,15,,,,,,,,,,,,,,,,,,,
2.48333,15,,,,,,,,,,,,,,,,,,,
2.5,15,,,,,,,,,,,,,,,,,,,
2.51667,15,,,,,,,,,,,,,,,,,,,
2.53333,15,,,,,,,,,,,,,,,,,,,
2.55,15,,,,,,,,,,,,,,,,,,,
2.56667,15,,,,,,,,,,,,,,,,,,,
2.58333,15,,,,,,,,,,,,,,,,,,,
2.6,15,,,,,,,,,,,,,,,,,,,
2.61667,15,,,,,,,,,,,,,,,,,,,
2.63333,15,,,,,,,,,,,,,,,,,,,
2.65,15,,,,,,,,,,,,,,,,,,,
2.66667,15,,,,,,,,,,,,,,,,,,,
2.68333,15,,,,,,,,,,,,,,,,,,,
2.7,15,,,,,,,,,,,,,,,,,,,
2.71667,15,,,,,,,,,,,,,,,,,,,
2.73333,15,,,,,,,,,,,,,,,,,,,
2.75,15,,,,,,,,,,,,,,,,,,,
2.76667,15,,,,,,,,,,,,,,,,,,,
2.78333,15,,,,,,,,,,,,,,,,,,,
2.8,15,,,,,,,,,,,,,,,,,,,
2.81667,15,,,,,,,,,,,,,,,,,,,
2.83333,15,,,,,,,,,,,,,,,,,,,
2.85,15,,,,,,,,,,,,,,,,,,,
2.86667,15,,,,,,,,,,,,,,,,,,,
2.88333,15,,,,,,,,,,,,,,,,,,,
2.9,15,,,,,,,,,,,,,,,,,,,
2.91667,15,,,,,,,,,,,,,,,,,,,
2.93333,15,,,,,,,,,,,,,,,,,,,
2.95,15,,,,,,,,,,,,,,,,,,,
2.96667,15,,,,,,,,,,,,,,,,,,,
2.98333,15,,,,,,,,,,,,,,,,,,,
3,15,,,,,,,,,,,,,,,,,,,
3.01667,15,,,,,,,,,,,,,,,,,,,
3.03333,15,,,,,,,,,,,,,,,,,,,
3.05,15,,,,,,,,,,,,,,,,,,,
3.06667,15,,,,,,,,,,,,,,,,,,,
3.08333,15,,,,,,,,,,,,,,,,,,,
3.1,15,,,,,,,,,,,,,,,,,,,
3.11667,15,,,,,,,,,,,,,,,,,,,
3.13333,15,,,,,,,,,,,,,,,,,,,
3.15,15,,,,,,,,,,,,,,,,,,,
3.16667,15,,,,,,,,,,,,,,,,,,,
3.18333,15,,,,,,,,,,,,,,,,,,,
3.2,15,,,,,,,,,,,,,,,,,,,
3.21667,15,,,,,,,,,,,,,,,,,,,
3.23333,15,,,,,,,,,,,,,,,,,,,
3.25,15,,,,,,,,,,,,,,,,,,,
3.26667,15,,,,,,,,,,,,,,,,,,,
3.28333,15,,,,,,,,,,,,,,,,,,,
3.3,15,,,,,,,,,,,,,,,,,,,
3.31667,15,,,,,,,,,,,,,,,,,,,
3.33333,15,,,,,,,,,,,,,,,,,,,
3.35,15,,,,,,,,,,,,,,,,,,,
3.36667,15,,,,,,,,,,,,,,,,,,,
3.38333,15,,,,,,,,,,,,,,,,,,,
3.4,15,,,,,,,,,,,,,,,,,,,
3.41667,15,,,,,,,,,,,,,,,,,,,
3.43333,15,,,,,,,,,,,,,,,,,,,
3.45,15,,,,,,,,,,,,,,,,,,,
3.46667,15,,,,,,,,,,,,,,,,,,,
3.48333,15,,,,,,,,,,,,,,,,,,,
3.5,15,,,,,,,,,,,,,,,,,,,
3.51667,15,,,,,,,,,,,,,,,,,,,
3.53333,15,,,,,,,,,,,,,,,,,,,
3.55,15,,,,,,,,,,,,,,,,,,,
3.56667,15,,,,,,,,,,,,,,,,,,,
3.58333,15,,,,,,,,,,,,,,,,,,,
3.6,15,,,,,,,,,,,,,,,,,,,
3.61667,15,,,,,,,,,,,,,,,,,,,
3.63333,15,,,,,,,,,,,,,,,,,,,
3.65,15,,,,,,,,,,,,,,,,,,,
3.66667,15,,,,,,,,,,,,,,,,,,,
3.68333,15,,,,,,,,,,,,,,,,,,,
3.7,15,,,,,,,,,,,,,,,,,,,
3.71667,15,,,,,,,,,,,,,,,,,,,
3.73333,15,,,,,,,,,,,,,,,,,,,
3.75,15,,,,,,,,,,,,,,,,,,,
3.76667,15,,,,,,,,,,,,,,,,,,,
3.78333,15,,,,,,,,,,,,,,,,,,,
3.8,15,,,,,,,,,,,,,,,,,,,
3.81667,15,,,,,,,,,,,,,,,,,,,
3.83333,15,,,,,,,,,,,,,,,,,,,
3.85,15,,,,,,,,,,,,,,,,,,,
3.86667,15,,,,,,,,,,,,,,,,,,,
3.88333,15,,,,,,,,,,,,,,,,,,,
3.9,15,,,,,,,,,,,,,,,,,,,
3.91667,15,,,,,,,,,,,,,,,,,,,
3.93333,15,,,,,,,,,,,,,,,,,,,
3.95,15,,,,,,,,,,,,,,,,,,,
3.96667,15,,,,,,,,,,,,,,,,,,,
3.98333,15,,,,,,,,,,,,,,,,,,,
4,15,,,,,,,,,,,,,,,,,,,
4.01667,15,,,,,,,,,,,,,,,,,,,
4.03333,15,,,,,,,,,,,,,,,,,,,
4.05,15,,,,,,,,,,,,,,,,,,,
4.06667,15,,,,,,,,,,,,,,,,,,,
4.08333,15,,,,,,,,,,,,,,,,,,,
4.1,15,,,,,,,,,,,,,,,,,,,
4.11667,15,,,,,,,,,,,,,,,,,,,
4.13333,15,,,,,,,,,,,,,,,,,,,
4.15,15,,,,,,,,,,,,,,,,,,,
4.16667,15,,,,,,,,,,,,,,,,,,,
4.18333,15,,,,,,,,,,,,,,,,,,,
4.2,15,,,,,,,,,,,,,,,,,,,
4.21667,15,,,,,,,,,,,,,,,,,,,
4.23333,15,,,,,,,,,,,,,,,,,,,
4.25,15,,,,,,,,,,,,,,,,,,,
4.26667,15,,,,,,,,,,,,,,,,,,,
4.28333,15,,,,,,,,,,,,,,,,,,,
4.3,15,,,,,,,,,,,,,,,,,,,
4.31667,15,,,,,,,,,,,,,,,,,,,
4.33333,15,,,,,,,,,,,,,,,,,,,
4.35,15,,,,,,,,,,,,,,,,,,,
4.36667,15,,,,,,,,,,,,,,,,,,,
4.38333,15,,,,,,,,,,,,,,,,,,,
4.4,15,,,,,,,,,,,,,,,,,,,
4.41667,15,,,,,,,,,,,,,,,,,,,
4.43333,15,,,,,,,,,,,,,,,,,,,
4.45,15,,,,,,,,,,,,,,,,,,,
4.46667,15,,,,,,,,,,,,,,,,,,,
4.48333,15,,,,,,,,,,,,,,,,,,,
4.5,15,,,,,,,,,,,,,,,,,,,
4.51667,15,,,,,,,,,,,,,,,,,,,
4.53333,15,,,,,,,,,,,,,,,,,,,
4.55,15,,,,,,,,,,,,,,,,,,,
4.56667,15,,,,,,,,,,,,,,,,,,,
4.58333,15,,,,,,,,,,,,,,,,,,,
4.6,15,,,,,,,,,,,,,,,,,,,
4.61667,15,,,,,,,,,,,,,,,,,,,
4.63333,15,,,,,,,,,,,,,,,,,,,
4.65,15,,,,,,,,,,,,,,,,,,,
4.66667,15,,,,,,,,,,,,,,,,,,,
4.68333,15,,,,,,,,,,,,,,,,,,,
4.7,15,,,,,,,,,,,,,,,,,,,
4.71667,15,,,,,,,,,,,,,,,,,,,
4.73333,15,,,,,,,,,,,,,,,,,,,
4.75,15,,,,,,,,,,,,,,,,,,,
4.76667,15,,,,,,,,,,,,,,,,,,,
4.78333,15,,,,,,,,,,,,,,,,,,,
4.8,15,,,,,,,,,,,,,,,,,,,
4.81667,15,,,,,,,,,,,,,,,,,,,
4.83333,15,,,,,,,,,,,,,,,,,,,
4.85,15,,,,,,,,,,,,,,,,,,,
4.86667,15,,,,,,,,,,,,,,,,,,,
4.88333,15,,,,,,,,,,,,,,,,,,,
4.9,15,,,,,,,,,,,,,,,,,,,
4.91667,15,,,,,,,,,,,,,,,,,,,
4.93333,15,,,,,,,,,,,,,,,,,,,
4.95,15,,,,,,,,,,,,,,,,,,,
4.96667,15,,,,,,,,,,,,,,,,,,,
4.98333,15,,,,,,,,,,,,,,,,,,,
5,15,,,,,,,,,,,,,,,,,,,
5.01667,15,,,,,,,,,,,,,,,,,,,
5.03333,15,,,,,,,,,,,,,,,,,,,
5.05,15,,,,,,,,,,,,,,,,,,,
5.06667,15,,,,,,,,,,,,,,,,,,,
5.08333,15,,,,,,,,,,,,,,,,,,,
5.1,15,,,,,,,,,,,,,,,,,,,
5.11667,15,,,,,,,,,,,,,,,,,,,
5.13333,15,,,,,,,,,,,,,,,,,,,
5.15,15,,,,,,,,,,,,,,,,,,,
5.16667,15,,,,,,,,,,,,,,,,,,,
5.18333,15,,,,,,,,,,,,,,,,,,,
5.2,15,,,,,,,,,,,,,,,,,,,
5.21667,15,,,,,,,,,,,,,,,,,,,
5.23333,15,,,,,,,,,,,,,,,,,,,
5.25,15,,,,,,,,,,,,,,,,,,,
5.26667,15,,,,,,,,,,,,,,,,,,,
5.28333,15,,,,,,,,,,,,,,,,,,,
5.3,15,,,,,,,,,,,,,,,,,,,
5.31667,15,,,,,,,,,,,,,,,,,,,
5.33333,15,,,,,,,,,,,,,,,,,,,
5.35,15,,,,,,,,,,,,,,,,,,,
5.36667,15,,,,,,,,,,,,,,,,,,,
5.38333,15,,,,,,,,,,,,,,,,,,,
5.4,15,,,,,,,,,,,,,,,,,,,
5.41667,15,,,,,,,,,,,,,,,,,,,
5.43333,15,,,,,,,,,,,,,,,,,,,
5.45,15,,,,,,,,,,,,,,,,,,,
5.46667,15,,,,,,,,,,,,,,,,,,,
5.48333,15,,,,,,,,,,,,,,,,,,,
5.5,15,,,,,,,,,,,,,,,,,,,
5.51667,15,,,,,,,,,,,,,,,,,,,
5.53333,15,,,,,,,,,,,,,,,,,,,
5.55,15,,,,,,,,,,,,,,,,,,,
5.56667,15,,,,,,,,,,,,,,,,,,,
5.58333,15,,,,,,,,,,,,,,,,,,,
5.6,15,,,,,,,,,,,,,,,,,,,
5.61667,15,,,,,,,,,,,,,,,,,,,
5.63333,15,,,,,,,,,,,,,,,,,,,
5.65,15,,,,,,,,,,,,,,,,,,,
5.66667,15,,,,,,,,,,,,,,,,,,,
5.68333,15,,,,,,,,,,,,,,,,,,,
5.7,15,,,,,,,,,,,,,,,,,,,
5.71667,15,,,,,,,,,,,,,,,,,,,
5.73333,15,,,,,,,,,,,,,,,,,,,
5.75,15,,,,,,,,,,,,,,,,,,,
5.76667,15,,,,,,,,,,,,,,,,,,,
5.78333,15,,,,,,,,,,,,,,,,,,,
5.8,15,,,,,,,,,,,,,,,,,,,
5.81667,15,,,,,,,,,,,,,,,,,,,
5.83333,15,,,,,,,,,,,,,,,,,,,
5.85,15,,,,,,,,,,,,,,,,,,,
5.86667,15,,,,,,,,,,,,,,,,,,,
5.88333,15,,,,,,,,,,,,,,,,,,,
5.9,15,,,,,,,,,,,,,,,,,,,
5.91667,15,,,,,,,,,,,,,,,,,,,
5.93333,15,,,,,,,,,,,,,,,,,,,
5.95,15,,,,,,,,,,,,,,,,,,,
5.96667,15,,,,,,,,,,,,,,,,,,,
5.98333,15,,,,,,,,,,,,,,,,,,,
6,15,,,,,,,,,,,,,,,,,,,
6.01667,15,,,,,,,,,,,,,,,,,,,
6.03333,15,,,,,,,,,,,,,,,,,,,
6.05,15,,,,,,,,,,,,,,,,,,,
6.06667,15,,,,,,,,,,,,,,,,,,,
6.08333,15,,,,,,,,,,,,,,,,,,,
6.1,15,,,,,,,,,,,,,,,,,,,
6.11667,15,,,,,,,,,,,,,,,,,,,
6.13333,15,,,,,,,,,,,,,,,,,,,
6.15,15,,,,,,,,,,,,,,,,,,,
6.16667,15,,,,,,,,,,,,,,,,,,,
6.18333,15,,,,,,,,,,,,,,,,,,,
6.2,15,,,,,,,,,,,,,,,,,,,
6.21667,15,,,,,,,,,,,,,,,,,,,
6.23333,15,,,,,,,,,,,,,,,,,,,
6.25,15,,,,,,,,,,,,,,,,,,,
6.26667,15,,,,,,,,,,,,,,,,,,,
6.28333,15,,,,,,,,,,,,,,,,,,,
6.3,15,,,,,,,,,,,,,,,,,,,
6.31667,15,,,,,,,,,,,,,,,,,,,
6.33333,15,,,,,,,,,,,,,,,,,,,
6.35,15,,,,,,,,,,,,,,,,,,,
6.36667,15,,,,,,,,,,,,,,,,,,,
6.38333,15,,,,,,,,,,,,,,,,,,,
6.4,15,,,,,,,,,,,,,,,,,,,
6.41667,15,,,,,,,,,,,,,,,,,,,
6.43333,15,,,,,,,,,,,,,,,,,,,
6.45,15,,,,,,,,,,,,,,,,,,,
6.46667,15,,,,,,,,,,,,,,,,,,,
6.48333,15,,,,,,,,,,,,,,,,,,,
6.5,15,,,,,,,,,,,,,,,,,,,
6.51667,15,,,,,,,,,,,,,,,,,,,
6.53333,15,,,,,,,,,,,,,,,,,,,
6.55,15,,,,,,,,,,,,,,,,,,,
6.56667,15,,,,,,,,,,,,,,,,,,,
6.58333,15,,,,,,,,,,,,,,,,,,,
6.6,15,,,,,,,,,,,,,,,,,,,
6.61667,15,,,,,,,,,,,,,,,,,,,
6.63333,15,,,,,,,,,,,,,,,,,,,
6.65,15,,,,,,,,,,,,,,,,,,,
6.66667,15,,,,,,,,,,,,,,,,,,,
6.68333,15,,,,,,,,,,,,,,,,,,,
6.7,15,,,,,,,,,,,,,,,,,,,
6.71667,15,,,,,,,,,,,,,,,,,,,
6.73333,15,,,,,,,,,,,,,,,,,,,
6.75,15,,,,,,,,,,,,,,,,,,,
6.76667,15,,,,,,,,,,,,,,,,,,,
6.78333,15,,,,,,,,,,,,,,,,,,,
6.8,15,,,,,,,,,,,,,,,,,,,
6.81667,15,,,,,,,,,,,,,,,,,,,
6.83333,15,,,,,,,,,,,,,,,,,,,
6.85,15,,,,,,,,,,,,,,,,,,,
6.86667,15,,,,,,,,,,,,,,,,,,,
6.88333,15,,,,,,,,,,,,,,,,,,,
6.9,15,,,,,,,,,,,,,,,,,,,
6.91667,15,,,,,,,,,,,,,,,,,,,
6.93333,15,,,,,,,,,,,,,,,,,,,
6.95,15,,,,,,,,,,,,,,,,,,,
6.96667,15,,,,,,,,,,,,,,,,,,,
6.98333,15,,,,,,,,,,,,,,,,,,,
7,15,,,,,,,,,,,,,,,,,,,
7.01667,15,,,,,,,,,,,,,,,,,,,
7.03333,15,,,,,,,,,,,,,,,,,,,
7.05,15,,,,,,,,,,,,,,,,,,,
7.06667,15,,,,,,,,,,,,,,,,,,,
7.08333,15,,,,,,,,,,,,,,,,,,,
7.1,15,,,,,,,,,,,,,,,,,,,
7.11667,15,,,,,,,,,,,,,,,,,,,
7.13333,15,,,,,,,,,,,,,,,,,,,
7.15,15,,,,,,,,,,,,,,,,,,,
7.16667,15,,,,,,,,,,,,,,,,,,,
7.18333,15,,,,,,,,,,,,,,,,,,,
7.2,15,,,,,,,,,,,,,,,,,,,
7.21667,15,,,,,,,,,,,,,,,,,,,
7.23333,15,,,,,,,,,,,,,,,,,,,
7.25,15,,,,,,,,,,,,,,,,,,,
7.26667,15,,,,,,,,,,,,,,,,,,,
7.28333,15,,,,,,,,,,,,,,,,,,,
7.3,15,,,,,,,,,,,,,,,,,,,
7.31667,15,,,,,,,,,,,,,,,,,,,
7.33333,15,,,,,,,,,,,,,,,,,,,
7.35,15,,,,,,,,,,,,,,,,,,,
7.36667,15,,,,,,,,,,,,,,,,,,,
7.38333,15,,,,,,,,,,,,,,,,,,,
7.4,15,,,,,,,,,,,,,,,,,,,
7.41667,15,,,,,,,,,,,,,,,,,,,
7.43333,15,,,,,,,,,,,,,,,,,,,
7.45,15,,,,,,,,,,,,,,,,,,,
7.46667,15,,,,,,,,,,,,,,,,,,,
7.48333,15,,,,,,,,,,,,,,,,,,,
7.5,15,,,,,,,,,,,,,,,,,,,
7.51667,15,,,,,,,,,,,,,,,,,,,
7.53333,15,,,,,,,,,,,,,,,,,,,
7.55,15,,,,,,,,,,,,,,,,,,,
7.56667,15,,,,,,,,,,,,,,,,,,,
7.58333,15,,,,,,,,,,,,,,,,,,,
7.6,15,,,,,,,,,,,,,,,,,,,
7.61667,15,,,,,,,,,,,,,,,,,,,
7.63333,15,,,,,,,,,,,,,,,,,,,
7.65,15,,,,,,,,,,,,,,,,,,,
7.66667,15,,,,,,,,,,,,,,,,,,,
7.68333,15,,,,,,,,,,,,,,,,,,,
7.7,15,,,,,,,,,,,,,,,,,,,
7.71667,15,,,,,,,,,,,,,,,,,,,
7.73333,15,,,,,,,,,,,,,,,,,,,
7.75,15,,,,,,,,,,,,,,,,,,,
7.76667,15,,,,,,,,,,,,,,,,,,,
7.78333,15,,,,,,,,,,,,,,,,,,,
7.8,15,,,,,,,,,,,,,,,,,,,
7.81667,15,,,,,,,,,,,,,,,,,,,
7.83333,15,,,,,,,,,,,,,,,,,,,
7.85,15,,,,,,,,,,,,,,,,,,,
7.86667,15,,,,,,,,,,,,,,,,,,,
7.88333,15,,,,,,,,,,,,,,,,,,,
7.9,15,,,,,,,,,,,,,,,,,,,
7.91667,15,,,,,,,,,,,,,,,,,,,
7.93333,15,,,,,,,,,,,,,,,,,,,
7.95,15,,,,,,,,,,,,,,,,,,,
7.96667,15,,,,,,,,,,,,,,,,,,,
7.98333,15,,,,,,,,,,,,,,,,,,,
8,15,,,,,,,,,,,,,,,,,,,
8.01667,15,,,,,,,,,,,,,,,,,,,
8.03333,15,,,,,,,,,,,,,,,,,,,
8.05,15,,,,,,,,,,,,,,,,,,,
8.06667,15,,,,,,,,,,,,,,,,,,,
8.08333,15,,,,,,,,,,,,,,,,,,,
8.1,15,,,,,,,,,,,,,,,,,,,
8.11667,15,,,,,,,,,,,,,,,,,,,
8.13333,15,,,,,,,,,,,,,,,,,,,
8.15,15,,,,,,,,,,,,,,,,,,,
8.16667,15,,,,,,,,,,,,,,,,,,,
8.18333,15,,,,,,,,,,,,,,,,,,,
8.2,15,,,,,,,,,,,,,,,,,,,
8.21667,15,,,,,,,,,,,,,,,,,,,
8.23333,15,,,,,,,,,,,,,,,,,,,
8.25,15,,,,,,,,,,,,,,,,,,,
8.26667,15,,,,,,,,,,,,,,,,,,,
8.28333,15,,,,,,,,,,,,,,,,,,,
8.3,15,,,,,,,,,,,,,,,,,,,
8.31667,15,,,,,,,,,,,,,,,,,,,
8.33333,15,,,,,,,,,,,,,,,,,,,
8.35,15,,,,,,,,,,,,,,,,,,,
8.36667,15,,,,,,,,,,,,,,,,,,,
8.38333,15,,,,,,,,,,,,,,,,,,,
8.4,15,,,,,,,,,,,,,,,,,,,
8.41667,15,,,,,,,,,,,,,,,,,,,
8.43333,15,,,,,,,,,,,,,,,,,,,
8.45,15,,,,,,,,,,,,,,,,,,,
8.46667,15,,,,,,,,,,,,,,,,,,,
8.48333,15,,,,,,,,,,,,,,,,,,,
8.5,15,,,,,,,,,,,,,,,,,,,
8.51667,15,,,,,,,,,,,,,,,,,,,
8.53333,15,,,,,,,,,,,,,,,,,,,
8.55,15,,,,,,,,,,,,,,,,,,,
8.56667,15,,,,,,,,,,,,,,,,,,,
8.58333,15,,,,,,,,,,,,,,,,,,,
8.6,15,,,,,,,,,,,,,,,,,,,
8.61667,15,,,,,,,,,,,,,,,,,,,
8.63333,15,,,,,,,,,,,,,,,,,,,
8.65,15,,,,,,,,,,,,,,,,,,,
8.66667,15,,,,,,,,,,,,,,,,,,,
8.68333,15,,,,,,,,,,,,,,,,,,,
8.7,15,,,,,,,,,,,,,,,,,,,
8.71667,15,,,,,,,,,,,,,,,,,,,
8.73333,15,,,,,,,,,,,,,,,,,,,
8.75,15,,,,,,,,,,,,,,,,,,,
8.76667,15,,,,,,,,,,,,,,,,,,,
8.78333,15,,,,,,,,,,,,,,,,,,,
8.8,15,,,,,,,,,,,,,,,,,,,
8.81667,15,,,,,,,,,,,,,,,,,,,
8.83333,15,,,,,,,,,,,,,,,,,,,
8.85,15,,,,,,,,,,,,,,,,,,,
8.86667,15,,,,,,,,,,,,,,,,,,,
8.88333,15,,,,,,,,,,,,,,,,,,,
8.9,15,,,,,,,,,,,,,,,,,,,
8.91667,15,,,,,,,,,,,,,,,,,,,
8.93333,15,,,,,,,,,,,,,,,,,,,
8.95,15,,,,,,,,,,,,,,,,,,,
8.96667,15,,,,,,,,,,,,,,,,,,,
8.98333,15,,,,,,,,,,,,,,,,,,,
9,15,,,,,,,,,,,,,,,,,,,
9.01667,15,,,,,,,,,,,,,,,,,,,
9.03333,15,,,,,,,,,,,,,,,,,,,
9.05,15,,,,,,,,,,,,,,,,,,,
9.06667,15,,,,,,,,,,,,,,,,,,,
9.08333,15,,,,,,,,,,,,,,,,,,,
9.1,15,,,,,,,,,,,,,,,,,,,
9.11667,15,,,,,,,,,,,,,,,,,,,
9.13333,15,,,,,,,,,,,,,,,,,,,
9.15,15,,,,,,,,,,,,,,,,,,,
9.16667,15,,,,,,,,,,,,,,,,,,,
9.18333,15,,,,,,,,,,,,,,,,,,,
9.2,15,,,,,,,,,,,,,,,,,,,
9.21667,15,,,,,,,,,,,,,,,,,,,
9.23333,15,,,,,,,,,,,,,,,,,,,
9.25,15,,,,,,,,,,,,,,,,,,,
9.26667,15,,,,,,,,,,,,,,,,,,,
9.28333,15,,,,,,,,,,,,,,,,,,,
9.3,15,,,,,,,,,,,,,,,,,,,
9.31667,15,,,,,,,,,,,,,,,,,,,
9.33333,15,,,,,,,,,,,,,,,,,,,
9.35,15,,,,,,,,,,,,,,,,,,,
9.36667,15,,,,,,,,,,,,,,,,,,,
9.38333,15,,,,,,,,,,,,,,,,,,,
9.4,15,,,,,,,,,,,,,,,,,,,
9.41667,15,,,,,,,,,,,,,,,,,,,
9.43333,15,,,,,,,,,,,,,,,,,,,
9.45,15,,,,,,,,,,,,,,,,,,,
9.46667,15,,,,,,,,,,,,,,,,,,,
9.48333,15,,,,,,,,,,,,,,,,,,,
9.5,15,,,,,,,,,,,,,,,,,,,
9.51667,15,,,,,,,,,,,,,,,,,,,
9.53333,15,,,,,,,,,,,,,,,,,,,
9.55,15,,,,,,,,,,,,,,,,,,,
9.56667,15,,,,,,,,,,,,,,,,,,,
9.58333,15,,,,,,,,,,,,,,,,,,,
9.6,15,,,,,,,,,,,,,,,,,,,
9.61667,15,,,,,,,,,,,,,,,,,,,
9.63333,15,,,,,,,,,,,,,,,,,,,
9.65,15,,,,,,,,,,,,,,,,,,,
9.66667,15,,,,,,,,,,,,,,,,,,,
9.68333,15,,,,,,,,,,,,,,,,,,,
9.7,15,,,,,,,,,,,,,,,,,,,
9.71667,15,,,,,,,,,,,,,,,,,,,
9.73333,15,,,,,,,,,,,,,,,,,,,
9.75,15,,,,,,,,,,,,,,,,,,,
9.76667,15,,,,,,,,,,,,,,,,,,,
9.78333,15,,,,,,,,,,,,,,,,,,,
9.8,15,,,,,,,,,,,,,,,,,,,
9.81667,15,,,,,,,,,,,,,,,,,,,
9.83333,15,,,,,,,,,,,,,,,,,,,
9.85,15,,,,,,,,,,,,,,,,,,,
9.86667,15,,,,,,,,,,,,,,,,,,,
9.88333,15,,,,,,,,,,,,,,,,,,,
9.9,15,,,,,,,,,,,,,,,,,,,
9.91667,15,,,,,,,,,,,,,,,,,,,
9.93333,15,,,,,,,,,,,,,,,,,,,
9.95,15,,,,,,,,,,,,,,,,,,,
9.96667,15,,,,,,,,,,,,,,,,,,,
9.98333,15,,,,,,,,,,,,,,,,,,,
10,15,,,,,,,,,,,,,,,,,,,
10.01667,15,,,,,,,,,,,,,,,,,,,
10.03333,15,,,,,,,,,,,,,,,,,,,
10.05,15,,,,,,,,,,,,,,,,,,,
10.06667,15,,,,,,,,,,,,,,,,,,,
10.08333,15,,,,,,,,,,,,,,,,,,,
10.1,15,,,,,,,,,,,,,,,,,,,
10.11667,15,,,,,,,,,,,,,,,,,,,
10.13333,15,,,,,,,,,,,,,,,,,,,
10.15,15,,,,,,,,,,,,,,,,,,,
10.16667,15,,,,,,,,,,,,,,,,,,,
10.18333,15,,,,,,,,,,,,,,,,,,,
10.2,15,,,,,,,,,,,,,,,,,,,
10.21667,15,,,,,,,,,,,,,,,,,,,
10.23333,15,,,,,,,,,,,,,,,,,,,
10.25,15,,,,,,,,,,,,,,,,,,,
10.26667,15,,,,,,,,,,,,,,,,,,,
10.28333,15,,,,,,,,,,,,,,,,,,,
10.3,15,,,,,,,,,,,,,,,,,,,
10.31667,15,,,,,,,,,,,,,,,,,,,
10.33333,15,,,,,,,,,,,,,,,,,,,
10.35,15,,,,,,,,,,,,,,,,,,,
10.36667,15,,,,,,,,,,,,,,,,,,,
10.38333,15,,,,,,,,,,,,,,,,,,,
10.4,15,,,,,,,,,,,,,,,,,,,
10.41667,15,,,,,,,,,,,,,,,,,,,
10.43333,15,,,,,,,,,,,,,,,,,,,
10.45,15,,,,,,,,,,,,,,,,,,,
10.46667,15,,,,,,,,,,,,,,,,,,,
10.48333,15,,,,,,,,,,,,,,,,,,,
10.5,15,,,,,,,,,,,,,,,,,,,
10.51667,15,,,,,,,,,,,,,,,,,,,
10.53333,15,,,,,,,,,,,,,,,,,,,
10.55,15,,,,,,,,,,,,,,,,,,,
10.56667,15,,,,,,,,,,,,,,,,,,,
10.58333,15,,,,,,,,,,,,,,,,,,,
10.6,15,,,,,,,,,,,,,,,,,,,
10.61667,15,,,,,,,,,,,,,,,,,,,
10.63333,15,,,,,,,,,,,,,,,,,,,
10.65,15,,,,,,,,,,,,,,,,,,,
10.66667,15,,,,,,,,,,,,,,,,,,,
10.68333,15,,,,,,,,,,,,,,,,,,,
10.7,15,,,,,,,,,,,,,,,,,,,
10.71667,15,,,,,,,,,,,,,,,,,,,
10.73333,15,,,,,,,,,,,,,,,,,,,
10.75,15,,,,,,,,,,,,,,,,,,,
10.76667,15,,,,,,,,,,,,,,,,,,,
10.78333,15,,,,,,,,,,,,,,,,,,,
10.8,15,,,,,,,,,,,,,,,,,,,
10.81667,15,,,,,,,,,,,,,,,,,,,
10.83333,15,,,,,,,,,,,,,,,,,,,
10.85,15,,,,,,,,,,,,,,,,,,,
10.86667,15,,,,,,,,,,,,,,,,,,,
10.88333,15,,,,,,,,,,,,,,,,,,,
10.9,15,,,,,,,,,,,,,,,,,,,
10.91667,15,,,,,,,,,,,,,,,,,,,
10.93333,15,,,,,,,,,,,,,,,,,,,
10.95,15,,,,,,,,,,,,,,,,,,,
10.96667,15,,,,,,,,,,,,,,,,,,,
10.98333,15,,,,,,,,,,,,,,,,,,,
11,15,,,,,,,,,,,,,,,,,,,
11.01667,15,,,,,,,,,,,,,,,,,,,
11.03333,15,,,,,,,,,,,,,,,,,,,
11.05,15,,,,,,,,,,,,,,,,,,,
11.06667,15,,,,,,,,,,,,,,,,,,,
11.08333,15,,,,,,,,,,,,,,,,,,,
11.1,15,,,,,,,,,,,,,,,,,,,
11.11667,15,,,,,,,,,,,,,,,,,,,
11.13333,15,,,,,,,,,,,,,,,,,,,
11.15,15,,,,,,,,,,,,,,,,,,,
11.16667,15,,,,,,,,,,,,,,,,,,,
11.18333,15,,,,,,,,,,,,,,,,,,,
11.2,15,,,,,,,,,,,,,,,,,,,
11.21667,15,,,,,,,,,,,,,,,,,,,
11.23333,15,,,,,,,,,,,,,,,,,,,
11.25,15,,,,,,,,,,,,,,,,,,,
11.26667,15,,,,,,,,,,,,,,,,,,,
11.28333,15,,,,,,,,,,,,,,,,,,,
11.3,15,,,,,,,,,,,,,,,,,,,
11.31667,15,,,,,,,,,,,,,,,,,,,
11.33333,15,,,,,,,,,,,,,,,,,,,
11.35,15,,,,,,,,,,,,,,,,,,,
11.36667,15,,,,,,,,,,,,,,,,,,,
11.38333,15,,,,,,,,,,,,,,,,,,,
11.4,15,,,,,,,,,,,,,,,,,,,
11.41667,15,,,,,,,,,,,,,,,,,,,
11.43333,15,,,,,,,,,,,,,,,,,,,
11.45,15,,,,,,,,,,,,,,,,,,,
11.46667,15,,,,,,,,,,,,,,,,,,,
11.48333,14.9,,,,,,,,,,,,,,,,,,,
11.5,14.9,,,,,,,,,,,,,,,,,,,
11.51667,14.9,,,,,,,,,,,,,,,,,,,
11.53333,14.9,,,,,,,,,,,,,,,,,,,
11.55,14.9,,,,,,,,,,,,,,,,,,,
11.56667,14.9,,,,,,,,,,,,,,,,,,,
11.58333,14.9,,,,,,,,,,,,,,,,,,,
11.6,14.9,,,,,,,,,,,,,,,,,,,
11.61667,14.9,,,,,,,,,,,,,,,,,,,
11.63333,14.9,,,,,,,,,,,,,,,,,,,
11.65,15,,,,,,,,,,,,,,,,,,,
11.66667,15,,,,,,,,,,,,,,,,,,,
11.68333,15,,,,,,,,,,,,,,,,,,,
11.7,15,,,,,,,,,,,,,,,,,,,
11.71667,15,,,,,,,,,,,,,,,,,,,
11.73333,15,,,,,,,,,,,,,,,,,,,
11.75,15,,,,,,,,,,,,,,,,,,,
11.76667,15,,,,,,,,,,,,,,,,,,,
11.78333,15,,,,,,,,,,,,,,,,,,,
11.8,15,,,,,,,,,,,,,,,,,,,
11.81667,15,,,,,,,,,,,,,,,,,,,
11.83333,15,,,,,,,,,,,,,,,,,,,
11.85,15,,,,,,,,,,,,,,,,,,,
11.86667,15,,,,,,,,,,,,,,,,,,,
11.88333,15,,,,,,,,,,,,,,,,,,,
11.9,15,,,,,,,,,,,,,,,,,,,
11.91667,15,,,,,,,,,,,,,,,,,,,
11.93333,15,,,,,,,,,,,,,,,,,,,
11.95,15,,,,,,,,,,,,,,,,,,,
11.96667,15,,,,,,,,,,,,,,,,,,,
11.98333,15,,,,,,,,,,,,,,,,,,,
12,15,,,,,,,,,,,,,,,,,,,
12.01667,15,,,,,,,,,,,,,,,,,,,
12.03333,15,,,,,,,,,,,,,,,,,,,
12.05,15,,,,,,,,,,,,,,,,,,,
12.06667,15,,,,,,,,,,,,,,,,,,,
12.08333,15,,,,,,,,,,,,,,,,,,,
12.1,15,,,,,,,,,,,,,,,,,,,
12.11667,15,,,,,,,,,,,,,,,,,,,
12.13333,15,,,,,,,,,,,,,,,,,,,
12.15,15,,,,,,,,,,,,,,,,,,,
12.16667,15,,,,,,,,,,,,,,,,,,,
12.18333,15,,,,,,,,,,,,,,,,,,,
12.2,15,,,,,,,,,,,,,,,,,,,
12.21667,15,,,,,,,,,,,,,,,,,,,
12.23333,15,,,,,,,,,,,,,,,,,,,
12.25,15,,,,,,,,,,,,,,,,,,,
12.26667,15,,,,,,,,,,,,,,,,,,,
12.28333,15,,,,,,,,,,,,,,,,,,,
12.3,15,,,,,,,,,,,,,,,,,,,
12.31667,15,,,,,,,,,,,,,,,,,,,
12.33333,15,,,,,,,,,,,,,,,,,,,
12.35,15,,,,,,,,,,,,,,,,,,,
12.36667,15,,,,,,,,,,,,,,,,,,,
12.38333,15,,,,,,,,,,,,,,,,,,,
12.4,15,,,,,,,,,,,,,,,,,,,
12.41667,15,,,,,,,,,,,,,,,,,,,
12.43333,15,,,,,,,,,,,,,,,,,,,
12.45,15,,,,,,,,,,,,,,,,,,,
12.46667,15,,,,,,,,,,,,,,,,,,,
12.48333,15,,,,,,,,,,,,,,,,,,,
12.5,15,,,,,,,,,,,,,,,,,,,
12.51667,15,,,,,,,,,,,,,,,,,,,
12.53333,15,,,,,,,,,,,,,,,,,,,
12.55,15,,,,,,,,,,,,,,,,,,,
12.56667,15,,,,,,,,,,,,,,,,,,,
12.58333,15,,,,,,,,,,,,,,,,,,,
12.6,15,,,,,,,,,,,,,,,,,,,
12.61667,15,,,,,,,,,,,,,,,,,,,
12.63333,15,,,,,,,,,,,,,,,,,,,
12.65,15,,,,,,,,,,,,,,,,,,,
12.66667,15,,,,,,,,,,,,,,,,,,,
12.68333,15,,,,,,,,,,,,,,,,,,,
12.7,15,,,,,,,,,,,,,,,,,,,
12.71667,15,,,,,,,,,,,,,,,,,,,
12.73333,15,,,,,,,,,,,,,,,,,,,
12.75,15,,,,,,,,,,,,,,,,,,,
12.76667,15,,,,,,,,,,,,,,,,,,,
12.78333,15,,,,,,,,,,,,,,,,,,,
12.8,15,,,,,,,,,,,,,,,,,,,
12.81667,15,,,,,,,,,,,,,,,,,,,
12.83333,15,,,,,,,,,,,,,,,,,,,
12.85,15,,,,,,,,,,,,,,,,,,,
12.86667,15,,,,,,,,,,,,,,,,,,,
12.88333,15,,,,,,,,,,,,,,,,,,,
12.9,15,,,,,,,,,,,,,,,,,,,
12.91667,15,,,,,,,,,,,,,,,,,,,
12.93333,15,,,,,,,,,,,,,,,,,,,
12.95,15,,,,,,,,,,,,,,,,,,,
12.96667,15,,,,,,,,,,,,,,,,,,,
12.98333,15,,,,,,,,,,,,,,,,,,,
13,15,,,,,,,,,,,,,,,,,,,
13.01667,15,,,,,,,,,,,,,,,,,,,
13.03333,15,,,,,,,,,,,,,,,,,,,
13.05,15,,,,,,,,,,,,,,,,,,,
13.06667,15,,,,,,,,,,,,,,,,,,,
13.08333,15,,,,,,,,,,,,,,,,,,,
13.1,15,,,,,,,,,,,,,,,,,,,
13.11667,15,,,,,,,,,,,,,,,,,,,
13.13333,15,,,,,,,,,,,,,,,,,,,
13.15,15,,,,,,,,,,,,,,,,,,,
13.16667,15,,,,,,,,,,,,,,,,,,,
13.18333,15,,,,,,,,,,,,,,,,,,,
13.2,15,,,,,,,,,,,,,,,,,,,
13.21667,15,,,,,,,,,,,,,,,,,,,
13.23333,15,,,,,,,,,,,,,,,,,,,
13.25,15,,,,,,,,,,,,,,,,,,,
13.26667,15,,,,,,,,,,,,,,,,,,,
13.28333,15,,,,,,,,,,,,,,,,,,,
13.3,15,,,,,,,,,,,,,,,,,,,
13.31667,15,,,,,,,,,,,,,,,,,,,
13.33333,15,,,,,,,,,,,,,,,,,,,
13.35,15,,,,,,,,,,,,,,,,,,,
13.36667,15,,,,,,,,,,,,,,,,,,,
13.38333,15,,,,,,,,,,,,,,,,,,,
13.4,15,,,,,,,,,,,,,,,,,,,
13.41667,15,,,,,,,,,,,,,,,,,,,
13.43333,15,,,,,,,,,,,,,,,,,,,
13.45,15,,,,,,,,,,,,,,,,,,,
13.46667,15,,,,,,,,,,,,,,,,,,,
13.48333,15,,,,,,,,,,,,,,,,,,,
13.5,15,,,,,,,,,,,,,,,,,,,
13.51667,15,,,,,,,,,,,,,,,,,,,
13.53333,15,,,,,,,,,,,,,,,,,,,
13.55,15,,,,,,,,,,,,,,,,,,,
13.56667,15,,,,,,,,,,,,,,,,,,,
13.58333,15,,,,,,,,,,,,,,,,,,,
13.6,15,,,,,,,,,,,,,,,,,,,
13.61667,15,,,,,,,,,,,,,,,,,,,
13.63333,15,,,,,,,,,,,,,,,,,,,
13.65,15,,,,,,,,,,,,,,,,,,,
13.66667,15,,,,,,,,,,,,,,,,,,,
13.68333,15,,,,,,,,,,,,,,,,,,,
13.7,15,,,,,,,,,,,,,,,,,,,
13.71667,15,,,,,,,,,,,,,,,,,,,
13.73333,15,,,,,,,,,,,,,,,,,,,
13.75,15,,,,,,,,,,,,,,,,,,,
13.76667,15,,,,,,,,,,,,,,,,,,,
13.78333,15,,,,,,,,,,,,,,,,,,,
13.8,15,,,,,,,,,,,,,,,,,,,
13.81667,15,,,,,,,,,,,,,,,,,,,
13.83333,15,,,,,,,,,,,,,,,,,,,
13.85,15,,,,,,,,,,,,,,,,,,,
13.86667,15,,,,,,,,,,,,,,,,,,,
13.88333,15,,,,,,,,,,,,,,,,,,,
13.9,15,,,,,,,,,,,,,,,,,,,
13.91667,15,,,,,,,,,,,,,,,,,,,
13.93333,15,,,,,,,,,,,,,,,,,,,
13.95,15,,,,,,,,,,,,,,,,,,,
13.96667,15,,,,,,,,,,,,,,,,,,,
13.98333,15,,,,,,,,,,,,,,,,,,,
14,15,,,,,,,,,,,,,,,,,,,
14.01667,15,,,,,,,,,,,,,,,,,,,
14.03333,15,,,,,,,,,,,,,,,,,,,
14.05,15,,,,,,,,,,,,,,,,,,,
14.06667,15,,,,,,,,,,,,,,,,,,,
14.08333,15,,,,,,,,,,,,,,,,,,,
14.1,15,,,,,,,,,,,,,,,,,,,
14.11667,15,,,,,,,,,,,,,,,,,,,
14.13333,15,,,,,,,,,,,,,,,,,,,
14.15,15,,,,,,,,,,,,,,,,,,,
14.16667,15,,,,,,,,,,,,,,,,,,,
14.18333,15,,,,,,,,,,,,,,,,,,,
14.2,15,,,,,,,,,,,,,,,,,,,
14.21667,15,,,,,,,,,,,,,,,,,,,
14.23333,15,,,,,,,,,,,,,,,,,,,
14.25,15,,,,,,,,,,,,,,,,,,,
14.26667,15,,,,,,,,,,,,,,,,,,,
14.28333,15,,,,,,,,,,,,,,,,,,,
14.3,15,,,,,,,,,,,,,,,,,,,
14.31667,15,,,,,,,,,,,,,,,,,,,
14.33333,15,,,,,,,,,,,,,,,,,,,
14.35,15,,,,,,,,,,,,,,,,,,,
14.36667,15,,,,,,,,,,,,,,,,,,,
14.38333,15,,,,,,,,,,,,,,,,,,,
14.4,15,,,,,,,,,,,,,,,,,,,
14.41667,15,,,,,,,,,,,,,,,,,,,
14.43333,15,,,,,,,,,,,,,,,,,,,
14.45,15,,,,,,,,,,,,,,,,,,,
14.46667,15,,,,,,,,,,,,,,,,,,,
14.48333,15,,,,,,,,,,,,,,,,,,,
14.5,15,,,,,,,,,,,,,,,,,,,
14.51667,15,,,,,,,,,,,,,,,,,,,
14.53333,15,,,,,,,,,,,,,,,,,,,
14.55,15,,,,,,,,,,,,,,,,,,,
14.56667,15,,,,,,,,,,,,,,,,,,,
14.58333,15,,,,,,,,,,,,,,,,,,,
14.6,15,,,,,,,,,,,,,,,,,,,
14.61667,15,,,,,,,,,,,,,,,,,,,
14.63333,15,,,,,,,,,,,,,,,,,,,
14.65,15,,,,,,,,,,,,,,,,,,,
14.66667,15,,,,,,,,,,,,,,,,,,,
14.68333,15,,,,,,,,,,,,,,,,,,,
14.7,15,,,,,,,,,,,,,,,,,,,
14.71667,15,,,,,,,,,,,,,,,,,,,
14.73333,15,,,,,,,,,,,,,,,,,,,
14.75,15,,,,,,,,,,,,,,,,,,,
14.76667,15,,,,,,,,,,,,,,,,,,,
14.78333,15,,,,,,,,,,,,,,,,,,,
14.8,15,,,,,,,,,,,,,,,,,,,
14.81667,15,,,,,,,,,,,,,,,,,,,
14.83333,15,,,,,,,,,,,,,,,,,,,
14.85,15,,,,,,,,,,,,,,,,,,,
14.86667,15,,,,,,,,,,,,,,,,,,,
14.88333,15,,,,,,,,,,,,,,,,,,,
14.9,15,,,,,,,,,,,,,,,,,,,
14.91667,15,,,,,,,,,,,,,,,,,,,
14.93333,15,,,,,,,,,,,,,,,,,,,
14.95,15,,,,,,,,,,,,,,,,,,,
14.96667,15,,,,,,,,,,,,,,,,,,,
14.98333,15,,,,,,,,,,,,,,,,,,,
15,15,,,,,,,,,,,,,,,,,,,
15.01667,15,,,,,,,,,,,,,,,,,,,
15.03333,15,,,,,,,,,,,,,,,,,,,
15.05,15,,,,,,,,,,,,,,,,,,,
15.06667,15,,,,,,,,,,,,,,,,,,,
15.08333,15,,,,,,,,,,,,,,,,,,,
15.1,15,,,,,,,,,,,,,,,,,,,
15.11667,15,,,,,,,,,,,,,,,,,,,
15.13333,15,,,,,,,,,,,,,,,,,,,
15.15,15,,,,,,,,,,,,,,,,,,,
15.16667,15,,,,,,,,,,,,,,,,,,,
15.18333,15,,,,,,,,,,,,,,,,,,,
15.2,15,,,,,,,,,,,,,,,,,,,
15.21667,15,,,,,,,,,,,,,,,,,,,
15.23333,15,,,,,,,,,,,,,,,,,,,
15.25,15,,,,,,,,,,,,,,,,,,,
15.26667,15,,,,,,,,,,,,,,,,,,,
15.28333,15,,,,,,,,,,,,,,,,,,,
15.3,15,,,,,,,,,,,,,,,,,,,
15.31667,15,,,,,,,,,,,,,,,,,,,
15.33333,15,,,,,,,,,,,,,,,,,,,
15.35,15,,,,,,,,,,,,,,,,,,,
15.36667,15,,,,,,,,,,,,,,,,,,,
15.38333,15,,,,,,,,,,,,,,,,,,,
15.4,15,,,,,,,,,,,,,,,,,,,
15.41667,15,,,,,,,,,,,,,,,,,,,
15.43333,15,,,,,,,,,,,,,,,,,,,
15.45,15,,,,,,,,,,,,,,,,,,,
15.46667,15,,,,,,,,,,,,,,,,,,,
15.48333,15,,,,,,,,,,,,,,,,,,,
15.5,15,,,,,,,,,,,,,,,,,,,
15.51667,15,,,,,,,,,,,,,,,,,,,
15.53333,15,,,,,,,,,,,,,,,,,,,
15.55,15,,,,,,,,,,,,,,,,,,,
15.56667,15,,,,,,,,,,,,,,,,,,,
15.58333,15,,,,,,,,,,,,,,,,,,,
15.6,15,,,,,,,,,,,,,,,,,,,
15.61667,15,,,,,,,,,,,,,,,,,,,
15.63333,15,,,,,,,,,,,,,,,,,,,
15.65,15,,,,,,,,,,,,,,,,,,,
15.66667,15,,,,,,,,,,,,,,,,,,,
15.68333,15,,,,,,,,,,,,,,,,,,,
15.7,15,,,,,,,,,,,,,,,,,,,
15.71667,15,,,,,,,,,,,,,,,,,,,
15.73333,15,,,,,,,,,,,,,,,,,,,
15.75,15,,,,,,,,,,,,,,,,,,,
15.76667,15,,,,,,,,,,,,,,,,,,,
15.78333,15,,,,,,,,,,,,,,,,,,,
15.8,15,,,,,,,,,,,,,,,,,,,
15.81667,15,,,,,,,,,,,,,,,,,,,
15.83333,15,,,,,,,,,,,,,,,,,,,
15.85,15,,,,,,,,,,,,,,,,,,,
15.86667,15,,,,,,,,,,,,,,,,,,,
15.88333,15,,,,,,,,,,,,,,,,,,,
15.9,15,,,,,,,,,,,,,,,,,,,
15.91667,15,,,,,,,,,,,,,,,,,,,
15.93333,15,,,,,,,,,,,,,,,,,,,
15.95,15,,,,,,,,,,,,,,,,,,,
15.96667,15,,,,,,,,,,,,,,,,,,,
15.98333,15,,,,,,,,,,,,,,,,,,,
16,15,,,,,,,,,,,,,,,,,,,
16.01667,15,,,,,,,,,,,,,,,,,,,
16.03333,15,,,,,,,,,,,,,,,,,,,
16.05,15,,,,,,,,,,,,,,,,,,,
16.06667,15,,,,,,,,,,,,,,,,,,,
16.08333,15,,,,,,,,,,,,,,,,,,,
16.1,15,,,,,,,,,,,,,,,,,,,
16.11667,15,,,,,,,,,,,,,,,,,,,
16.13333,15,,,,,,,,,,,,,,,,,,,
16.15,15.1,,,,,,,,,,,,,,,,,,,
16.16667,15.1,,,,,,,,,,,,,,,,,,,
16.18333,15.1,,,,,,,,,,,,,,,,,,,
16.2,15.1,,,,,,,,,,,,,,,,,,,
16.21667,15.1,,,,,,,,,,,,,,,,,,,
16.23333,15.1,,,,,,,,,,,,,,,,,,,
16.25,15.1,,,,,,,,,,,,,,,,,,,
16.26667,15.1,,,,,,,,,,,,,,,,,,,
16.28333,15.1,,,,,,,,,,,,,,,,,,,
16.3,15.1,,,,,,,,,,,,,,,,,,,
16.31667,15,,,,,,,,,,,,,,,,,,,
16.33333,15,,,,,,,,,,,,,,,,,,,
16.35,15,,,,,,,,,,,,,,,,,,,
16.36667,15,,,,,,,,,,,,,,,,,,,
16.38333,15,,,,,,,,,,,,,,,,,,,
16.4,15,,,,,,,,,,,,,,,,,,,
16.41667,15,,,,,,,,,,,,,,,,,,,
16.43333,15,,,,,,,,,,,,,,,,,,,
16.45,15,,,,,,,,,,,,,,,,,,,
16.46667,15,,,,,,,,,,,,,,,,,,,
16.48333,15,,,,,,,,,,,,,,,,,,,
16.5,15,,,,,,,,,,,,,,,,,,,
16.51667,15,,,,,,,,,,,,,,,,,,,
16.53333,15,,,,,,,,,,,,,,,,,,,
16.55,15,,,,,,,,,,,,,,,,,,,
16.56667,15,,,,,,,,,,,,,,,,,,,
16.58333,15,,,,,,,,,,,,,,,,,,,
16.6,15,,,,,,,,,,,,,,,,,,,
16.61667,15,,,,,,,,,,,,,,,,,,,
16.63333,15,,,,,,,,,,,,,,,,,,,
16.65,15,,,,,,,,,,,,,,,,,,,
16.66667,15,,,,,,,,,,,,,,,,,,,
16.68333,15,,,,,,,,,,,,,,,,,,,
16.7,15,,,,,,,,,,,,,,,,,,,
16.71667,15,,,,,,,,,,,,,,,,,,,
16.73333,15,,,,,,,,,,,,,,,,,,,
16.75,15,,,,,,,,,,,,,,,,,,,
16.76667,15,,,,,,,,,,,,,,,,,,,
16.78333,15,,,,,,,,,,,,,,,,,,,
16.8,15,,,,,,,,,,,,,,,,,,,
16.81667,15,,,,,,,,,,,,,,,,,,,
16.83333,15,,,,,,,,,,,,,,,,,,,
16.85,15,,,,,,,,,,,,,,,,,,,
16.86667,15,,,,,,,,,,,,,,,,,,,
16.88333,15,,,,,,,,,,,,,,,,,,,
16.9,15,,,,,,,,,,,,,,,,,,,
16.91667,15,,,,,,,,,,,,,,,,,,,
16.93333,15,,,,,,,,,,,,,,,,,,,
16.95,15,,,,,,,,,,,,,,,,,,,
16.96667,15,,,,,,,,,,,,,,,,,,,
16.98333,15,,,,,,,,,,,,,,,,,,,
17,15,,,,,,,,,,,,,,,,,,,
17.01667,15,,,,,,,,,,,,,,,,,,,
17.03333,15,,,,,,,,,,,,,,,,,,,
17.05,15,,,,,,,,,,,,,,,,,,,
17.06667,15,,,,,,,,,,,,,,,,,,,
17.08333,15,,,,,,,,,,,,,,,,,,,
17.1,15,,,,,,,,,,,,,,,,,,,
17.11667,15,,,,,,,,,,,,,,,,,,,
17.13333,15,,,,,,,,,,,,,,,,,,,
17.15,15,,,,,,,,,,,,,,,,,,,
17.16667,15,,,,,,,,,,,,,,,,,,,
17.18333,15,,,,,,,,,,,,,,,,,,,
17.2,15,,,,,,,,,,,,,,,,,,,
17.21667,15,,,,,,,,,,,,,,,,,,,
17.23333,15,,,,,,,,,,,,,,,,,,,
17.25,15,,,,,,,,,,,,,,,,,,,
17.26667,15,,,,,,,,,,,,,,,,,,,
17.28333,15,,,,,,,,,,,,,,,,,,,
17.3,15,,,,,,,,,,,,,,,,,,,
17.31667,15,,,,,,,,,,,,,,,,,,,
17.33333,15,,,,,,,,,,,,,,,,,,,
17.35,15,,,,,,,,,,,,,,,,,,,
17.36667,15,,,,,,,,,,,,,,,,,,,
17.38333,15,,,,,,,,,,,,,,,,,,,
17.4,15,,,,,,,,,,,,,,,,,,,
17.41667,15,,,,,,,,,,,,,,,,,,,
17.43333,15,,,,,,,,,,,,,,,,,,,
17.45,15,,,,,,,,,,,,,,,,,,,
17.46667,15,,,,,,,,,,,,,,,,,,,
17.48333,15,,,,,,,,,,,,,,,,,,,
17.5,15,,,,,,,,,,,,,,,,,,,
17.51667,15,,,,,,,,,,,,,,,,,,,
17.53333,15,,,,,,,,,,,,,,,,,,,
17.55,15,,,,,,,,,,,,,,,,,,,
17.56667,15,,,,,,,,,,,,,,,,,,,
17.58333,15,,,,,,,,,,,,,,,,,,,
17.6,15,,,,,,,,,,,,,,,,,,,
17.61667,15,,,,,,,,,,,,,,,,,,,
17.63333,15,,,,,,,,,,,,,,,,,,,
17.65,15,,,,,,,,,,,,,,,,,,,
17.66667,15,,,,,,,,,,,,,,,,,,,
17.68333,15,,,,,,,,,,,,,,,,,,,
17.7,15,,,,,,,,,,,,,,,,,,,
17.71667,15,,,,,,,,,,,,,,,,,,,
17.73333,15,,,,,,,,,,,,,,,,,,,
17.75,15,,,,,,,,,,,,,,,,,,,
17.76667,15,,,,,,,,,,,,,,,,,,,
17.78333,15,,,,,,,,,,,,,,,,,,,
17.8,15,,,,,,,,,,,,,,,,,,,
17.81667,15,,,,,,,,,,,,,,,,,,,
17.83333,15,,,,,,,,,,,,,,,,,,,
17.85,15,,,,,,,,,,,,,,,,,,,
17.86667,15,,,,,,,,,,,,,,,,,,,
17.88333,15,,,,,,,,,,,,,,,,,,,
17.9,15,,,,,,,,,,,,,,,,,,,
17.91667,15,,,,,,,,,,,,,,,,,,,
17.93333,15,,,,,,,,,,,,,,,,,,,
17.95,15,,,,,,,,,,,,,,,,,,,
17.96667,15,,,,,,,,,,,,,,,,,,,
17.98333,15,,,,,,,,,,,,,,,,,,,
18,15,,,,,,,,,,,,,,,,,,,
18.01667,15,,,,,,,,,,,,,,,,,,,
18.03333,15,,,,,,,,,,,,,,,,,,,
18.05,15,,,,,,,,,,,,,,,,,,,
18.06667,15,,,,,,,,,,,,,,,,,,,
18.08333,15,,,,,,,,,,,,,,,,,,,
18.1,15,,,,,,,,,,,,,,,,,,,
18.11667,15,,,,,,,,,,,,,,,,,,,
18.13333,15,,,,,,,,,,,,,,,,,,,
18.15,15,,,,,,,,,,,,,,,,,,,
18.16667,15,,,,,,,,,,,,,,,,,,,
18.18333,15,,,,,,,,,,,,,,,,,,,
18.2,15,,,,,,,,,,,,,,,,,,,
18.21667,15,,,,,,,,,,,,,,,,,,,
18.23333,15,,,,,,,,,,,,,,,,,,,
18.25,15,,,,,,,,,,,,,,,,,,,
18.26667,15,,,,,,,,,,,,,,,,,,,
18.28333,15,,,,,,,,,,,,,,,,,,,
18.3,15,,,,,,,,,,,,,,,,,,,
18.31667,15,,,,,,,,,,,,,,,,,,,
18.33333,15,,,,,,,,,,,,,,,,,,,
18.35,15,,,,,,,,,,,,,,,,,,,
18.36667,15,,,,,,,,,,,,,,,,,,,
18.38333,15,,,,,,,,,,,,,,,,,,,
18.4,15,,,,,,,,,,,,,,,,,,,
18.41667,15,,,,,,,,,,,,,,,,,,,
18.43333,15,,,,,,,,,,,,,,,,,,,
18.45,15,,,,,,,,,,,,,,,,,,,
18.46667,15,,,,,,,,,,,,,,,,,,,
18.48333,15,,,,,,,,,,,,,,,,,,,
18.5,15,,,,,,,,,,,,,,,,,,,
18.51667,15,,,,,,,,,,,,,,,,,,,
18.53333,15,,,,,,,,,,,,,,,,,,,
18.55,15,,,,,,,,,,,,,,,,,,,
18.56667,15,,,,,,,,,,,,,,,,,,,
18.58333,15,,,,,,,,,,,,,,,,,,,
18.6,15,,,,,,,,,,,,,,,,,,,
18.61667,15,,,,,,,,,,,,,,,,,,,
18.63333,15,,,,,,,,,,,,,,,,,,,
18.65,15,,,,,,,,,,,,,,,,,,,
18.66667,15,,,,,,,,,,,,,,,,,,,
18.68333,15,,,,,,,,,,,,,,,,,,,
18.7,15,,,,,,,,,,,,,,,,,,,
18.71667,15,,,,,,,,,,,,,,,,,,,
18.73333,15,,,,,,,,,,,,,,,,,,,
18.75,15,,,,,,,,,,,,,,,,,,,
18.76667,15,,,,,,,,,,,,,,,,,,,
18.78333,15,,,,,,,,,,,,,,,,,,,
18.8,15,,,,,,,,,,,,,,,,,,,
18.81667,15,,,,,,,,,,,,,,,,,,,
18.83333,15,,,,,,,,,,,,,,,,,,,
18.85,15,,,,,,,,,,,,,,,,,,,
18.86667,15,,,,,,,,,,,,,,,,,,,
18.88333,15,,,,,,,,,,,,,,,,,,,
18.9,15,,,,,,,,,,,,,,,,,,,
18.91667,15,,,,,,,,,,,,,,,,,,,
18.93333,15,,,,,,,,,,,,,,,,,,,
18.95,15,,,,,,,,,,,,,,,,,,,
18.96667,15,,,,,,,,,,,,,,,,,,,
18.98333,15,,,,,,,,,,,,,,,,,,,
19,15,,,,,,,,,,,,,,,,,,,
19.01667,15,,,,,,,,,,,,,,,,,,,
19.03333,15,,,,,,,,,,,,,,,,,,,
19.05,15,,,,,,,,,,,,,,,,,,,
19.06667,15,,,,,,,,,,,,,,,,,,,
19.08333,15,,,,,,,,,,,,,,,,,,,
19.1,15,,,,,,,,,,,,,,,,,,,
19.11667,15,,,,,,,,,,,,,,,,,,,
19.13333,15,,,,,,,,,,,,,,,,,,,
19.15,15,,,,,,,,,,,,,,,,,,,
19.16667,15,,,,,,,,,,,,,,,,,,,
19.18333,15,,,,,,,,,,,,,,,,,,,
19.2,15,,,,,,,,,,,,,,,,,,,
19.21667,15,,,,,,,,,,,,,,,,,,,
19.23333,15,,,,,,,,,,,,,,,,,,,
19.25,15,,,,,,,,,,,,,,,,,,,
19.26667,15,,,,,,,,,,,,,,,,,,,
19.28333,15,,,,,,,,,,,,,,,,,,,
19.3,15,,,,,,,,,,,,,,,,,,,
19.31667,15,,,,,,,,,,,,,,,,,,,
19.33333,15,,,,,,,,,,,,,,,,,,,
19.35,15,,,,,,,,,,,,,,,,,,,
19.36667,15,,,,,,,,,,,,,,,,,,,
19.38333,15,,,,,,,,,,,,,,,,,,,
19.4,15,,,,,,,,,,,,,,,,,,,
19.41667,15,,,,,,,,,,,,,,,,,,,
19.43333,15,,,,,,,,,,,,,,,,,,,
19.45,15,,,,,,,,,,,,,,,,,,,
19.46667,15,,,,,,,,,,,,,,,,,,,
19.48333,15,,,,,,,,,,,,,,,,,,,
19.5,15,,,,,,,,,,,,,,,,,,,
19.51667,15,,,,,,,,,,,,,,,,,,,
19.53333,15,,,,,,,,,,,,,,,,,,,
19.55,15,,,,,,,,,,,,,,,,,,,
19.56667,15,,,,,,,,,,,,,,,,,,,
19.58333,15,,,,,,,,,,,,,,,,,,,
19.6,15,,,,,,,,,,,,,,,,,,,
19.61667,15,,,,,,,,,,,,,,,,,,,
19.63333,15,,,,,,,,,,,,,,,,,,,
19.65,15,,,,,,,,,,,,,,,,,,,
19.66667,15,,,,,,,,,,,,,,,,,,,
19.68333,15,,,,,,,,,,,,,,,,,,,
19.7,15,,,,,,,,,,,,,,,,,,,
19.71667,15,,,,,,,,,,,,,,,,,,,
19.73333,15,,,,,,,,,,,,,,,,,,,
19.75,15,,,,,,,,,,,,,,,,,,,
19.76667,15,,,,,,,,,,,,,,,,,,,
19.78333,15,,,,,,,,,,,,,,,,,,,
19.8,15,,,,,,,,,,,,,,,,,,,
19.81667,15,,,,,,,,,,,,,,,,,,,
19.83333,15,,,,,,,,,,,,,,,,,,,
19.85,15,,,,,,,,,,,,,,,,,,,
19.86667,15,,,,,,,,,,,,,,,,,,,
19.88333,15,,,,,,,,,,,,,,,,,,,
19.9,15,,,,,,,,,,,,,,,,,,,
19.91667,15,,,,,,,,,,,,,,,,,,,
19.93333,15,,,,,,,,,,,,,,,,,,,
19.95,15,,,,,,,,,,,,,,,,,,,
19.96667,15,,,,,,,,,,,,,,,,,,,
19.98333,15,,,,,,,,,,,,,,,,,,,
20,15,,,,,,,,,,,,,,,,,,,
20.01667,15,,,,,,,,,,,,,,,,,,,
20.03333,15,,,,,,,,,,,,,,,,,,,
20.05,15,,,,,,,,,,,,,,,,,,,
20.06667,15,,,,,,,,,,,,,,,,,,,
20.08333,15,,,,,,,,,,,,,,,,,,,
20.1,15,,,,,,,,,,,,,,,,,,,
20.11667,15,,,,,,,,,,,,,,,,,,,
20.13333,15,,,,,,,,,,,,,,,,,,,
20.15,15,,,,,,,,,,,,,,,,,,,
20.16667,15,,,,,,,,,,,,,,,,,,,
20.18333,15,,,,,,,,,,,,,,,,,,,
20.2,15,,,,,,,,,,,,,,,,,,,
20.21667,15,,,,,,,,,,,,,,,,,,,
20.23333,15,,,,,,,,,,,,,,,,,,,
20.25,15,,,,,,,,,,,,,,,,,,,
20.26667,15,,,,,,,,,,,,,,,,,,,
20.28333,15,,,,,,,,,,,,,,,,,,,
20.3,15,,,,,,,,,,,,,,,,,,,
20.31667,15,,,,,,,,,,,,,,,,,,,
20.33333,15,,,,,,,,,,,,,,,,,,,
20.35,15,,,,,,,,,,,,,,,,,,,
20.36667,15,,,,,,,,,,,,,,,,,,,
20.38333,15,,,,,,,,,,,,,,,,,,,
20.4,15,,,,,,,,,,,,,,,,,,,
20.41667,15,,,,,,,,,,,,,,,,,,,
20.43333,15,,,,,,,,,,,,,,,,,,,
20.45,15,,,,,,,,,,,,,,,,,,,
20.46667,15,,,,,,,,,,,,,,,,,,,
20.48333,15,,,,,,,,,,,,,,,,,,,
20.5,15,,,,,,,,,,,,,,,,,,,
20.51667,15,,,,,,,,,,,,,,,,,,,
20.53333,15,,,,,,,,,,,,,,,,,,,
20.55,15,,,,,,,,,,,,,,,,,,,
20.56667,15,,,,,,,,,,,,,,,,,,,
20.58333,15,,,,,,,,,,,,,,,,,,,
20.6,15,,,,,,,,,,,,,,,,,,,
20.61667,15,,,,,,,,,,,,,,,,,,,
20.63333,15,,,,,,,,,,,,,,,,,,,
20.65,15,,,,,,,,,,,,,,,,,,,
20.66667,15,,,,,,,,,,,,,,,,,,,
20.68333,15,,,,,,,,,,,,,,,,,,,
20.7,15,,,,,,,,,,,,,,,,,,,
20.71667,15,,,,,,,,,,,,,,,,,,,
20.73333,15,,,,,,,,,,,,,,,,,,,
20.75,15,,,,,,,,,,,,,,,,,,,
20.76667,15,,,,,,,,,,,,,,,,,,,
20.78333,15,,,,,,,,,,,,,,,,,,,
20.8,15,,,,,,,,,,,,,,,,,,,
20.81667,15,,,,,,,,,,,,,,,,,,,
20.83333,15,,,,,,,,,,,,,,,,,,,
20.85,15,,,,,,,,,,,,,,,,,,,
20.86667,15,,,,,,,,,,,,,,,,,,,
20.88333,15,,,,,,,,,,,,,,,,,,,
20.9,15,,,,,,,,,,,,,,,,,,,
20.91667,15,,,,,,,,,,,,,,,,,,,
20.93333,15,,,,,,,,,,,,,,,,,,,
20.95,15,,,,,,,,,,,,,,,,,,,
20.96667,15,,,,,,,,,,,,,,,,,,,
20.98333,15,,,,,,,,,,,,,,,,,,,
21,15,,,,,,,,,,,,,,,,,,,
21.01667,15,,,,,,,,,,,,,,,,,,,
21.03333,15,,,,,,,,,,,,,,,,,,,
21.05,15,,,,,,,,,,,,,,,,,,,
21.06667,15,,,,,,,,,,,,,,,,,,,
21.08333,15,,,,,,,,,,,,,,,,,,,
21.1,15,,,,,,,,,,,,,,,,,,,
21.11667,15,,,,,,,,,,,,,,,,,,,
21.13333,15,,,,,,,,,,,,,,,,,,,
21.15,15,,,,,,,,,,,,,,,,,,,
21.16667,15,,,,,,,,,,,,,,,,,,,
21.18333,15,,,,,,,,,,,,,,,,,,,
21.2,15,,,,,,,,,,,,,,,,,,,
21.21667,15,,,,,,,,,,,,,,,,,,,
21.23333,15,,,,,,,,,,,,,,,,,,,
21.25,15,,,,,,,,,,,,,,,,,,,
21.26667,15,,,,,,,,,,,,,,,,,,,
21.28333,15,,,,,,,,,,,,,,,,,,,
21.3,15,,,,,,,,,,,,,,,,,,,
21.31667,15,,,,,,,,,,,,,,,,,,,
21.33333,15,,,,,,,,,,,,,,,,,,,
21.35,15,,,,,,,,,,,,,,,,,,,
21.36667,15,,,,,,,,,,,,,,,,,,,
21.38333,15,,,,,,,,,,,,,,,,,,,
21.4,15,,,,,,,,,,,,,,,,,,,
21.41667,15,,,,,,,,,,,,,,,,,,,
21.43333,15,,,,,,,,,,,,,,,,,,,
21.45,15,,,,,,,,,,,,,,,,,,,
21.46667,15,,,,,,,,,,,,,,,,,,,
21.48333,15,,,,,,,,,,,,,,,,,,,
21.5,15,,,,,,,,,,,,,,,,,,,
21.51667,15,,,,,,,,,,,,,,,,,,,
21.53333,15,,,,,,,,,,,,,,,,,,,
21.55,15,,,,,,,,,,,,,,,,,,,
21.56667,15,,,,,,,,,,,,,,,,,,,
21.58333,15,,,,,,,,,,,,,,,,,,,
21.6,15,,,,,,,,,,,,,,,,,,,
21.61667,15,,,,,,,,,,,,,,,,,,,
21.63333,15,,,,,,,,,,,,,,,,,,,
21.65,15,,,,,,,,,,,,,,,,,,,
21.66667,15,,,,,,,,,,,,,,,,,,,
21.68333,15,,,,,,,,,,,,,,,,,,,
21.7,15,,,,,,,,,,,,,,,,,,,
21.71667,15,,,,,,,,,,,,,,,,,,,
21.73333,15,,,,,,,,,,,,,,,,,,,
21.75,15,,,,,,,,,,,,,,,,,,,
21.76667,15,,,,,,,,,,,,,,,,,,,
21.78333,15,,,,,,,,,,,,,,,,,,,
21.8,15,,,,,,,,,,,,,,,,,,,
21.81667,15,,,,,,,,,,,,,,,,,,,
21.83333,15,,,,,,,,,,,,,,,,,,,
21.85,15,,,,,,,,,,,,,,,,,,,
21.86667,15,,,,,,,,,,,,,,,,,,,
21.88333,15,,,,,,,,,,,,,,,,,,,
21.9,15,,,,,,,,,,,,,,,,,,,
21.91667,15,,,,,,,,,,,,,,,,,,,
21.93333,15,,,,,,,,,,,,,,,,,,,
21.95,15,,,,,,,,,,,,,,,,,,,
21.96667,15,,,,,,,,,,,,,,,,,,,
21.98333,15,,,,,,,,,,,,,,,,,,,
22,15,,,,,,,,,,,,,,,,,,,
22.01667,15,,,,,,,,,,,,,,,,,,,
22.03333,15,,,,,,,,,,,,,,,,,,,
22.05,15,,,,,,,,,,,,,,,,,,,
22.06667,15,,,,,,,,,,,,,,,,,,,
22.08333,15,,,,,,,,,,,,,,,,,,,
22.1,15,,,,,,,,,,,,,,,,,,,
22.11667,15,,,,,,,,,,,,,,,,,,,
22.13333,15,,,,,,,,,,,,,,,,,,,
22.15,15,,,,,,,,,,,,,,,,,,,
22.16667,15,,,,,,,,,,,,,,,,,,,
22.18333,15,,,,,,,,,,,,,,,,,,,
22.2,15,,,,,,,,,,,,,,,,,,,
22.21667,15,,,,,,,,,,,,,,,,,,,
22.23333,15,,,,,,,,,,,,,,,,,,,
22.25,15,,,,,,,,,,,,,,,,,,,
22.26667,15,,,,,,,,,,,,,,,,,,,
22.28333,15,,,,,,,,,,,,,,,,,,,
22.3,15,,,,,,,,,,,,,,,,,,,
22.31667,15,,,,,,,,,,,,,,,,,,,
22.33333,15,,,,,,,,,,,,,,,,,,,
22.35,15,,,,,,,,,,,,,,,,,,,
22.36667,15,,,,,,,,,,,,,,,,,,,
22.38333,15,,,,,,,,,,,,,,,,,,,
22.4,15,,,,,,,,,,,,,,,,,,,
22.41667,15,,,,,,,,,,,,,,,,,,,
22.43333,15,,,,,,,,,,,,,,,,,,,
22.45,15,,,,,,,,,,,,,,,,,,,
22.46667,15,,,,,,,,,,,,,,,,,,,
22.48333,15,,,,,,,,,,,,,,,,,,,
22.5,15,,,,,,,,,,,,,,,,,,,
22.51667,15,,,,,,,,,,,,,,,,,,,
22.53333,15,,,,,,,,,,,,,,,,,,,
22.55,15,,,,,,,,,,,,,,,,,,,
22.56667,15,,,,,,,,,,,,,,,,,,,
22.58333,15,,,,,,,,,,,,,,,,,,,
22.6,15,,,,,,,,,,,,,,,,,,,
22.61667,15,,,,,,,,,,,,,,,,,,,
22.63333,15,,,,,,,,,,,,,,,,,,,
22.65,15,,,,,,,,,,,,,,,,,,,
22.66667,15,,,,,,,,,,,,,,,,,,,
22.68333,15,,,,,,,,,,,,,,,,,,,
22.7,15,,,,,,,,,,,,,,,,,,,
22.71667,15,,,,,,,,,,,,,,,,,,,
22.73333,15,,,,,,,,,,,,,,,,,,,
22.75,15,,,,,,,,,,,,,,,,,,,
22.76667,15,,,,,,,,,,,,,,,,,,,
22.78333,15,,,,,,,,,,,,,,,,,,,
22.8,15,,,,,,,,,,,,,,,,,,,
22.81667,15,,,,,,,,,,,,,,,,,,,
22.83333,15,,,,,,,,,,,,,,,,,,,
22.85,15,,,,,,,,,,,,,,,,,,,
22.86667,15,,,,,,,,,,,,,,,,,,,
22.88333,15,,,,,,,,,,,,,,,,,,,
22.9,15,,,,,,,,,,,,,,,,,,,
22.91667,15,,,,,,,,,,,,,,,,,,,
22.93333,15,,,,,,,,,,,,,,,,,,,
22.95,15,,,,,,,,,,,,,,,,,,,
22.96667,15,,,,,,,,,,,,,,,,,,,
22.98333,15,,,,,,,,,,,,,,,,,,,
23,15,,,,,,,,,,,,,,,,,,,
23.01667,15,,,,,,,,,,,,,,,,,,,
23.03333,15,,,,,,,,,,,,,,,,,,,
23.05,15,,,,,,,,,,,,,,,,,,,
23.06667,15,,,,,,,,,,,,,,,,,,,
23.08333,15,,,,,,,,,,,,,,,,,,,
23.1,15,,,,,,,,,,,,,,,,,,,
23.11667,15,,,,,,,,,,,,,,,,,,,
23.13333,15,,,,,,,,,,,,,,,,,,,
23.15,15,,,,,,,,,,,,,,,,,,,
23.16667,15,,,,,,,,,,,,,,,,,,,
23.18333,15,,,,,,,,,,,,,,,,,,,
23.2,15,,,,,,,,,,,,,,,,,,,
23.21667,15,,,,,,,,,,,,,,,,,,,
23.23333,15,,,,,,,,,,,,,,,,,,,
23.25,15,,,,,,,,,,,,,,,,,,,
23.26667,15,,,,,,,,,,,,,,,,,,,
23.28333,15,,,,,,,,,,,,,,,,,,,
23.3,15,,,,,,,,,,,,,,,,,,,
23.31667,15,,,,,,,,,,,,,,,,,,,
23.33333,15,,,,,,,,,,,,,,,,,,,
23.35,15,,,,,,,,,,,,,,,,,,,
23.36667,15,,,,,,,,,,,,,,,,,,,
23.38333,15,,,,,,,,,,,,,,,,,,,
23.4,15,,,,,,,,,,,,,,,,,,,
23.41667,15,,,,,,,,,,,,,,,,,,,
23.43333,15,,,,,,,,,,,,,,,,,,,
23.45,15,,,,,,,,,,,,,,,,,,,
23.46667,15,,,,,,,,,,,,,,,,,,,
23.48333,15,,,,,,,,,,,,,,,,,,,
23.5,15,,,,,,,,,,,,,,,,,,,
23.51667,15,,,,,,,,,,,,,,,,,,,
23.53333,15,,,,,,,,,,,,,,,,,,,
23.55,15,,,,,,,,,,,,,,,,,,,
23.56667,15,,,,,,,,,,,,,,,,,,,
23.58333,15,,,,,,,,,,,,,,,,,,,
23.6,15,,,,,,,,,,,,,,,,,,,
23.61667,15,,,,,,,,,,,,,,,,,,,
23.63333,15,,,,,,,,,,,,,,,,,,,
23.65,15,,,,,,,,,,,,,,,,,,,
23.66667,15,,,,,,,,,,,,,,,,,,,
23.68333,15,,,,,,,,,,,,,,,,,,,
23.7,15,,,,,,,,,,,,,,,,,,,
23.71667,15,,,,,,,,,,,,,,,,,,,
23.73333,15,,,,,,,,,,,,,,,,,,,
23.75,15,,,,,,,,,,,,,,,,,,,
23.76667,15,,,,,,,,,,,,,,,,,,,
23.78333,15,,,,,,,,,,,,,,,,,,,
23.8,15,,,,,,,,,,,,,,,,,,,
23.81667,15,,,,,,,,,,,,,,,,,,,
23.83333,15,,,,,,,,,,,,,,,,,,,
23.85,15,,,,,,,,,,,,,,,,,,,
23.86667,15,,,,,,,,,,,,,,,,,,,
23.88333,15,,,,,,,,,,,,,,,,,,,
23.9,15,,,,,,,,,,,,,,,,,,,
23.91667,15,,,,,,,,,,,,,,,,,,,
23.93333,15,,,,,,,,,,,,,,,,,,,
23.95,15,,,,,,,,,,,,,,,,,,,
23.96667,15,,,,,,,,,,,,,,,,,,,
23.98333,15,,,,,,,,,,,,,,,,,,,
24,15,,,,,,,,,,,,,,,,,,,
24.01667,15,,,,,,,,,,,,,,,,,,,
24.03333,15,,,,,,,,,,,,,,,,,,,
24.05,15,,,,,,,,,,,,,,,,,,,
24.06667,15,,,,,,,,,,,,,,,,,,,
24.08333,15,,,,,,,,,,,,,,,,,,,
24.1,15,,,,,,,,,,,,,,,,,,,
24.11667,15,,,,,,,,,,,,,,,,,,,
24.13333,15,,,,,,,,,,,,,,,,,,,
24.15,15,,,,,,,,,,,,,,,,,,,
24.16667,15,,,,,,,,,,,,,,,,,,,
24.18333,15,,,,,,,,,,,,,,,,,,,
24.2,15,,,,,,,,,,,,,,,,,,,
24.21667,15,,,,,,,,,,,,,,,,,,,
24.23333,15,,,,,,,,,,,,,,,,,,,
24.25,15,,,,,,,,,,,,,,,,,,,
24.26667,15,,,,,,,,,,,,,,,,,,,
24.28333,15,,,,,,,,,,,,,,,,,,,
24.3,15,,,,,,,,,,,,,,,,,,,
24.31667,15,,,,,,,,,,,,,,,,,,,
24.33333,15,,,,,,,,,,,,,,,,,,,
24.35,15,,,,,,,,,,,,,,,,,,,
24.36667,15,,,,,,,,,,,,,,,,,,,
24.38333,15,,,,,,,,,,,,,,,,,,,
24.4,15,,,,,,,,,,,,,,,,,,,
24.41667,15,,,,,,,,,,,,,,,,,,,
24.43333,15,,,,,,,,,,,,,,,,,,,
24.45,15,,,,,,,,,,,,,,,,,,,
24.46667,15,,,,,,,,,,,,,,,,,,,
24.48333,15,,,,,,,,,,,,,,,,,,,
24.5,15,,,,,,,,,,,,,,,,,,,
24.51667,15,,,,,,,,,,,,,,,,,,,
24.53333,15,,,,,,,,,,,,,,,,,,,
24.55,15,,,,,,,,,,,,,,,,,,,
24.56667,15,,,,,,,,,,,,,,,,,,,
24.58333,15,,,,,,,,,,,,,,,,,,,
24.6,15,,,,,,,,,,,,,,,,,,,
24.61667,15,,,,,,,,,,,,,,,,,,,
24.63333,15,,,,,,,,,,,,,,,,,,,
24.65,15,,,,,,,,,,,,,,,,,,,
24.66667,15,,,,,,,,,,,,,,,,,,,
24.68333,15,,,,,,,,,,,,,,,,,,,
24.7,15,,,,,,,,,,,,,,,,,,,
24.71667,15,,,,,,,,,,,,,,,,,,,
24.73333,15,,,,,,,,,,,,,,,,,,,
24.75,15,,,,,,,,,,,,,,,,,,,
24.76667,15,,,,,,,,,,,,,,,,,,,
24.78333,15,,,,,,,,,,,,,,,,,,,
24.8,15,,,,,,,,,,,,,,,,,,,
24.81667,15,,,,,,,,,,,,,,,,,,,
24.83333,15,,,,,,,,,,,,,,,,,,,
24.85,15,,,,,,,,,,,,,,,,,,,
24.86667,15,,,,,,,,,,,,,,,,,,,
24.88333,15,,,,,,,,,,,,,,,,,,,
24.9,15,,,,,,,,,,,,,,,,,,,
24.91667,15,,,,,,,,,,,,,,,,,,,
24.93333,15,,,,,,,,,,,,,,,,,,,
24.95,15,,,,,,,,,,,,,,,,,,,
24.96667,15,,,,,,,,,,,,,,,,,,,
24.98333,15,,,,,,,,,,,,,,,,,,,
25,15,,,,,,,,,,,,,,,,,,,
25.01667,15,,,,,,,,,,,,,,,,,,,
25.03333,15,,,,,,,,,,,,,,,,,,,
25.05,15,,,,,,,,,,,,,,,,,,,
25.06667,15,,,,,,,,,,,,,,,,,,,
25.08333,15,,,,,,,,,,,,,,,,,,,
25.1,15,,,,,,,,,,,,,,,,,,,
25.11667,15,,,,,,,,,,,,,,,,,,,
25.13333,15,,,,,,,,,,,,,,,,,,,
25.15,15,,,,,,,,,,,,,,,,,,,
25.16667,15,,,,,,,,,,,,,,,,,,,
25.18333,15,,,,,,,,,,,,,,,,,,,
25.2,15,,,,,,,,,,,,,,,,,,,
25.21667,15,,,,,,,,,,,,,,,,,,,
25.23333,15,,,,,,,,,,,,,,,,,,,
25.25,15,,,,,,,,,,,,,,,,,,,
25.26667,15,,,,,,,,,,,,,,,,,,,
25.28333,15,,,,,,,,,,,,,,,,,,,
25.3,15,,,,,,,,,,,,,,,,,,,
25.31667,15,,,,,,,,,,,,,,,,,,,
25.33333,15,,,,,,,,,,,,,,,,,,,
25.35,15,,,,,,,,,,,,,,,,,,,
25.36667,15,,,,,,,,,,,,,,,,,,,
25.38333,15,,,,,,,,,,,,,,,,,,,
25.4,15,,,,,,,,,,,,,,,,,,,
25.41667,15,,,,,,,,,,,,,,,,,,,
25.43333,15,,,,,,,,,,,,,,,,,,,
,,,,,,,,,,,,,,,,,,,,
[LC Status Trace(Oven Temp.)],,,,,,,,,,,,,,,,,,,,
Interval(msec),1000,,,,,,,,,,,,,,,,,,,
# of Points,1527,,,,,,,,,,,,,,,,,,,
Start Time(min),0,,,,,,,,,,,,,,,,,,,
End Time(min),25.433,,,,,,,,,,,,,,,,,,,
Intensity Units,C,,,,,,,,,,,,,,,,,,,
Intensity Multiplier,1,,,,,,,,,,,,,,,,,,,
R.Time (min),Intensity,,,,,,,,,,,,,,,,,,,
0,27.67,,,,,,,,,,,,,,,,,,,
0.01667,27.67,,,,,,,,,,,,,,,,,,,
0.03333,27.67,,,,,,,,,,,,,,,,,,,
0.05,27.72,,,,,,,,,,,,,,,,,,,
0.06667,27.72,,,,,,,,,,,,,,,,,,,
0.08333,27.79,,,,,,,,,,,,,,,,,,,
0.1,27.79,,,,,,,,,,,,,,,,,,,
0.11667,27.84,,,,,,,,,,,,,,,,,,,
0.13333,27.84,,,,,,,,,,,,,,,,,,,
0.15,27.88,,,,,,,,,,,,,,,,,,,
0.16667,27.88,,,,,,,,,,,,,,,,,,,
0.18333,27.94,,,,,,,,,,,,,,,,,,,
0.2,27.94,,,,,,,,,,,,,,,,,,,
0.21667,27.97,,,,,,,,,,,,,,,,,,,
0.23333,27.97,,,,,,,,,,,,,,,,,,,
0.25,28.02,,,,,,,,,,,,,,,,,,,
0.26667,28.02,,,,,,,,,,,,,,,,,,,
0.28333,28.07,,,,,,,,,,,,,,,,,,,
0.3,28.07,,,,,,,,,,,,,,,,,,,
0.31667,28.1,,,,,,,,,,,,,,,,,,,
0.33333,28.1,,,,,,,,,,,,,,,,,,,
0.35,28.14,,,,,,,,,,,,,,,,,,,
0.36667,28.14,,,,,,,,,,,,,,,,,,,
0.38333,28.17,,,,,,,,,,,,,,,,,,,
0.4,28.17,,,,,,,,,,,,,,,,,,,
0.41667,28.2,,,,,,,,,,,,,,,,,,,
0.43333,28.2,,,,,,,,,,,,,,,,,,,
0.45,28.24,,,,,,,,,,,,,,,,,,,
0.46667,28.24,,,,,,,,,,,,,,,,,,,
0.48333,28.27,,,,,,,,,,,,,,,,,,,
0.5,28.27,,,,,,,,,,,,,,,,,,,
0.51667,28.29,,,,,,,,,,,,,,,,,,,
0.53333,28.29,,,,,,,,,,,,,,,,,,,
0.55,28.33,,,,,,,,,,,,,,,,,,,
0.56667,28.33,,,,,,,,,,,,,,,,,,,
0.58333,28.35,,,,,,,,,,,,,,,,,,,
0.6,28.35,,,,,,,,,,,,,,,,,,,
0.61667,28.37,,,,,,,,,,,,,,,,,,,
0.63333,28.37,,,,,,,,,,,,,,,,,,,
0.65,28.4,,,,,,,,,,,,,,,,,,,
0.66667,28.4,,,,,,,,,,,,,,,,,,,
0.68333,28.42,,,,,,,,,,,,,,,,,,,
0.7,28.42,,,,,,,,,,,,,,,,,,,
0.71667,28.44,,,,,,,,,,,,,,,,,,,
0.73333,28.44,,,,,,,,,,,,,,,,,,,
0.75,28.47,,,,,,,,,,,,,,,,,,,
0.76667,28.47,,,,,,,,,,,,,,,,,,,
0.78333,28.49,,,,,,,,,,,,,,,,,,,
0.8,28.49,,,,,,,,,,,,,,,,,,,
0.81667,28.5,,,,,,,,,,,,,,,,,,,
0.83333,28.5,,,,,,,,,,,,,,,,,,,
0.85,28.52,,,,,,,,,,,,,,,,,,,
0.86667,28.52,,,,,,,,,,,,,,,,,,,
0.88333,28.54,,,,,,,,,,,,,,,,,,,
0.9,28.54,,,,,,,,,,,,,,,,,,,
0.91667,28.56,,,,,,,,,,,,,,,,,,,
0.93333,28.56,,,,,,,,,,,,,,,,,,,
0.95,28.57,,,,,,,,,,,,,,,,,,,
0.96667,28.57,,,,,,,,,,,,,,,,,,,
0.98333,28.59,,,,,,,,,,,,,,,,,,,
1,28.59,,,,,,,,,,,,,,,,,,,
1.01667,28.61,,,,,,,,,,,,,,,,,,,
1.03333,28.61,,,,,,,,,,,,,,,,,,,
1.05,28.62,,,,,,,,,,,,,,,,,,,
1.06667,28.63,,,,,,,,,,,,,,,,,,,
1.08333,28.63,,,,,,,,,,,,,,,,,,,
1.1,28.65,,,,,,,,,,,,,,,,,,,
1.11667,28.65,,,,,,,,,,,,,,,,,,,
1.13333,28.65,,,,,,,,,,,,,,,,,,,
1.15,28.66,,,,,,,,,,,,,,,,,,,
1.16667,28.67,,,,,,,,,,,,,,,,,,,
1.18333,28.67,,,,,,,,,,,,,,,,,,,
1.2,28.68,,,,,,,,,,,,,,,,,,,
1.21667,28.68,,,,,,,,,,,,,,,,,,,
1.23333,28.68,,,,,,,,,,,,,,,,,,,
1.25,28.69,,,,,,,,,,,,,,,,,,,
1.26667,28.7,,,,,,,,,,,,,,,,,,,
1.28333,28.7,,,,,,,,,,,,,,,,,,,
1.3,28.71,,,,,,,,,,,,,,,,,,,
1.31667,28.71,,,,,,,,,,,,,,,,,,,
1.33333,28.71,,,,,,,,,,,,,,,,,,,
1.35,28.72,,,,,,,,,,,,,,,,,,,
1.36667,28.73,,,,,,,,,,,,,,,,,,,
1.38333,28.73,,,,,,,,,,,,,,,,,,,
1.4,28.74,,,,,,,,,,,,,,,,,,,
1.41667,28.74,,,,,,,,,,,,,,,,,,,
1.43333,28.75,,,,,,,,,,,,,,,,,,,
1.45,28.75,,,,,,,,,,,,,,,,,,,
1.46667,28.76,,,,,,,,,,,,,,,,,,,
1.48333,28.76,,,,,,,,,,,,,,,,,,,
1.5,28.77,,,,,,,,,,,,,,,,,,,
1.51667,28.77,,,,,,,,,,,,,,,,,,,
1.53333,28.77,,,,,,,,,,,,,,,,,,,
1.55,28.77,,,,,,,,,,,,,,,,,,,
1.56667,28.78,,,,,,,,,,,,,,,,,,,
1.58333,28.78,,,,,,,,,,,,,,,,,,,
1.6,28.79,,,,,,,,,,,,,,,,,,,
1.61667,28.79,,,,,,,,,,,,,,,,,,,
1.63333,28.8,,,,,,,,,,,,,,,,,,,
1.65,28.8,,,,,,,,,,,,,,,,,,,
1.66667,28.81,,,,,,,,,,,,,,,,,,,
1.68333,28.81,,,,,,,,,,,,,,,,,,,
1.7,28.81,,,,,,,,,,,,,,,,,,,
1.71667,28.81,,,,,,,,,,,,,,,,,,,
1.73333,28.82,,,,,,,,,,,,,,,,,,,
1.75,28.82,,,,,,,,,,,,,,,,,,,
1.76667,28.82,,,,,,,,,,,,,,,,,,,
1.78333,28.82,,,,,,,,,,,,,,,,,,,
1.8,28.83,,,,,,,,,,,,,,,,,,,
1.81667,28.83,,,,,,,,,,,,,,,,,,,
1.83333,28.83,,,,,,,,,,,,,,,,,,,
1.85,28.83,,,,,,,,,,,,,,,,,,,
1.86667,28.84,,,,,,,,,,,,,,,,,,,
1.88333,28.84,,,,,,,,,,,,,,,,,,,
1.9,28.84,,,,,,,,,,,,,,,,,,,
1.91667,28.84,,,,,,,,,,,,,,,,,,,
1.93333,28.85,,,,,,,,,,,,,,,,,,,
1.95,28.85,,,,,,,,,,,,,,,,,,,
1.96667,28.85,,,,,,,,,,,,,,,,,,,
1.98333,28.85,,,,,,,,,,,,,,,,,,,
2,28.86,,,,,,,,,,,,,,,,,,,
2.01667,28.86,,,,,,,,,,,,,,,,,,,
2.03333,28.86,,,,,,,,,,,,,,,,,,,
2.05,28.86,,,,,,,,,,,,,,,,,,,
2.06667,28.86,,,,,,,,,,,,,,,,,,,
2.08333,28.86,,,,,,,,,,,,,,,,,,,
2.1,28.87,,,,,,,,,,,,,,,,,,,
2.11667,28.87,,,,,,,,,,,,,,,,,,,
2.13333,28.87,,,,,,,,,,,,,,,,,,,
2.15,28.87,,,,,,,,,,,,,,,,,,,
2.16667,28.87,,,,,,,,,,,,,,,,,,,
2.18333,28.87,,,,,,,,,,,,,,,,,,,
2.2,28.88,,,,,,,,,,,,,,,,,,,
2.21667,28.88,,,,,,,,,,,,,,,,,,,
2.23333,28.88,,,,,,,,,,,,,,,,,,,
2.25,28.88,,,,,,,,,,,,,,,,,,,
2.26667,28.88,,,,,,,,,,,,,,,,,,,
2.28333,28.88,,,,,,,,,,,,,,,,,,,
2.3,28.88,,,,,,,,,,,,,,,,,,,
2.31667,28.89,,,,,,,,,,,,,,,,,,,
2.33333,28.89,,,,,,,,,,,,,,,,,,,
2.35,28.89,,,,,,,,,,,,,,,,,,,
2.36667,28.89,,,,,,,,,,,,,,,,,,,
2.38333,28.89,,,,,,,,,,,,,,,,,,,
2.4,28.89,,,,,,,,,,,,,,,,,,,
2.41667,28.89,,,,,,,,,,,,,,,,,,,
2.43333,28.89,,,,,,,,,,,,,,,,,,,
2.45,28.89,,,,,,,,,,,,,,,,,,,
2.46667,28.9,,,,,,,,,,,,,,,,,,,
2.48333,28.9,,,,,,,,,,,,,,,,,,,
2.5,28.9,,,,,,,,,,,,,,,,,,,
2.51667,28.9,,,,,,,,,,,,,,,,,,,
2.53333,28.9,,,,,,,,,,,,,,,,,,,
2.55,28.9,,,,,,,,,,,,,,,,,,,
2.56667,28.9,,,,,,,,,,,,,,,,,,,
2.58333,28.9,,,,,,,,,,,,,,,,,,,
2.6,28.9,,,,,,,,,,,,,,,,,,,
2.61667,28.9,,,,,,,,,,,,,,,,,,,
2.63333,28.9,,,,,,,,,,,,,,,,,,,
2.65,28.9,,,,,,,,,,,,,,,,,,,
2.66667,28.9,,,,,,,,,,,,,,,,,,,
2.68333,28.91,,,,,,,,,,,,,,,,,,,
2.7,28.91,,,,,,,,,,,,,,,,,,,
2.71667,28.91,,,,,,,,,,,,,,,,,,,
2.73333,28.91,,,,,,,,,,,,,,,,,,,
2.75,28.91,,,,,,,,,,,,,,,,,,,
2.76667,28.91,,,,,,,,,,,,,,,,,,,
2.78333,28.91,,,,,,,,,,,,,,,,,,,
2.8,28.91,,,,,,,,,,,,,,,,,,,
2.81667,28.91,,,,,,,,,,,,,,,,,,,
2.83333,28.91,,,,,,,,,,,,,,,,,,,
2.85,28.91,,,,,,,,,,,,,,,,,,,
2.86667,28.91,,,,,,,,,,,,,,,,,,,
2.88333,28.91,,,,,,,,,,,,,,,,,,,
2.9,28.91,,,,,,,,,,,,,,,,,,,
2.91667,28.91,,,,,,,,,,,,,,,,,,,
2.93333,28.91,,,,,,,,,,,,,,,,,,,
2.95,28.91,,,,,,,,,,,,,,,,,,,
2.96667,28.91,,,,,,,,,,,,,,,,,,,
2.98333,28.91,,,,,,,,,,,,,,,,,,,
3,28.91,,,,,,,,,,,,,,,,,,,
3.01667,28.91,,,,,,,,,,,,,,,,,,,
3.03333,28.91,,,,,,,,,,,,,,,,,,,
3.05,28.91,,,,,,,,,,,,,,,,,,,
3.06667,28.91,,,,,,,,,,,,,,,,,,,
3.08333,28.91,,,,,,,,,,,,,,,,,,,
3.1,28.91,,,,,,,,,,,,,,,,,,,
3.11667,28.91,,,,,,,,,,,,,,,,,,,
3.13333,28.91,,,,,,,,,,,,,,,,,,,
3.15,28.91,,,,,,,,,,,,,,,,,,,
3.16667,28.91,,,,,,,,,,,,,,,,,,,
3.18333,28.91,,,,,,,,,,,,,,,,,,,
3.2,28.91,,,,,,,,,,,,,,,,,,,
3.21667,28.91,,,,,,,,,,,,,,,,,,,
3.23333,28.91,,,,,,,,,,,,,,,,,,,
3.25,28.91,,,,,,,,,,,,,,,,,,,
3.26667,28.91,,,,,,,,,,,,,,,,,,,
3.28333,28.91,,,,,,,,,,,,,,,,,,,
3.3,28.91,,,,,,,,,,,,,,,,,,,
3.31667,28.91,,,,,,,,,,,,,,,,,,,
3.33333,28.91,,,,,,,,,,,,,,,,,,,
3.35,28.91,,,,,,,,,,,,,,,,,,,
3.36667,28.91,,,,,,,,,,,,,,,,,,,
3.38333,28.91,,,,,,,,,,,,,,,,,,,
3.4,28.91,,,,,,,,,,,,,,,,,,,
3.41667,28.91,,,,,,,,,,,,,,,,,,,
3.43333,28.91,,,,,,,,,,,,,,,,,,,
3.45,28.91,,,,,,,,,,,,,,,,,,,
3.46667,28.91,,,,,,,,,,,,,,,,,,,
3.48333,28.91,,,,,,,,,,,,,,,,,,,
3.5,28.91,,,,,,,,,,,,,,,,,,,
3.51667,28.91,,,,,,,,,,,,,,,,,,,
3.53333,28.91,,,,,,,,,,,,,,,,,,,
3.55,28.9,,,,,,,,,,,,,,,,,,,
3.56667,28.9,,,,,,,,,,,,,,,,,,,
3.58333,28.9,,,,,,,,,,,,,,,,,,,
3.6,28.9,,,,,,,,,,,,,,,,,,,
3.61667,28.9,,,,,,,,,,,,,,,,,,,
3.63333,28.9,,,,,,,,,,,,,,,,,,,
3.65,28.9,,,,,,,,,,,,,,,,,,,
3.66667,28.9,,,,,,,,,,,,,,,,,,,
3.68333,28.9,,,,,,,,,,,,,,,,,,,
3.7,28.9,,,,,,,,,,,,,,,,,,,
3.71667,28.9,,,,,,,,,,,,,,,,,,,
3.73333,28.9,,,,,,,,,,,,,,,,,,,
3.75,28.9,,,,,,,,,,,,,,,,,,,
3.76667,28.9,,,,,,,,,,,,,,,,,,,
3.78333,28.9,,,,,,,,,,,,,,,,,,,
3.8,28.89,,,,,,,,,,,,,,,,,,,
3.81667,28.89,,,,,,,,,,,,,,,,,,,
3.83333,28.89,,,,,,,,,,,,,,,,,,,
3.85,28.89,,,,,,,,,,,,,,,,,,,
3.86667,28.89,,,,,,,,,,,,,,,,,,,
3.88333,28.89,,,,,,,,,,,,,,,,,,,
3.9,28.89,,,,,,,,,,,,,,,,,,,
3.91667,28.89,,,,,,,,,,,,,,,,,,,
3.93333,28.89,,,,,,,,,,,,,,,,,,,
3.95,28.89,,,,,,,,,,,,,,,,,,,
3.96667,28.89,,,,,,,,,,,,,,,,,,,
3.98333,28.89,,,,,,,,,,,,,,,,,,,
4,28.88,,,,,,,,,,,,,,,,,,,
4.01667,28.88,,,,,,,,,,,,,,,,,,,
4.03333,28.88,,,,,,,,,,,,,,,,,,,
4.05,28.88,,,,,,,,,,,,,,,,,,,
4.06667,28.88,,,,,,,,,,,,,,,,,,,
4.08333,28.88,,,,,,,,,,,,,,,,,,,
4.1,28.88,,,,,,,,,,,,,,,,,,,
4.11667,28.88,,,,,,,,,,,,,,,,,,,
4.13333,28.88,,,,,,,,,,,,,,,,,,,
4.15,28.88,,,,,,,,,,,,,,,,,,,
4.16667,28.88,,,,,,,,,,,,,,,,,,,
4.18333,28.88,,,,,,,,,,,,,,,,,,,
4.2,28.87,,,,,,,,,,,,,,,,,,,
4.21667,28.87,,,,,,,,,,,,,,,,,,,
4.23333,28.87,,,,,,,,,,,,,,,,,,,
4.25,28.87,,,,,,,,,,,,,,,,,,,
4.26667,28.87,,,,,,,,,,,,,,,,,,,
4.28333,28.87,,,,,,,,,,,,,,,,,,,
4.3,28.87,,,,,,,,,,,,,,,,,,,
4.31667,28.87,,,,,,,,,,,,,,,,,,,
4.33333,28.87,,,,,,,,,,,,,,,,,,,
4.35,28.87,,,,,,,,,,,,,,,,,,,
4.36667,28.86,,,,,,,,,,,,,,,,,,,
4.38333,28.86,,,,,,,,,,,,,,,,,,,
4.4,28.86,,,,,,,,,,,,,,,,,,,
4.41667,28.86,,,,,,,,,,,,,,,,,,,
4.43333,28.86,,,,,,,,,,,,,,,,,,,
4.45,28.86,,,,,,,,,,,,,,,,,,,
4.46667,28.86,,,,,,,,,,,,,,,,,,,
4.48333,28.86,,,,,,,,,,,,,,,,,,,
4.5,28.86,,,,,,,,,,,,,,,,,,,
4.51667,28.86,,,,,,,,,,,,,,,,,,,
4.53333,28.86,,,,,,,,,,,,,,,,,,,
4.55,28.86,,,,,,,,,,,,,,,,,,,
4.56667,28.85,,,,,,,,,,,,,,,,,,,
4.58333,28.85,,,,,,,,,,,,,,,,,,,
4.6,28.85,,,,,,,,,,,,,,,,,,,
4.61667,28.85,,,,,,,,,,,,,,,,,,,
4.63333,28.85,,,,,,,,,,,,,,,,,,,
4.65,28.85,,,,,,,,,,,,,,,,,,,
4.66667,28.85,,,,,,,,,,,,,,,,,,,
4.68333,28.85,,,,,,,,,,,,,,,,,,,
4.7,28.84,,,,,,,,,,,,,,,,,,,
4.71667,28.84,,,,,,,,,,,,,,,,,,,
4.73333,28.84,,,,,,,,,,,,,,,,,,,
4.75,28.84,,,,,,,,,,,,,,,,,,,
4.76667,28.84,,,,,,,,,,,,,,,,,,,
4.78333,28.84,,,,,,,,,,,,,,,,,,,
4.8,28.84,,,,,,,,,,,,,,,,,,,
4.81667,28.84,,,,,,,,,,,,,,,,,,,
4.83333,28.83,,,,,,,,,,,,,,,,,,,
4.85,28.83,,,,,,,,,,,,,,,,,,,
4.86667,28.83,,,,,,,,,,,,,,,,,,,
4.88333,28.83,,,,,,,,,,,,,,,,,,,
4.9,28.83,,,,,,,,,,,,,,,,,,,
4.91667,28.83,,,,,,,,,,,,,,,,,,,
4.93333,28.83,,,,,,,,,,,,,,,,,,,
4.95,28.83,,,,,,,,,,,,,,,,,,,
4.96667,28.83,,,,,,,,,,,,,,,,,,,
4.98333,28.83,,,,,,,,,,,,,,,,,,,
5,28.82,,,,,,,,,,,,,,,,,,,
5.01667,28.82,,,,,,,,,,,,,,,,,,,
5.03333,28.82,,,,,,,,,,,,,,,,,,,
5.05,28.82,,,,,,,,,,,,,,,,,,,
5.06667,28.82,,,,,,,,,,,,,,,,,,,
5.08333,28.82,,,,,,,,,,,,,,,,,,,
5.1,28.82,,,,,,,,,,,,,,,,,,,
5.11667,28.81,,,,,,,,,,,,,,,,,,,
5.13333,28.81,,,,,,,,,,,,,,,,,,,
5.15,28.81,,,,,,,,,,,,,,,,,,,
5.16667,28.81,,,,,,,,,,,,,,,,,,,
5.18333,28.81,,,,,,,,,,,,,,,,,,,
5.2,28.81,,,,,,,,,,,,,,,,,,,
5.21667,28.81,,,,,,,,,,,,,,,,,,,
5.23333,28.81,,,,,,,,,,,,,,,,,,,
5.25,28.81,,,,,,,,,,,,,,,,,,,
5.26667,28.8,,,,,,,,,,,,,,,,,,,
5.28333,28.8,,,,,,,,,,,,,,,,,,,
5.3,28.8,,,,,,,,,,,,,,,,,,,
5.31667,28.8,,,,,,,,,,,,,,,,,,,
5.33333,28.8,,,,,,,,,,,,,,,,,,,
5.35,28.8,,,,,,,,,,,,,,,,,,,
5.36667,28.79,,,,,,,,,,,,,,,,,,,
5.38333,28.79,,,,,,,,,,,,,,,,,,,
5.4,28.79,,,,,,,,,,,,,,,,,,,
5.41667,28.79,,,,,,,,,,,,,,,,,,,
5.43333,28.79,,,,,,,,,,,,,,,,,,,
5.45,28.79,,,,,,,,,,,,,,,,,,,
5.46667,28.79,,,,,,,,,,,,,,,,,,,
5.48333,28.78,,,,,,,,,,,,,,,,,,,
5.5,28.78,,,,,,,,,,,,,,,,,,,
5.51667,28.78,,,,,,,,,,,,,,,,,,,
5.53333,28.78,,,,,,,,,,,,,,,,,,,
5.55,28.78,,,,,,,,,,,,,,,,,,,
5.56667,28.78,,,,,,,,,,,,,,,,,,,
5.58333,28.77,,,,,,,,,,,,,,,,,,,
5.6,28.77,,,,,,,,,,,,,,,,,,,
5.61667,28.77,,,,,,,,,,,,,,,,,,,
5.63333,28.77,,,,,,,,,,,,,,,,,,,
5.65,28.77,,,,,,,,,,,,,,,,,,,
5.66667,28.77,,,,,,,,,,,,,,,,,,,
5.68333,28.77,,,,,,,,,,,,,,,,,,,
5.7,28.77,,,,,,,,,,,,,,,,,,,
5.71667,28.76,,,,,,,,,,,,,,,,,,,
5.73333,28.76,,,,,,,,,,,,,,,,,,,
5.75,28.76,,,,,,,,,,,,,,,,,,,
5.76667,28.76,,,,,,,,,,,,,,,,,,,
5.78333,28.76,,,,,,,,,,,,,,,,,,,
5.8,28.76,,,,,,,,,,,,,,,,,,,
5.81667,28.75,,,,,,,,,,,,,,,,,,,
5.83333,28.75,,,,,,,,,,,,,,,,,,,
5.85,28.75,,,,,,,,,,,,,,,,,,,
5.86667,28.75,,,,,,,,,,,,,,,,,,,
5.88333,28.75,,,,,,,,,,,,,,,,,,,
5.9,28.75,,,,,,,,,,,,,,,,,,,
5.91667,28.75,,,,,,,,,,,,,,,,,,,
5.93333,28.75,,,,,,,,,,,,,,,,,,,
5.95,28.74,,,,,,,,,,,,,,,,,,,
5.96667,28.74,,,,,,,,,,,,,,,,,,,
5.98333,28.74,,,,,,,,,,,,,,,,,,,
6,28.74,,,,,,,,,,,,,,,,,,,
6.01667,28.74,,,,,,,,,,,,,,,,,,,
6.03333,28.74,,,,,,,,,,,,,,,,,,,
6.05,28.73,,,,,,,,,,,,,,,,,,,
6.06667,28.73,,,,,,,,,,,,,,,,,,,
6.08333,28.73,,,,,,,,,,,,,,,,,,,
6.1,28.73,,,,,,,,,,,,,,,,,,,
6.11667,28.73,,,,,,,,,,,,,,,,,,,
6.13333,28.73,,,,,,,,,,,,,,,,,,,
6.15,28.73,,,,,,,,,,,,,,,,,,,
6.16667,28.73,,,,,,,,,,,,,,,,,,,
6.18333,28.72,,,,,,,,,,,,,,,,,,,
6.2,28.72,,,,,,,,,,,,,,,,,,,
6.21667,28.72,,,,,,,,,,,,,,,,,,,
6.23333,28.72,,,,,,,,,,,,,,,,,,,
6.25,28.72,,,,,,,,,,,,,,,,,,,
6.26667,28.72,,,,,,,,,,,,,,,,,,,
6.28333,28.71,,,,,,,,,,,,,,,,,,,
6.3,28.71,,,,,,,,,,,,,,,,,,,
6.31667,28.71,,,,,,,,,,,,,,,,,,,
6.33333,28.71,,,,,,,,,,,,,,,,,,,
6.35,28.71,,,,,,,,,,,,,,,,,,,
6.36667,28.71,,,,,,,,,,,,,,,,,,,
6.38333,28.7,,,,,,,,,,,,,,,,,,,
6.4,28.7,,,,,,,,,,,,,,,,,,,
6.41667,28.7,,,,,,,,,,,,,,,,,,,
6.43333,28.7,,,,,,,,,,,,,,,,,,,
6.45,28.7,,,,,,,,,,,,,,,,,,,
6.46667,28.7,,,,,,,,,,,,,,,,,,,
6.48333,28.69,,,,,,,,,,,,,,,,,,,
6.5,28.69,,,,,,,,,,,,,,,,,,,
6.51667,28.69,,,,,,,,,,,,,,,,,,,
6.53333,28.69,,,,,,,,,,,,,,,,,,,
6.55,28.69,,,,,,,,,,,,,,,,,,,
6.56667,28.69,,,,,,,,,,,,,,,,,,,
6.58333,28.68,,,,,,,,,,,,,,,,,,,
6.6,28.68,,,,,,,,,,,,,,,,,,,
6.61667,28.68,,,,,,,,,,,,,,,,,,,
6.63333,28.68,,,,,,,,,,,,,,,,,,,
6.65,28.68,,,,,,,,,,,,,,,,,,,
6.66667,28.67,,,,,,,,,,,,,,,,,,,
6.68333,28.67,,,,,,,,,,,,,,,,,,,
6.7,28.67,,,,,,,,,,,,,,,,,,,
6.71667,28.67,,,,,,,,,,,,,,,,,,,
6.73333,28.67,,,,,,,,,,,,,,,,,,,
6.75,28.67,,,,,,,,,,,,,,,,,,,
6.76667,28.66,,,,,,,,,,,,,,,,,,,
6.78333,28.66,,,,,,,,,,,,,,,,,,,
6.8,28.66,,,,,,,,,,,,,,,,,,,
6.81667,28.66,,,,,,,,,,,,,,,,,,,
6.83333,28.66,,,,,,,,,,,,,,,,,,,
6.85,28.66,,,,,,,,,,,,,,,,,,,
6.86667,28.66,,,,,,,,,,,,,,,,,,,
6.88333,28.66,,,,,,,,,,,,,,,,,,,
6.9,28.65,,,,,,,,,,,,,,,,,,,
6.91667,28.65,,,,,,,,,,,,,,,,,,,
6.93333,28.65,,,,,,,,,,,,,,,,,,,
6.95,28.65,,,,,,,,,,,,,,,,,,,
6.96667,28.65,,,,,,,,,,,,,,,,,,,
6.98333,28.65,,,,,,,,,,,,,,,,,,,
7,28.64,,,,,,,,,,,,,,,,,,,
7.01667,28.64,,,,,,,,,,,,,,,,,,,
7.03333,28.64,,,,,,,,,,,,,,,,,,,
7.05,28.64,,,,,,,,,,,,,,,,,,,
7.06667,28.63,,,,,,,,,,,,,,,,,,,
7.08333,28.63,,,,,,,,,,,,,,,,,,,
7.1,28.63,,,,,,,,,,,,,,,,,,,
7.11667,28.63,,,,,,,,,,,,,,,,,,,
7.13333,28.63,,,,,,,,,,,,,,,,,,,
7.15,28.63,,,,,,,,,,,,,,,,,,,
7.16667,28.62,,,,,,,,,,,,,,,,,,,
7.18333,28.62,,,,,,,,,,,,,,,,,,,
7.2,28.62,,,,,,,,,,,,,,,,,,,
7.21667,28.62,,,,,,,,,,,,,,,,,,,
7.23333,28.62,,,,,,,,,,,,,,,,,,,
7.25,28.62,,,,,,,,,,,,,,,,,,,
7.26667,28.61,,,,,,,,,,,,,,,,,,,
7.28333,28.61,,,,,,,,,,,,,,,,,,,
7.3,28.61,,,,,,,,,,,,,,,,,,,
7.31667,28.61,,,,,,,,,,,,,,,,,,,
7.33333,28.61,,,,,,,,,,,,,,,,,,,
7.35,28.61,,,,,,,,,,,,,,,,,,,
7.36667,28.6,,,,,,,,,,,,,,,,,,,
7.38333,28.6,,,,,,,,,,,,,,,,,,,
7.4,28.6,,,,,,,,,,,,,,,,,,,
7.41667,28.6,,,,,,,,,,,,,,,,,,,
7.43333,28.6,,,,,,,,,,,,,,,,,,,
7.45,28.6,,,,,,,,,,,,,,,,,,,
7.46667,28.59,,,,,,,,,,,,,,,,,,,
7.48333,28.59,,,,,,,,,,,,,,,,,,,
7.5,28.59,,,,,,,,,,,,,,,,,,,
7.51667,28.59,,,,,,,,,,,,,,,,,,,
7.53333,28.59,,,,,,,,,,,,,,,,,,,
7.55,28.59,,,,,,,,,,,,,,,,,,,
7.56667,28.58,,,,,,,,,,,,,,,,,,,
7.58333,28.58,,,,,,,,,,,,,,,,,,,
7.6,28.58,,,,,,,,,,,,,,,,,,,
7.61667,28.58,,,,,,,,,,,,,,,,,,,
7.63333,28.58,,,,,,,,,,,,,,,,,,,
7.65,28.58,,,,,,,,,,,,,,,,,,,
7.66667,28.57,,,,,,,,,,,,,,,,,,,
7.68333,28.57,,,,,,,,,,,,,,,,,,,
7.7,28.57,,,,,,,,,,,,,,,,,,,
7.71667,28.57,,,,,,,,,,,,,,,,,,,
7.73333,28.57,,,,,,,,,,,,,,,,,,,
7.75,28.57,,,,,,,,,,,,,,,,,,,
7.76667,28.56,,,,,,,,,,,,,,,,,,,
7.78333,28.56,,,,,,,,,,,,,,,,,,,
7.8,28.56,,,,,,,,,,,,,,,,,,,
7.81667,28.56,,,,,,,,,,,,,,,,,,,
7.83333,28.56,,,,,,,,,,,,,,,,,,,
7.85,28.55,,,,,,,,,,,,,,,,,,,
7.86667,28.55,,,,,,,,,,,,,,,,,,,
7.88333,28.55,,,,,,,,,,,,,,,,,,,
7.9,28.55,,,,,,,,,,,,,,,,,,,
7.91667,28.55,,,,,,,,,,,,,,,,,,,
7.93333,28.55,,,,,,,,,,,,,,,,,,,
7.95,28.54,,,,,,,,,,,,,,,,,,,
7.96667,28.54,,,,,,,,,,,,,,,,,,,
7.98333,28.54,,,,,,,,,,,,,,,,,,,
8,28.54,,,,,,,,,,,,,,,,,,,
8.01667,28.54,,,,,,,,,,,,,,,,,,,
8.03333,28.54,,,,,,,,,,,,,,,,,,,
8.05,28.53,,,,,,,,,,,,,,,,,,,
8.06667,28.53,,,,,,,,,,,,,,,,,,,
8.08333,28.53,,,,,,,,,,,,,,,,,,,
8.1,28.53,,,,,,,,,,,,,,,,,,,
8.11667,28.53,,,,,,,,,,,,,,,,,,,
8.13333,28.53,,,,,,,,,,,,,,,,,,,
8.15,28.52,,,,,,,,,,,,,,,,,,,
8.16667,28.52,,,,,,,,,,,,,,,,,,,
8.18333,28.52,,,,,,,,,,,,,,,,,,,
8.2,28.52,,,,,,,,,,,,,,,,,,,
8.21667,28.52,,,,,,,,,,,,,,,,,,,
8.23333,28.52,,,,,,,,,,,,,,,,,,,
8.25,28.51,,,,,,,,,,,,,,,,,,,
8.26667,28.51,,,,,,,,,,,,,,,,,,,
8.28333,28.51,,,,,,,,,,,,,,,,,,,
8.3,28.51,,,,,,,,,,,,,,,,,,,
8.31667,28.51,,,,,,,,,,,,,,,,,,,
8.33333,28.51,,,,,,,,,,,,,,,,,,,
8.35,28.5,,,,,,,,,,,,,,,,,,,
8.36667,28.5,,,,,,,,,,,,,,,,,,,
8.38333,28.5,,,,,,,,,,,,,,,,,,,
8.4,28.5,,,,,,,,,,,,,,,,,,,
8.41667,28.5,,,,,,,,,,,,,,,,,,,
8.43333,28.5,,,,,,,,,,,,,,,,,,,
8.45,28.49,,,,,,,,,,,,,,,,,,,
8.46667,28.49,,,,,,,,,,,,,,,,,,,
8.48333,28.49,,,,,,,,,,,,,,,,,,,
8.5,28.49,,,,,,,,,,,,,,,,,,,
8.51667,28.49,,,,,,,,,,,,,,,,,,,
8.53333,28.49,,,,,,,,,,,,,,,,,,,
8.55,28.48,,,,,,,,,,,,,,,,,,,
8.56667,28.48,,,,,,,,,,,,,,,,,,,
8.58333,28.48,,,,,,,,,,,,,,,,,,,
8.6,28.48,,,,,,,,,,,,,,,,,,,
8.61667,28.48,,,,,,,,,,,,,,,,,,,
8.63333,28.48,,,,,,,,,,,,,,,,,,,
8.65,28.47,,,,,,,,,,,,,,,,,,,
8.66667,28.47,,,,,,,,,,,,,,,,,,,
8.68333,28.47,,,,,,,,,,,,,,,,,,,
8.7,28.47,,,,,,,,,,,,,,,,,,,
8.71667,28.46,,,,,,,,,,,,,,,,,,,
8.73333,28.46,,,,,,,,,,,,,,,,,,,
8.75,28.46,,,,,,,,,,,,,,,,,,,
8.76667,28.46,,,,,,,,,,,,,,,,,,,
8.78333,28.46,,,,,,,,,,,,,,,,,,,
8.8,28.46,,,,,,,,,,,,,,,,,,,
8.81667,28.45,,,,,,,,,,,,,,,,,,,
8.83333,28.45,,,,,,,,,,,,,,,,,,,
8.85,28.45,,,,,,,,,,,,,,,,,,,
8.86667,28.45,,,,,,,,,,,,,,,,,,,
8.88333,28.45,,,,,,,,,,,,,,,,,,,
8.9,28.45,,,,,,,,,,,,,,,,,,,
8.91667,28.44,,,,,,,,,,,,,,,,,,,
8.93333,28.44,,,,,,,,,,,,,,,,,,,
8.95,28.44,,,,,,,,,,,,,,,,,,,
8.96667,28.44,,,,,,,,,,,,,,,,,,,
8.98333,28.44,,,,,,,,,,,,,,,,,,,
9,28.43,,,,,,,,,,,,,,,,,,,
9.01667,28.43,,,,,,,,,,,,,,,,,,,
9.03333,28.43,,,,,,,,,,,,,,,,,,,
9.05,28.43,,,,,,,,,,,,,,,,,,,
9.06667,28.43,,,,,,,,,,,,,,,,,,,
9.08333,28.43,,,,,,,,,,,,,,,,,,,
9.1,28.42,,,,,,,,,,,,,,,,,,,
9.11667,28.42,,,,,,,,,,,,,,,,,,,
9.13333,28.42,,,,,,,,,,,,,,,,,,,
9.15,28.42,,,,,,,,,,,,,,,,,,,
9.16667,28.41,,,,,,,,,,,,,,,,,,,
9.18333,28.41,,,,,,,,,,,,,,,,,,,
9.2,28.41,,,,,,,,,,,,,,,,,,,
9.21667,28.41,,,,,,,,,,,,,,,,,,,
9.23333,28.41,,,,,,,,,,,,,,,,,,,
9.25,28.41,,,,,,,,,,,,,,,,,,,
9.26667,28.4,,,,,,,,,,,,,,,,,,,
9.28333,28.4,,,,,,,,,,,,,,,,,,,
9.3,28.4,,,,,,,,,,,,,,,,,,,
9.31667,28.4,,,,,,,,,,,,,,,,,,,
9.33333,28.4,,,,,,,,,,,,,,,,,,,
9.35,28.4,,,,,,,,,,,,,,,,,,,
9.36667,28.39,,,,,,,,,,,,,,,,,,,
9.38333,28.39,,,,,,,,,,,,,,,,,,,
9.4,28.39,,,,,,,,,,,,,,,,,,,
9.41667,28.39,,,,,,,,,,,,,,,,,,,
9.43333,28.39,,,,,,,,,,,,,,,,,,,
9.45,28.39,,,,,,,,,,,,,,,,,,,
9.46667,28.38,,,,,,,,,,,,,,,,,,,
9.48333,28.38,,,,,,,,,,,,,,,,,,,
9.5,28.38,,,,,,,,,,,,,,,,,,,
9.51667,28.38,,,,,,,,,,,,,,,,,,,
9.53333,28.38,,,,,,,,,,,,,,,,,,,
9.55,28.38,,,,,,,,,,,,,,,,,,,
9.56667,28.37,,,,,,,,,,,,,,,,,,,
9.58333,28.37,,,,,,,,,,,,,,,,,,,
9.6,28.37,,,,,,,,,,,,,,,,,,,
9.61667,28.37,,,,,,,,,,,,,,,,,,,
9.63333,28.37,,,,,,,,,,,,,,,,,,,
9.65,28.37,,,,,,,,,,,,,,,,,,,
9.66667,28.36,,,,,,,,,,,,,,,,,,,
9.68333,28.36,,,,,,,,,,,,,,,,,,,
9.7,28.36,,,,,,,,,,,,,,,,,,,
9.71667,28.36,,,,,,,,,,,,,,,,,,,
9.73333,28.36,,,,,,,,,,,,,,,,,,,
9.75,28.36,,,,,,,,,,,,,,,,,,,
9.76667,28.35,,,,,,,,,,,,,,,,,,,
9.78333,28.35,,,,,,,,,,,,,,,,,,,
9.8,28.35,,,,,,,,,,,,,,,,,,,
9.81667,28.35,,,,,,,,,,,,,,,,,,,
9.83333,28.35,,,,,,,,,,,,,,,,,,,
9.85,28.35,,,,,,,,,,,,,,,,,,,
9.86667,28.34,,,,,,,,,,,,,,,,,,,
9.88333,28.34,,,,,,,,,,,,,,,,,,,
9.9,28.34,,,,,,,,,,,,,,,,,,,
9.91667,28.34,,,,,,,,,,,,,,,,,,,
9.93333,28.34,,,,,,,,,,,,,,,,,,,
9.95,28.34,,,,,,,,,,,,,,,,,,,
9.96667,28.33,,,,,,,,,,,,,,,,,,,
9.98333,28.33,,,,,,,,,,,,,,,,,,,
10,28.33,,,,,,,,,,,,,,,,,,,
10.01667,28.33,,,,,,,,,,,,,,,,,,,
10.03333,28.33,,,,,,,,,,,,,,,,,,,
10.05,28.33,,,,,,,,,,,,,,,,,,,
10.06667,28.32,,,,,,,,,,,,,,,,,,,
10.08333,28.32,,,,,,,,,,,,,,,,,,,
10.1,28.32,,,,,,,,,,,,,,,,,,,
10.11667,28.31,,,,,,,,,,,,,,,,,,,
10.13333,28.31,,,,,,,,,,,,,,,,,,,
10.15,28.31,,,,,,,,,,,,,,,,,,,
10.16667,28.31,,,,,,,,,,,,,,,,,,,
10.18333,28.31,,,,,,,,,,,,,,,,,,,
10.2,28.31,,,,,,,,,,,,,,,,,,,
10.21667,28.3,,,,,,,,,,,,,,,,,,,
10.23333,28.3,,,,,,,,,,,,,,,,,,,
10.25,28.3,,,,,,,,,,,,,,,,,,,
10.26667,28.3,,,,,,,,,,,,,,,,,,,
10.28333,28.3,,,,,,,,,,,,,,,,,,,
10.3,28.3,,,,,,,,,,,,,,,,,,,
10.31667,28.29,,,,,,,,,,,,,,,,,,,
10.33333,28.29,,,,,,,,,,,,,,,,,,,
10.35,28.29,,,,,,,,,,,,,,,,,,,
10.36667,28.29,,,,,,,,,,,,,,,,,,,
10.38333,28.29,,,,,,,,,,,,,,,,,,,
10.4,28.29,,,,,,,,,,,,,,,,,,,
10.41667,28.28,,,,,,,,,,,,,,,,,,,
10.43333,28.28,,,,,,,,,,,,,,,,,,,
10.45,28.28,,,,,,,,,,,,,,,,,,,
10.46667,28.28,,,,,,,,,,,,,,,,,,,
10.48333,28.28,,,,,,,,,,,,,,,,,,,
10.5,28.28,,,,,,,,,,,,,,,,,,,
10.51667,28.27,,,,,,,,,,,,,,,,,,,
10.53333,28.27,,,,,,,,,,,,,,,,,,,
10.55,28.27,,,,,,,,,,,,,,,,,,,
10.56667,28.27,,,,,,,,,,,,,,,,,,,
10.58333,28.27,,,,,,,,,,,,,,,,,,,
10.6,28.27,,,,,,,,,,,,,,,,,,,
10.61667,28.26,,,,,,,,,,,,,,,,,,,
10.63333,28.26,,,,,,,,,,,,,,,,,,,
10.65,28.26,,,,,,,,,,,,,,,,,,,
10.66667,28.26,,,,,,,,,,,,,,,,,,,
10.68333,28.26,,,,,,,,,,,,,,,,,,,
10.7,28.26,,,,,,,,,,,,,,,,,,,
10.71667,28.25,,,,,,,,,,,,,,,,,,,
10.73333,28.25,,,,,,,,,,,,,,,,,,,
10.75,28.25,,,,,,,,,,,,,,,,,,,
10.76667,28.25,,,,,,,,,,,,,,,,,,,
10.78333,28.24,,,,,,,,,,,,,,,,,,,
10.8,28.24,,,,,,,,,,,,,,,,,,,
10.81667,28.24,,,,,,,,,,,,,,,,,,,
10.83333,28.24,,,,,,,,,,,,,,,,,,,
10.85,28.24,,,,,,,,,,,,,,,,,,,
10.86667,28.24,,,,,,,,,,,,,,,,,,,
10.88333,28.23,,,,,,,,,,,,,,,,,,,
10.9,28.23,,,,,,,,,,,,,,,,,,,
10.91667,28.23,,,,,,,,,,,,,,,,,,,
10.93333,28.23,,,,,,,,,,,,,,,,,,,
10.95,28.23,,,,,,,,,,,,,,,,,,,
10.96667,28.23,,,,,,,,,,,,,,,,,,,
10.98333,28.22,,,,,,,,,,,,,,,,,,,
11,28.22,,,,,,,,,,,,,,,,,,,
11.01667,28.22,,,,,,,,,,,,,,,,,,,
11.03333,28.22,,,,,,,,,,,,,,,,,,,
11.05,28.22,,,,,,,,,,,,,,,,,,,
11.06667,28.22,,,,,,,,,,,,,,,,,,,
11.08333,28.21,,,,,,,,,,,,,,,,,,,
11.1,28.21,,,,,,,,,,,,,,,,,,,
11.11667,28.21,,,,,,,,,,,,,,,,,,,
11.13333,28.21,,,,,,,,,,,,,,,,,,,
11.15,28.21,,,,,,,,,,,,,,,,,,,
11.16667,28.21,,,,,,,,,,,,,,,,,,,
11.18333,28.2,,,,,,,,,,,,,,,,,,,
11.2,28.2,,,,,,,,,,,,,,,,,,,
11.21667,28.2,,,,,,,,,,,,,,,,,,,
11.23333,28.2,,,,,,,,,,,,,,,,,,,
11.25,28.2,,,,,,,,,,,,,,,,,,,
11.26667,28.2,,,,,,,,,,,,,,,,,,,
11.28333,28.2,,,,,,,,,,,,,,,,,,,
11.3,28.2,,,,,,,,,,,,,,,,,,,
11.31667,28.19,,,,,,,,,,,,,,,,,,,
11.33333,28.19,,,,,,,,,,,,,,,,,,,
11.35,28.19,,,,,,,,,,,,,,,,,,,
11.36667,28.19,,,,,,,,,,,,,,,,,,,
11.38333,28.18,,,,,,,,,,,,,,,,,,,
11.4,28.18,,,,,,,,,,,,,,,,,,,
11.41667,28.18,,,,,,,,,,,,,,,,,,,
11.43333,28.18,,,,,,,,,,,,,,,,,,,
11.45,28.18,,,,,,,,,,,,,,,,,,,
11.46667,28.18,,,,,,,,,,,,,,,,,,,
11.48333,28.17,,,,,,,,,,,,,,,,,,,
11.5,28.17,,,,,,,,,,,,,,,,,,,
11.51667,28.17,,,,,,,,,,,,,,,,,,,
11.53333,28.17,,,,,,,,,,,,,,,,,,,
11.55,28.17,,,,,,,,,,,,,,,,,,,
11.56667,28.16,,,,,,,,,,,,,,,,,,,
11.58333,28.16,,,,,,,,,,,,,,,,,,,
11.6,28.16,,,,,,,,,,,,,,,,,,,
11.61667,28.16,,,,,,,,,,,,,,,,,,,
11.63333,28.16,,,,,,,,,,,,,,,,,,,
11.65,28.16,,,,,,,,,,,,,,,,,,,
11.66667,28.16,,,,,,,,,,,,,,,,,,,
11.68333,28.15,,,,,,,,,,,,,,,,,,,
11.7,28.15,,,,,,,,,,,,,,,,,,,
11.71667,28.15,,,,,,,,,,,,,,,,,,,
11.73333,28.15,,,,,,,,,,,,,,,,,,,
11.75,28.14,,,,,,,,,,,,,,,,,,,
11.76667,28.14,,,,,,,,,,,,,,,,,,,
11.78333,28.14,,,,,,,,,,,,,,,,,,,
11.8,28.14,,,,,,,,,,,,,,,,,,,
11.81667,28.14,,,,,,,,,,,,,,,,,,,
11.83333,28.14,,,,,,,,,,,,,,,,,,,
11.85,28.13,,,,,,,,,,,,,,,,,,,
11.86667,28.13,,,,,,,,,,,,,,,,,,,
11.88333,28.13,,,,,,,,,,,,,,,,,,,
11.9,28.13,,,,,,,,,,,,,,,,,,,
11.91667,28.13,,,,,,,,,,,,,,,,,,,
11.93333,28.13,,,,,,,,,,,,,,,,,,,
11.95,28.12,,,,,,,,,,,,,,,,,,,
11.96667,28.12,,,,,,,,,,,,,,,,,,,
11.98333,28.12,,,,,,,,,,,,,,,,,,,
12,28.11,,,,,,,,,,,,,,,,,,,
12.01667,28.11,,,,,,,,,,,,,,,,,,,
12.03333,28.11,,,,,,,,,,,,,,,,,,,
12.05,28.11,,,,,,,,,,,,,,,,,,,
12.06667,28.11,,,,,,,,,,,,,,,,,,,
12.08333,28.11,,,,,,,,,,,,,,,,,,,
12.1,28.1,,,,,,,,,,,,,,,,,,,
12.11667,28.1,,,,,,,,,,,,,,,,,,,
12.13333,28.1,,,,,,,,,,,,,,,,,,,
12.15,28.1,,,,,,,,,,,,,,,,,,,
12.16667,28.1,,,,,,,,,,,,,,,,,,,
12.18333,28.1,,,,,,,,,,,,,,,,,,,
12.2,28.09,,,,,,,,,,,,,,,,,,,
12.21667,28.09,,,,,,,,,,,,,,,,,,,
12.23333,28.09,,,,,,,,,,,,,,,,,,,
12.25,28.09,,,,,,,,,,,,,,,,,,,
12.26667,28.09,,,,,,,,,,,,,,,,,,,
12.28333,28.09,,,,,,,,,,,,,,,,,,,
12.3,28.08,,,,,,,,,,,,,,,,,,,
12.31667,28.08,,,,,,,,,,,,,,,,,,,
12.33333,28.08,,,,,,,,,,,,,,,,,,,
12.35,28.08,,,,,,,,,,,,,,,,,,,
12.36667,28.08,,,,,,,,,,,,,,,,,,,
12.38333,28.08,,,,,,,,,,,,,,,,,,,
12.4,28.08,,,,,,,,,,,,,,,,,,,
12.41667,28.08,,,,,,,,,,,,,,,,,,,
12.43333,28.07,,,,,,,,,,,,,,,,,,,
12.45,28.07,,,,,,,,,,,,,,,,,,,
12.46667,28.07,,,,,,,,,,,,,,,,,,,
12.48333,28.07,,,,,,,,,,,,,,,,,,,
12.5,28.06,,,,,,,,,,,,,,,,,,,
12.51667,28.06,,,,,,,,,,,,,,,,,,,
12.53333,28.06,,,,,,,,,,,,,,,,,,,
12.55,28.06,,,,,,,,,,,,,,,,,,,
12.56667,28.06,,,,,,,,,,,,,,,,,,,
12.58333,28.06,,,,,,,,,,,,,,,,,,,
12.6,28.05,,,,,,,,,,,,,,,,,,,
12.61667,28.05,,,,,,,,,,,,,,,,,,,
12.63333,28.05,,,,,,,,,,,,,,,,,,,
12.65,28.05,,,,,,,,,,,,,,,,,,,
12.66667,28.05,,,,,,,,,,,,,,,,,,,
12.68333,28.05,,,,,,,,,,,,,,,,,,,
12.7,28.04,,,,,,,,,,,,,,,,,,,
12.71667,28.04,,,,,,,,,,,,,,,,,,,
12.73333,28.04,,,,,,,,,,,,,,,,,,,
12.75,28.04,,,,,,,,,,,,,,,,,,,
12.76667,28.04,,,,,,,,,,,,,,,,,,,
12.78333,28.04,,,,,,,,,,,,,,,,,,,
12.8,28.03,,,,,,,,,,,,,,,,,,,
12.81667,28.03,,,,,,,,,,,,,,,,,,,
12.83333,28.03,,,,,,,,,,,,,,,,,,,
12.85,28.03,,,,,,,,,,,,,,,,,,,
12.86667,28.03,,,,,,,,,,,,,,,,,,,
12.88333,28.03,,,,,,,,,,,,,,,,,,,
12.9,28.02,,,,,,,,,,,,,,,,,,,
12.91667,28.02,,,,,,,,,,,,,,,,,,,
12.93333,28.02,,,,,,,,,,,,,,,,,,,
12.95,28.02,,,,,,,,,,,,,,,,,,,
12.96667,28.02,,,,,,,,,,,,,,,,,,,
12.98333,28.02,,,,,,,,,,,,,,,,,,,
13,28.01,,,,,,,,,,,,,,,,,,,
13.01667,28.01,,,,,,,,,,,,,,,,,,,
13.03333,28.01,,,,,,,,,,,,,,,,,,,
13.05,28.01,,,,,,,,,,,,,,,,,,,
13.06667,28,,,,,,,,,,,,,,,,,,,
13.08333,28,,,,,,,,,,,,,,,,,,,
13.1,28,,,,,,,,,,,,,,,,,,,
13.11667,28,,,,,,,,,,,,,,,,,,,
13.13333,28,,,,,,,,,,,,,,,,,,,
13.15,28,,,,,,,,,,,,,,,,,,,
13.16667,27.99,,,,,,,,,,,,,,,,,,,
13.18333,27.99,,,,,,,,,,,,,,,,,,,
13.2,27.99,,,,,,,,,,,,,,,,,,,
13.21667,27.99,,,,,,,,,,,,,,,,,,,
13.23333,27.99,,,,,,,,,,,,,,,,,,,
13.25,27.98,,,,,,,,,,,,,,,,,,,
13.26667,27.98,,,,,,,,,,,,,,,,,,,
13.28333,27.98,,,,,,,,,,,,,,,,,,,
13.3,27.98,,,,,,,,,,,,,,,,,,,
13.31667,27.98,,,,,,,,,,,,,,,,,,,
13.33333,27.98,,,,,,,,,,,,,,,,,,,
13.35,27.98,,,,,,,,,,,,,,,,,,,
13.36667,27.97,,,,,,,,,,,,,,,,,,,
13.38333,27.97,,,,,,,,,,,,,,,,,,,
13.4,27.97,,,,,,,,,,,,,,,,,,,
13.41667,27.97,,,,,,,,,,,,,,,,,,,
13.43333,27.97,,,,,,,,,,,,,,,,,,,
13.45,27.97,,,,,,,,,,,,,,,,,,,
13.46667,27.96,,,,,,,,,,,,,,,,,,,
13.48333,27.96,,,,,,,,,,,,,,,,,,,
13.5,27.96,,,,,,,,,,,,,,,,,,,
13.51667,27.96,,,,,,,,,,,,,,,,,,,
13.53333,27.96,,,,,,,,,,,,,,,,,,,
13.55,27.95,,,,,,,,,,,,,,,,,,,
13.56667,27.95,,,,,,,,,,,,,,,,,,,
13.58333,27.95,,,,,,,,,,,,,,,,,,,
13.6,27.95,,,,,,,,,,,,,,,,,,,
13.61667,27.95,,,,,,,,,,,,,,,,,,,
13.63333,27.95,,,,,,,,,,,,,,,,,,,
13.65,27.94,,,,,,,,,,,,,,,,,,,
13.66667,27.94,,,,,,,,,,,,,,,,,,,
13.68333,27.94,,,,,,,,,,,,,,,,,,,
13.7,27.94,,,,,,,,,,,,,,,,,,,
13.71667,27.94,,,,,,,,,,,,,,,,,,,
13.73333,27.94,,,,,,,,,,,,,,,,,,,
13.75,27.93,,,,,,,,,,,,,,,,,,,
13.76667,27.93,,,,,,,,,,,,,,,,,,,
13.78333,27.93,,,,,,,,,,,,,,,,,,,
13.8,27.93,,,,,,,,,,,,,,,,,,,
13.81667,27.92,,,,,,,,,,,,,,,,,,,
13.83333,27.92,,,,,,,,,,,,,,,,,,,
13.85,27.92,,,,,,,,,,,,,,,,,,,
13.86667,27.92,,,,,,,,,,,,,,,,,,,
13.88333,27.92,,,,,,,,,,,,,,,,,,,
13.9,27.92,,,,,,,,,,,,,,,,,,,
13.91667,27.91,,,,,,,,,,,,,,,,,,,
13.93333,27.91,,,,,,,,,,,,,,,,,,,
13.95,27.91,,,,,,,,,,,,,,,,,,,
13.96667,27.91,,,,,,,,,,,,,,,,,,,
13.98333,27.91,,,,,,,,,,,,,,,,,,,
14,27.91,,,,,,,,,,,,,,,,,,,
14.01667,27.9,,,,,,,,,,,,,,,,,,,
14.03333,27.9,,,,,,,,,,,,,,,,,,,
14.05,27.9,,,,,,,,,,,,,,,,,,,
14.06667,27.9,,,,,,,,,,,,,,,,,,,
14.08333,27.9,,,,,,,,,,,,,,,,,,,
14.1,27.9,,,,,,,,,,,,,,,,,,,
14.11667,27.89,,,,,,,,,,,,,,,,,,,
14.13333,27.89,,,,,,,,,,,,,,,,,,,
14.15,27.89,,,,,,,,,,,,,,,,,,,
14.16667,27.89,,,,,,,,,,,,,,,,,,,
14.18333,27.89,,,,,,,,,,,,,,,,,,,
14.2,27.89,,,,,,,,,,,,,,,,,,,
14.21667,27.88,,,,,,,,,,,,,,,,,,,
14.23333,27.88,,,,,,,,,,,,,,,,,,,
14.25,27.88,,,,,,,,,,,,,,,,,,,
14.26667,27.88,,,,,,,,,,,,,,,,,,,
14.28333,27.88,,,,,,,,,,,,,,,,,,,
14.3,27.88,,,,,,,,,,,,,,,,,,,
14.31667,27.87,,,,,,,,,,,,,,,,,,,
14.33333,27.87,,,,,,,,,,,,,,,,,,,
14.35,27.87,,,,,,,,,,,,,,,,,,,
14.36667,27.87,,,,,,,,,,,,,,,,,,,
14.38333,27.87,,,,,,,,,,,,,,,,,,,
14.4,27.87,,,,,,,,,,,,,,,,,,,
14.41667,27.86,,,,,,,,,,,,,,,,,,,
14.43333,27.86,,,,,,,,,,,,,,,,,,,
14.45,27.86,,,,,,,,,,,,,,,,,,,
14.46667,27.86,,,,,,,,,,,,,,,,,,,
14.48333,27.86,,,,,,,,,,,,,,,,,,,
14.5,27.86,,,,,,,,,,,,,,,,,,,
14.51667,27.85,,,,,,,,,,,,,,,,,,,
14.53333,27.85,,,,,,,,,,,,,,,,,,,
14.55,27.85,,,,,,,,,,,,,,,,,,,
14.56667,27.85,,,,,,,,,,,,,,,,,,,
14.58333,27.85,,,,,,,,,,,,,,,,,,,
14.6,27.84,,,,,,,,,,,,,,,,,,,
14.61667,27.84,,,,,,,,,,,,,,,,,,,
14.63333,27.84,,,,,,,,,,,,,,,,,,,
14.65,27.84,,,,,,,,,,,,,,,,,,,
14.66667,27.84,,,,,,,,,,,,,,,,,,,
14.68333,27.84,,,,,,,,,,,,,,,,,,,
14.7,27.83,,,,,,,,,,,,,,,,,,,
14.71667,27.83,,,,,,,,,,,,,,,,,,,
14.73333,27.83,,,,,,,,,,,,,,,,,,,
14.75,27.83,,,,,,,,,,,,,,,,,,,
14.76667,27.83,,,,,,,,,,,,,,,,,,,
14.78333,27.83,,,,,,,,,,,,,,,,,,,
14.8,27.82,,,,,,,,,,,,,,,,,,,
14.81667,27.82,,,,,,,,,,,,,,,,,,,
14.83333,27.82,,,,,,,,,,,,,,,,,,,
14.85,27.82,,,,,,,,,,,,,,,,,,,
14.86667,27.81,,,,,,,,,,,,,,,,,,,
14.88333,27.81,,,,,,,,,,,,,,,,,,,
14.9,27.81,,,,,,,,,,,,,,,,,,,
14.91667,27.81,,,,,,,,,,,,,,,,,,,
14.93333,27.81,,,,,,,,,,,,,,,,,,,
14.95,27.81,,,,,,,,,,,,,,,,,,,
14.96667,27.8,,,,,,,,,,,,,,,,,,,
14.98333,27.8,,,,,,,,,,,,,,,,,,,
15,27.8,,,,,,,,,,,,,,,,,,,
15.01667,27.8,,,,,,,,,,,,,,,,,,,
15.03333,27.8,,,,,,,,,,,,,,,,,,,
15.05,27.8,,,,,,,,,,,,,,,,,,,
15.06667,27.79,,,,,,,,,,,,,,,,,,,
15.08333,27.79,,,,,,,,,,,,,,,,,,,
15.1,27.79,,,,,,,,,,,,,,,,,,,
15.11667,27.79,,,,,,,,,,,,,,,,,,,
15.13333,27.79,,,,,,,,,,,,,,,,,,,
15.15,27.79,,,,,,,,,,,,,,,,,,,
15.16667,27.78,,,,,,,,,,,,,,,,,,,
15.18333,27.78,,,,,,,,,,,,,,,,,,,
15.2,27.78,,,,,,,,,,,,,,,,,,,
15.21667,27.78,,,,,,,,,,,,,,,,,,,
15.23333,27.78,,,,,,,,,,,,,,,,,,,
15.25,27.78,,,,,,,,,,,,,,,,,,,
15.26667,27.77,,,,,,,,,,,,,,,,,,,
15.28333,27.77,,,,,,,,,,,,,,,,,,,
15.3,27.77,,,,,,,,,,,,,,,,,,,
15.31667,27.77,,,,,,,,,,,,,,,,,,,
15.33333,27.77,,,,,,,,,,,,,,,,,,,
15.35,27.77,,,,,,,,,,,,,,,,,,,
15.36667,27.76,,,,,,,,,,,,,,,,,,,
15.38333,27.76,,,,,,,,,,,,,,,,,,,
15.4,27.76,,,,,,,,,,,,,,,,,,,
15.41667,27.76,,,,,,,,,,,,,,,,,,,
15.43333,27.76,,,,,,,,,,,,,,,,,,,
15.45,27.76,,,,,,,,,,,,,,,,,,,
15.46667,27.75,,,,,,,,,,,,,,,,,,,
15.48333,27.75,,,,,,,,,,,,,,,,,,,
15.5,27.75,,,,,,,,,,,,,,,,,,,
15.51667,27.75,,,,,,,,,,,,,,,,,,,
15.53333,27.75,,,,,,,,,,,,,,,,,,,
15.55,27.75,,,,,,,,,,,,,,,,,,,
15.56667,27.75,,,,,,,,,,,,,,,,,,,
15.58333,27.75,,,,,,,,,,,,,,,,,,,
15.6,27.74,,,,,,,,,,,,,,,,,,,
15.61667,27.74,,,,,,,,,,,,,,,,,,,
15.63333,27.74,,,,,,,,,,,,,,,,,,,
15.65,27.74,,,,,,,,,,,,,,,,,,,
15.66667,27.74,,,,,,,,,,,,,,,,,,,
15.68333,27.74,,,,,,,,,,,,,,,,,,,
15.7,27.73,,,,,,,,,,,,,,,,,,,
15.71667,27.73,,,,,,,,,,,,,,,,,,,
15.73333,27.73,,,,,,,,,,,,,,,,,,,
15.75,27.73,,,,,,,,,,,,,,,,,,,
15.76667,27.73,,,,,,,,,,,,,,,,,,,
15.78333,27.72,,,,,,,,,,,,,,,,,,,
15.8,27.72,,,,,,,,,,,,,,,,,,,
15.81667,27.72,,,,,,,,,,,,,,,,,,,
15.83333,27.72,,,,,,,,,,,,,,,,,,,
15.85,27.72,,,,,,,,,,,,,,,,,,,
15.86667,27.72,,,,,,,,,,,,,,,,,,,
15.88333,27.71,,,,,,,,,,,,,,,,,,,
15.9,27.71,,,,,,,,,,,,,,,,,,,
15.91667,27.71,,,,,,,,,,,,,,,,,,,
15.93333,27.71,,,,,,,,,,,,,,,,,,,
15.95,27.71,,,,,,,,,,,,,,,,,,,
15.96667,27.71,,,,,,,,,,,,,,,,,,,
15.98333,27.7,,,,,,,,,,,,,,,,,,,
16,27.7,,,,,,,,,,,,,,,,,,,
16.01667,27.7,,,,,,,,,,,,,,,,,,,
16.03333,27.7,,,,,,,,,,,,,,,,,,,
16.05,27.7,,,,,,,,,,,,,,,,,,,
16.06667,27.7,,,,,,,,,,,,,,,,,,,
16.08333,27.69,,,,,,,,,,,,,,,,,,,
16.1,27.69,,,,,,,,,,,,,,,,,,,
16.11667,27.69,,,,,,,,,,,,,,,,,,,
16.13333,27.69,,,,,,,,,,,,,,,,,,,
16.15,27.69,,,,,,,,,,,,,,,,,,,
16.16667,27.69,,,,,,,,,,,,,,,,,,,
16.18333,27.68,,,,,,,,,,,,,,,,,,,
16.2,27.68,,,,,,,,,,,,,,,,,,,
16.21667,27.68,,,,,,,,,,,,,,,,,,,
16.23333,27.68,,,,,,,,,,,,,,,,,,,
16.25,27.68,,,,,,,,,,,,,,,,,,,
16.26667,27.68,,,,,,,,,,,,,,,,,,,
16.28333,27.67,,,,,,,,,,,,,,,,,,,
16.3,27.67,,,,,,,,,,,,,,,,,,,
16.31667,27.67,,,,,,,,,,,,,,,,,,,
16.33333,27.67,,,,,,,,,,,,,,,,,,,
16.35,27.67,,,,,,,,,,,,,,,,,,,
16.36667,27.67,,,,,,,,,,,,,,,,,,,
16.38333,27.67,,,,,,,,,,,,,,,,,,,
16.4,27.67,,,,,,,,,,,,,,,,,,,
16.41667,27.66,,,,,,,,,,,,,,,,,,,
16.43333,27.66,,,,,,,,,,,,,,,,,,,
16.45,27.66,,,,,,,,,,,,,,,,,,,
16.46667,27.66,,,,,,,,,,,,,,,,,,,
16.48333,27.66,,,,,,,,,,,,,,,,,,,
16.5,27.66,,,,,,,,,,,,,,,,,,,
16.51667,27.65,,,,,,,,,,,,,,,,,,,
16.53333,27.65,,,,,,,,,,,,,,,,,,,
16.55,27.65,,,,,,,,,,,,,,,,,,,
16.56667,27.65,,,,,,,,,,,,,,,,,,,
16.58333,27.65,,,,,,,,,,,,,,,,,,,
16.6,27.65,,,,,,,,,,,,,,,,,,,
16.61667,27.64,,,,,,,,,,,,,,,,,,,
16.63333,27.64,,,,,,,,,,,,,,,,,,,
16.65,27.64,,,,,,,,,,,,,,,,,,,
16.66667,27.64,,,,,,,,,,,,,,,,,,,
16.68333,27.64,,,,,,,,,,,,,,,,,,,
16.7,27.64,,,,,,,,,,,,,,,,,,,
16.71667,27.63,,,,,,,,,,,,,,,,,,,
16.73333,27.63,,,,,,,,,,,,,,,,,,,
16.75,27.63,,,,,,,,,,,,,,,,,,,
16.76667,27.63,,,,,,,,,,,,,,,,,,,
16.78333,27.63,,,,,,,,,,,,,,,,,,,
16.8,27.63,,,,,,,,,,,,,,,,,,,
16.81667,27.62,,,,,,,,,,,,,,,,,,,
16.83333,27.62,,,,,,,,,,,,,,,,,,,
16.85,27.62,,,,,,,,,,,,,,,,,,,
16.86667,27.62,,,,,,,,,,,,,,,,,,,
16.88333,27.62,,,,,,,,,,,,,,,,,,,
16.9,27.62,,,,,,,,,,,,,,,,,,,
16.91667,27.62,,,,,,,,,,,,,,,,,,,
16.93333,27.62,,,,,,,,,,,,,,,,,,,
16.95,27.61,,,,,,,,,,,,,,,,,,,
16.96667,27.61,,,,,,,,,,,,,,,,,,,
16.98333,27.61,,,,,,,,,,,,,,,,,,,
17,27.61,,,,,,,,,,,,,,,,,,,
17.01667,27.61,,,,,,,,,,,,,,,,,,,
17.03333,27.6,,,,,,,,,,,,,,,,,,,
17.05,27.6,,,,,,,,,,,,,,,,,,,
17.06667,27.6,,,,,,,,,,,,,,,,,,,
17.08333,27.6,,,,,,,,,,,,,,,,,,,
17.1,27.6,,,,,,,,,,,,,,,,,,,
17.11667,27.6,,,,,,,,,,,,,,,,,,,
17.13333,27.6,,,,,,,,,,,,,,,,,,,
17.15,27.59,,,,,,,,,,,,,,,,,,,
17.16667,27.59,,,,,,,,,,,,,,,,,,,
17.18333,27.59,,,,,,,,,,,,,,,,,,,
17.2,27.59,,,,,,,,,,,,,,,,,,,
17.21667,27.59,,,,,,,,,,,,,,,,,,,
17.23333,27.58,,,,,,,,,,,,,,,,,,,
17.25,27.58,,,,,,,,,,,,,,,,,,,
17.26667,27.58,,,,,,,,,,,,,,,,,,,
17.28333,27.58,,,,,,,,,,,,,,,,,,,
17.3,27.58,,,,,,,,,,,,,,,,,,,
17.31667,27.58,,,,,,,,,,,,,,,,,,,
17.33333,27.58,,,,,,,,,,,,,,,,,,,
17.35,27.58,,,,,,,,,,,,,,,,,,,
17.36667,27.57,,,,,,,,,,,,,,,,,,,
17.38333,27.57,,,,,,,,,,,,,,,,,,,
17.4,27.57,,,,,,,,,,,,,,,,,,,
17.41667,27.57,,,,,,,,,,,,,,,,,,,
17.43333,27.57,,,,,,,,,,,,,,,,,,,
17.45,27.57,,,,,,,,,,,,,,,,,,,
17.46667,27.56,,,,,,,,,,,,,,,,,,,
17.48333,27.56,,,,,,,,,,,,,,,,,,,
17.5,27.56,,,,,,,,,,,,,,,,,,,
17.51667,27.56,,,,,,,,,,,,,,,,,,,
17.53333,27.56,,,,,,,,,,,,,,,,,,,
17.55,27.56,,,,,,,,,,,,,,,,,,,
17.56667,27.55,,,,,,,,,,,,,,,,,,,
17.58333,27.55,,,,,,,,,,,,,,,,,,,
17.6,27.55,,,,,,,,,,,,,,,,,,,
17.61667,27.55,,,,,,,,,,,,,,,,,,,
17.63333,27.55,,,,,,,,,,,,,,,,,,,
17.65,27.55,,,,,,,,,,,,,,,,,,,
17.66667,27.55,,,,,,,,,,,,,,,,,,,
17.68333,27.55,,,,,,,,,,,,,,,,,,,
17.7,27.54,,,,,,,,,,,,,,,,,,,
17.71667,27.54,,,,,,,,,,,,,,,,,,,
17.73333,27.54,,,,,,,,,,,,,,,,,,,
17.75,27.54,,,,,,,,,,,,,,,,,,,
17.76667,27.54,,,,,,,,,,,,,,,,,,,
17.78333,27.54,,,,,,,,,,,,,,,,,,,
17.8,27.53,,,,,,,,,,,,,,,,,,,
17.81667,27.53,,,,,,,,,,,,,,,,,,,
17.83333,27.53,,,,,,,,,,,,,,,,,,,
17.85,27.53,,,,,,,,,,,,,,,,,,,
17.86667,27.53,,,,,,,,,,,,,,,,,,,
17.88333,27.53,,,,,,,,,,,,,,,,,,,
17.9,27.52,,,,,,,,,,,,,,,,,,,
17.91667,27.52,,,,,,,,,,,,,,,,,,,
17.93333,27.52,,,,,,,,,,,,,,,,,,,
17.95,27.52,,,,,,,,,,,,,,,,,,,
17.96667,27.52,,,,,,,,,,,,,,,,,,,
17.98333,27.52,,,,,,,,,,,,,,,,,,,
18,27.51,,,,,,,,,,,,,,,,,,,
18.01667,27.51,,,,,,,,,,,,,,,,,,,
18.03333,27.51,,,,,,,,,,,,,,,,,,,
18.05,27.51,,,,,,,,,,,,,,,,,,,
18.06667,27.51,,,,,,,,,,,,,,,,,,,
18.08333,27.51,,,,,,,,,,,,,,,,,,,
18.1,27.51,,,,,,,,,,,,,,,,,,,
18.11667,27.5,,,,,,,,,,,,,,,,,,,
18.13333,27.5,,,,,,,,,,,,,,,,,,,
18.15,27.5,,,,,,,,,,,,,,,,,,,
18.16667,27.5,,,,,,,,,,,,,,,,,,,
18.18333,27.5,,,,,,,,,,,,,,,,,,,
18.2,27.5,,,,,,,,,,,,,,,,,,,
18.21667,27.49,,,,,,,,,,,,,,,,,,,
18.23333,27.49,,,,,,,,,,,,,,,,,,,
18.25,27.49,,,,,,,,,,,,,,,,,,,
18.26667,27.49,,,,,,,,,,,,,,,,,,,
18.28333,27.49,,,,,,,,,,,,,,,,,,,
18.3,27.49,,,,,,,,,,,,,,,,,,,
18.31667,27.49,,,,,,,,,,,,,,,,,,,
18.33333,27.49,,,,,,,,,,,,,,,,,,,
18.35,27.49,,,,,,,,,,,,,,,,,,,
18.36667,27.48,,,,,,,,,,,,,,,,,,,
18.38333,27.48,,,,,,,,,,,,,,,,,,,
18.4,27.48,,,,,,,,,,,,,,,,,,,
18.41667,27.48,,,,,,,,,,,,,,,,,,,
18.43333,27.48,,,,,,,,,,,,,,,,,,,
18.45,27.48,,,,,,,,,,,,,,,,,,,
18.46667,27.47,,,,,,,,,,,,,,,,,,,
18.48333,27.47,,,,,,,,,,,,,,,,,,,
18.5,27.47,,,,,,,,,,,,,,,,,,,
18.51667,27.47,,,,,,,,,,,,,,,,,,,
18.53333,27.47,,,,,,,,,,,,,,,,,,,
18.55,27.47,,,,,,,,,,,,,,,,,,,
18.56667,27.47,,,,,,,,,,,,,,,,,,,
18.58333,27.46,,,,,,,,,,,,,,,,,,,
18.6,27.46,,,,,,,,,,,,,,,,,,,
18.61667,27.46,,,,,,,,,,,,,,,,,,,
18.63333,27.46,,,,,,,,,,,,,,,,,,,
18.65,27.46,,,,,,,,,,,,,,,,,,,
18.66667,27.46,,,,,,,,,,,,,,,,,,,
18.68333,27.45,,,,,,,,,,,,,,,,,,,
18.7,27.45,,,,,,,,,,,,,,,,,,,
18.71667,27.45,,,,,,,,,,,,,,,,,,,
18.73333,27.45,,,,,,,,,,,,,,,,,,,
18.75,27.45,,,,,,,,,,,,,,,,,,,
18.76667,27.45,,,,,,,,,,,,,,,,,,,
18.78333,27.45,,,,,,,,,,,,,,,,,,,
18.8,27.45,,,,,,,,,,,,,,,,,,,
18.81667,27.44,,,,,,,,,,,,,,,,,,,
18.83333,27.44,,,,,,,,,,,,,,,,,,,
18.85,27.44,,,,,,,,,,,,,,,,,,,
18.86667,27.44,,,,,,,,,,,,,,,,,,,
18.88333,27.44,,,,,,,,,,,,,,,,,,,
18.9,27.44,,,,,,,,,,,,,,,,,,,
18.91667,27.43,,,,,,,,,,,,,,,,,,,
18.93333,27.43,,,,,,,,,,,,,,,,,,,
18.95,27.43,,,,,,,,,,,,,,,,,,,
18.96667,27.43,,,,,,,,,,,,,,,,,,,
18.98333,27.43,,,,,,,,,,,,,,,,,,,
19,27.43,,,,,,,,,,,,,,,,,,,
19.01667,27.42,,,,,,,,,,,,,,,,,,,
19.03333,27.42,,,,,,,,,,,,,,,,,,,
19.05,27.42,,,,,,,,,,,,,,,,,,,
19.06667,27.42,,,,,,,,,,,,,,,,,,,
19.08333,27.42,,,,,,,,,,,,,,,,,,,
19.1,27.42,,,,,,,,,,,,,,,,,,,
19.11667,27.42,,,,,,,,,,,,,,,,,,,
19.13333,27.42,,,,,,,,,,,,,,,,,,,
19.15,27.41,,,,,,,,,,,,,,,,,,,
19.16667,27.41,,,,,,,,,,,,,,,,,,,
19.18333,27.41,,,,,,,,,,,,,,,,,,,
19.2,27.41,,,,,,,,,,,,,,,,,,,
19.21667,27.41,,,,,,,,,,,,,,,,,,,
19.23333,27.41,,,,,,,,,,,,,,,,,,,
19.25,27.4,,,,,,,,,,,,,,,,,,,
19.26667,27.4,,,,,,,,,,,,,,,,,,,
19.28333,27.4,,,,,,,,,,,,,,,,,,,
19.3,27.4,,,,,,,,,,,,,,,,,,,
19.31667,27.4,,,,,,,,,,,,,,,,,,,
19.33333,27.4,,,,,,,,,,,,,,,,,,,
19.35,27.4,,,,,,,,,,,,,,,,,,,
19.36667,27.4,,,,,,,,,,,,,,,,,,,
19.38333,27.39,,,,,,,,,,,,,,,,,,,
19.4,27.39,,,,,,,,,,,,,,,,,,,
19.41667,27.39,,,,,,,,,,,,,,,,,,,
19.43333,27.39,,,,,,,,,,,,,,,,,,,
19.45,27.39,,,,,,,,,,,,,,,,,,,
19.46667,27.39,,,,,,,,,,,,,,,,,,,
19.48333,27.38,,,,,,,,,,,,,,,,,,,
19.5,27.38,,,,,,,,,,,,,,,,,,,
19.51667,27.38,,,,,,,,,,,,,,,,,,,
19.53333,27.38,,,,,,,,,,,,,,,,,,,
19.55,27.38,,,,,,,,,,,,,,,,,,,
19.56667,27.38,,,,,,,,,,,,,,,,,,,
19.58333,27.38,,,,,,,,,,,,,,,,,,,
19.6,27.37,,,,,,,,,,,,,,,,,,,
19.61667,27.37,,,,,,,,,,,,,,,,,,,
19.63333,27.37,,,,,,,,,,,,,,,,,,,
19.65,27.37,,,,,,,,,,,,,,,,,,,
19.66667,27.37,,,,,,,,,,,,,,,,,,,
19.68333,27.37,,,,,,,,,,,,,,,,,,,
19.7,27.36,,,,,,,,,,,,,,,,,,,
19.71667,27.36,,,,,,,,,,,,,,,,,,,
19.73333,27.36,,,,,,,,,,,,,,,,,,,
19.75,27.36,,,,,,,,,,,,,,,,,,,
19.76667,27.36,,,,,,,,,,,,,,,,,,,
19.78333,27.36,,,,,,,,,,,,,,,,,,,
19.8,27.36,,,,,,,,,,,,,,,,,,,
19.81667,27.36,,,,,,,,,,,,,,,,,,,
19.83333,27.35,,,,,,,,,,,,,,,,,,,
19.85,27.35,,,,,,,,,,,,,,,,,,,
19.86667,27.35,,,,,,,,,,,,,,,,,,,
19.88333,27.35,,,,,,,,,,,,,,,,,,,
19.9,27.35,,,,,,,,,,,,,,,,,,,
19.91667,27.35,,,,,,,,,,,,,,,,,,,
19.93333,27.35,,,,,,,,,,,,,,,,,,,
19.95,27.34,,,,,,,,,,,,,,,,,,,
19.96667,27.34,,,,,,,,,,,,,,,,,,,
19.98333,27.34,,,,,,,,,,,,,,,,,,,
20,27.34,,,,,,,,,,,,,,,,,,,
20.01667,27.34,,,,,,,,,,,,,,,,,,,
20.03333,27.34,,,,,,,,,,,,,,,,,,,
20.05,27.33,,,,,,,,,,,,,,,,,,,
20.06667,27.33,,,,,,,,,,,,,,,,,,,
20.08333,27.33,,,,,,,,,,,,,,,,,,,
20.1,27.33,,,,,,,,,,,,,,,,,,,
20.11667,27.33,,,,,,,,,,,,,,,,,,,
20.13333,27.33,,,,,,,,,,,,,,,,,,,
20.15,27.33,,,,,,,,,,,,,,,,,,,
20.16667,27.32,,,,,,,,,,,,,,,,,,,
20.18333,27.32,,,,,,,,,,,,,,,,,,,
20.2,27.32,,,,,,,,,,,,,,,,,,,
20.21667,27.32,,,,,,,,,,,,,,,,,,,
20.23333,27.32,,,,,,,,,,,,,,,,,,,
20.25,27.32,,,,,,,,,,,,,,,,,,,
20.26667,27.32,,,,,,,,,,,,,,,,,,,
20.28333,27.32,,,,,,,,,,,,,,,,,,,
20.3,27.31,,,,,,,,,,,,,,,,,,,
20.31667,27.31,,,,,,,,,,,,,,,,,,,
20.33333,27.31,,,,,,,,,,,,,,,,,,,
20.35,27.31,,,,,,,,,,,,,,,,,,,
20.36667,27.31,,,,,,,,,,,,,,,,,,,
20.38333,27.31,,,,,,,,,,,,,,,,,,,
20.4,27.3,,,,,,,,,,,,,,,,,,,
20.41667,27.3,,,,,,,,,,,,,,,,,,,
20.43333,27.3,,,,,,,,,,,,,,,,,,,
20.45,27.3,,,,,,,,,,,,,,,,,,,
20.46667,27.3,,,,,,,,,,,,,,,,,,,
20.48333,27.3,,,,,,,,,,,,,,,,,,,
20.5,27.3,,,,,,,,,,,,,,,,,,,
20.51667,27.3,,,,,,,,,,,,,,,,,,,
20.53333,27.29,,,,,,,,,,,,,,,,,,,
20.55,27.29,,,,,,,,,,,,,,,,,,,
20.56667,27.29,,,,,,,,,,,,,,,,,,,
20.58333,27.29,,,,,,,,,,,,,,,,,,,
20.6,27.29,,,,,,,,,,,,,,,,,,,
20.61667,27.29,,,,,,,,,,,,,,,,,,,
20.63333,27.28,,,,,,,,,,,,,,,,,,,
20.65,27.28,,,,,,,,,,,,,,,,,,,
20.66667,27.28,,,,,,,,,,,,,,,,,,,
20.68333,27.28,,,,,,,,,,,,,,,,,,,
20.7,27.28,,,,,,,,,,,,,,,,,,,
20.71667,27.28,,,,,,,,,,,,,,,,,,,
20.73333,27.27,,,,,,,,,,,,,,,,,,,
20.75,27.27,,,,,,,,,,,,,,,,,,,
20.76667,27.27,,,,,,,,,,,,,,,,,,,
20.78333,27.27,,,,,,,,,,,,,,,,,,,
20.8,27.27,,,,,,,,,,,,,,,,,,,
20.81667,27.27,,,,,,,,,,,,,,,,,,,
20.83333,27.27,,,,,,,,,,,,,,,,,,,
20.85,27.27,,,,,,,,,,,,,,,,,,,
20.86667,27.26,,,,,,,,,,,,,,,,,,,
20.88333,27.26,,,,,,,,,,,,,,,,,,,
20.9,27.26,,,,,,,,,,,,,,,,,,,
20.91667,27.26,,,,,,,,,,,,,,,,,,,
20.93333,27.26,,,,,,,,,,,,,,,,,,,
20.95,27.25,,,,,,,,,,,,,,,,,,,
20.96667,27.25,,,,,,,,,,,,,,,,,,,
20.98333,27.25,,,,,,,,,,,,,,,,,,,
21,27.25,,,,,,,,,,,,,,,,,,,
21.01667,27.25,,,,,,,,,,,,,,,,,,,
21.03333,27.25,,,,,,,,,,,,,,,,,,,
21.05,27.25,,,,,,,,,,,,,,,,,,,
21.06667,27.25,,,,,,,,,,,,,,,,,,,
21.08333,27.25,,,,,,,,,,,,,,,,,,,
21.1,27.24,,,,,,,,,,,,,,,,,,,
21.11667,27.24,,,,,,,,,,,,,,,,,,,
21.13333,27.24,,,,,,,,,,,,,,,,,,,
21.15,27.24,,,,,,,,,,,,,,,,,,,
21.16667,27.24,,,,,,,,,,,,,,,,,,,
21.18333,27.24,,,,,,,,,,,,,,,,,,,
21.2,27.24,,,,,,,,,,,,,,,,,,,
21.21667,27.23,,,,,,,,,,,,,,,,,,,
21.23333,27.23,,,,,,,,,,,,,,,,,,,
21.25,27.23,,,,,,,,,,,,,,,,,,,
21.26667,27.23,,,,,,,,,,,,,,,,,,,
21.28333,27.23,,,,,,,,,,,,,,,,,,,
21.3,27.23,,,,,,,,,,,,,,,,,,,
21.31667,27.23,,,,,,,,,,,,,,,,,,,
21.33333,27.23,,,,,,,,,,,,,,,,,,,
21.35,27.23,,,,,,,,,,,,,,,,,,,
21.36667,27.22,,,,,,,,,,,,,,,,,,,
21.38333,27.22,,,,,,,,,,,,,,,,,,,
21.4,27.22,,,,,,,,,,,,,,,,,,,
21.41667,27.22,,,,,,,,,,,,,,,,,,,
21.43333,27.22,,,,,,,,,,,,,,,,,,,
21.45,27.22,,,,,,,,,,,,,,,,,,,
21.46667,27.22,,,,,,,,,,,,,,,,,,,
21.48333,27.21,,,,,,,,,,,,,,,,,,,
21.5,27.21,,,,,,,,,,,,,,,,,,,
21.51667,27.21,,,,,,,,,,,,,,,,,,,
21.53333,27.21,,,,,,,,,,,,,,,,,,,
21.55,27.21,,,,,,,,,,,,,,,,,,,
21.56667,27.21,,,,,,,,,,,,,,,,,,,
21.58333,27.2,,,,,,,,,,,,,,,,,,,
21.6,27.2,,,,,,,,,,,,,,,,,,,
21.61667,27.2,,,,,,,,,,,,,,,,,,,
21.63333,27.2,,,,,,,,,,,,,,,,,,,
21.65,27.2,,,,,,,,,,,,,,,,,,,
21.66667,27.2,,,,,,,,,,,,,,,,,,,
21.68333,27.2,,,,,,,,,,,,,,,,,,,
21.7,27.2,,,,,,,,,,,,,,,,,,,
21.71667,27.19,,,,,,,,,,,,,,,,,,,
21.73333,27.19,,,,,,,,,,,,,,,,,,,
21.75,27.19,,,,,,,,,,,,,,,,,,,
21.76667,27.19,,,,,,,,,,,,,,,,,,,
21.78333,27.19,,,,,,,,,,,,,,,,,,,
21.8,27.19,,,,,,,,,,,,,,,,,,,
21.81667,27.19,,,,,,,,,,,,,,,,,,,
21.83333,27.19,,,,,,,,,,,,,,,,,,,
21.85,27.18,,,,,,,,,,,,,,,,,,,
21.86667,27.18,,,,,,,,,,,,,,,,,,,
21.88333,27.18,,,,,,,,,,,,,,,,,,,
21.9,27.18,,,,,,,,,,,,,,,,,,,
21.91667,27.18,,,,,,,,,,,,,,,,,,,
21.93333,27.18,,,,,,,,,,,,,,,,,,,
21.95,27.18,,,,,,,,,,,,,,,,,,,
21.96667,27.18,,,,,,,,,,,,,,,,,,,
21.98333,27.17,,,,,,,,,,,,,,,,,,,
22,27.17,,,,,,,,,,,,,,,,,,,
22.01667,27.17,,,,,,,,,,,,,,,,,,,
22.03333,27.17,,,,,,,,,,,,,,,,,,,
22.05,27.17,,,,,,,,,,,,,,,,,,,
22.06667,27.16,,,,,,,,,,,,,,,,,,,
22.08333,27.16,,,,,,,,,,,,,,,,,,,
22.1,27.16,,,,,,,,,,,,,,,,,,,
22.11667,27.16,,,,,,,,,,,,,,,,,,,
22.13333,27.16,,,,,,,,,,,,,,,,,,,
22.15,27.16,,,,,,,,,,,,,,,,,,,
22.16667,27.16,,,,,,,,,,,,,,,,,,,
22.18333,27.16,,,,,,,,,,,,,,,,,,,
22.2,27.16,,,,,,,,,,,,,,,,,,,
22.21667,27.15,,,,,,,,,,,,,,,,,,,
22.23333,27.15,,,,,,,,,,,,,,,,,,,
22.25,27.15,,,,,,,,,,,,,,,,,,,
22.26667,27.15,,,,,,,,,,,,,,,,,,,
22.28333,27.15,,,,,,,,,,,,,,,,,,,
22.3,27.15,,,,,,,,,,,,,,,,,,,
22.31667,27.15,,,,,,,,,,,,,,,,,,,
22.33333,27.15,,,,,,,,,,,,,,,,,,,
22.35,27.14,,,,,,,,,,,,,,,,,,,
22.36667,27.14,,,,,,,,,,,,,,,,,,,
22.38333,27.14,,,,,,,,,,,,,,,,,,,
22.4,27.14,,,,,,,,,,,,,,,,,,,
22.41667,27.14,,,,,,,,,,,,,,,,,,,
22.43333,27.14,,,,,,,,,,,,,,,,,,,
22.45,27.14,,,,,,,,,,,,,,,,,,,
22.46667,27.14,,,,,,,,,,,,,,,,,,,
22.48333,27.13,,,,,,,,,,,,,,,,,,,
22.5,27.13,,,,,,,,,,,,,,,,,,,
22.51667,27.13,,,,,,,,,,,,,,,,,,,
22.53333,27.13,,,,,,,,,,,,,,,,,,,
22.55,27.13,,,,,,,,,,,,,,,,,,,
22.56667,27.13,,,,,,,,,,,,,,,,,,,
22.58333,27.13,,,,,,,,,,,,,,,,,,,
22.6,27.12,,,,,,,,,,,,,,,,,,,
22.61667,27.12,,,,,,,,,,,,,,,,,,,
22.63333,27.12,,,,,,,,,,,,,,,,,,,
22.65,27.12,,,,,,,,,,,,,,,,,,,
22.66667,27.12,,,,,,,,,,,,,,,,,,,
22.68333,27.12,,,,,,,,,,,,,,,,,,,
22.7,27.11,,,,,,,,,,,,,,,,,,,
22.71667,27.11,,,,,,,,,,,,,,,,,,,
22.73333,27.11,,,,,,,,,,,,,,,,,,,
22.75,27.11,,,,,,,,,,,,,,,,,,,
22.76667,27.11,,,,,,,,,,,,,,,,,,,
22.78333,27.11,,,,,,,,,,,,,,,,,,,
22.8,27.1,,,,,,,,,,,,,,,,,,,
22.81667,27.1,,,,,,,,,,,,,,,,,,,
22.83333,27.1,,,,,,,,,,,,,,,,,,,
22.85,27.1,,,,,,,,,,,,,,,,,,,
22.86667,27.1,,,,,,,,,,,,,,,,,,,
22.88333,27.1,,,,,,,,,,,,,,,,,,,
22.9,27.1,,,,,,,,,,,,,,,,,,,
22.91667,27.1,,,,,,,,,,,,,,,,,,,
22.93333,27.09,,,,,,,,,,,,,,,,,,,
22.95,27.09,,,,,,,,,,,,,,,,,,,
22.96667,27.09,,,,,,,,,,,,,,,,,,,
22.98333,27.09,,,,,,,,,,,,,,,,,,,
23,27.09,,,,,,,,,,,,,,,,,,,
23.01667,27.09,,,,,,,,,,,,,,,,,,,
23.03333,27.09,,,,,,,,,,,,,,,,,,,
23.05,27.09,,,,,,,,,,,,,,,,,,,
23.06667,27.08,,,,,,,,,,,,,,,,,,,
23.08333,27.08,,,,,,,,,,,,,,,,,,,
23.1,27.08,,,,,,,,,,,,,,,,,,,
23.11667,27.08,,,,,,,,,,,,,,,,,,,
23.13333,27.08,,,,,,,,,,,,,,,,,,,
23.15,27.08,,,,,,,,,,,,,,,,,,,
23.16667,27.08,,,,,,,,,,,,,,,,,,,
23.18333,27.08,,,,,,,,,,,,,,,,,,,
23.2,27.07,,,,,,,,,,,,,,,,,,,
23.21667,27.07,,,,,,,,,,,,,,,,,,,
23.23333,27.07,,,,,,,,,,,,,,,,,,,
23.25,27.07,,,,,,,,,,,,,,,,,,,
23.26667,27.07,,,,,,,,,,,,,,,,,,,
23.28333,27.07,,,,,,,,,,,,,,,,,,,
23.3,27.07,,,,,,,,,,,,,,,,,,,
23.31667,27.07,,,,,,,,,,,,,,,,,,,
23.33333,27.06,,,,,,,,,,,,,,,,,,,
23.35,27.06,,,,,,,,,,,,,,,,,,,
23.36667,27.06,,,,,,,,,,,,,,,,,,,
23.38333,27.06,,,,,,,,,,,,,,,,,,,
23.4,27.06,,,,,,,,,,,,,,,,,,,
23.41667,27.06,,,,,,,,,,,,,,,,,,,
23.43333,27.05,,,,,,,,,,,,,,,,,,,
23.45,27.05,,,,,,,,,,,,,,,,,,,
23.46667,27.05,,,,,,,,,,,,,,,,,,,
23.48333,27.05,,,,,,,,,,,,,,,,,,,
23.5,27.05,,,,,,,,,,,,,,,,,,,
23.51667,27.05,,,,,,,,,,,,,,,,,,,
23.53333,27.05,,,,,,,,,,,,,,,,,,,
23.55,27.05,,,,,,,,,,,,,,,,,,,
23.56667,27.05,,,,,,,,,,,,,,,,,,,
23.58333,27.05,,,,,,,,,,,,,,,,,,,
23.6,27.04,,,,,,,,,,,,,,,,,,,
23.61667,27.04,,,,,,,,,,,,,,,,,,,
23.63333,27.04,,,,,,,,,,,,,,,,,,,
23.65,27.04,,,,,,,,,,,,,,,,,,,
23.66667,27.04,,,,,,,,,,,,,,,,,,,
23.68333,27.04,,,,,,,,,,,,,,,,,,,
23.7,27.04,,,,,,,,,,,,,,,,,,,
23.71667,27.03,,,,,,,,,,,,,,,,,,,
23.73333,27.03,,,,,,,,,,,,,,,,,,,
23.75,27.03,,,,,,,,,,,,,,,,,,,
23.76667,27.03,,,,,,,,,,,,,,,,,,,
23.78333,27.03,,,,,,,,,,,,,,,,,,,
23.8,27.03,,,,,,,,,,,,,,,,,,,
23.81667,27.03,,,,,,,,,,,,,,,,,,,
23.83333,27.03,,,,,,,,,,,,,,,,,,,
23.85,27.02,,,,,,,,,,,,,,,,,,,
23.86667,27.02,,,,,,,,,,,,,,,,,,,
23.88333,27.02,,,,,,,,,,,,,,,,,,,
23.9,27.02,,,,,,,,,,,,,,,,,,,
23.91667,27.02,,,,,,,,,,,,,,,,,,,
23.93333,27.02,,,,,,,,,,,,,,,,,,,
23.95,27.02,,,,,,,,,,,,,,,,,,,
23.96667,27.02,,,,,,,,,,,,,,,,,,,
23.98333,27.01,,,,,,,,,,,,,,,,,,,
24,27.01,,,,,,,,,,,,,,,,,,,
24.01667,27.01,,,,,,,,,,,,,,,,,,,
24.03333,27.01,,,,,,,,,,,,,,,,,,,
24.05,27.01,,,,,,,,,,,,,,,,,,,
24.06667,27.01,,,,,,,,,,,,,,,,,,,
24.08333,27.01,,,,,,,,,,,,,,,,,,,
24.1,27.01,,,,,,,,,,,,,,,,,,,
24.11667,27,,,,,,,,,,,,,,,,,,,
24.13333,27,,,,,,,,,,,,,,,,,,,
24.15,27,,,,,,,,,,,,,,,,,,,
24.16667,27,,,,,,,,,,,,,,,,,,,
24.18333,27,,,,,,,,,,,,,,,,,,,
24.2,27,,,,,,,,,,,,,,,,,,,
24.21667,27,,,,,,,,,,,,,,,,,,,
24.23333,27,,,,,,,,,,,,,,,,,,,
24.25,26.99,,,,,,,,,,,,,,,,,,,
24.26667,26.99,,,,,,,,,,,,,,,,,,,
24.28333,26.99,,,,,,,,,,,,,,,,,,,
24.3,26.99,,,,,,,,,,,,,,,,,,,
24.31667,26.99,,,,,,,,,,,,,,,,,,,
24.33333,26.99,,,,,,,,,,,,,,,,,,,
24.35,26.98,,,,,,,,,,,,,,,,,,,
24.36667,26.98,,,,,,,,,,,,,,,,,,,
24.38333,26.98,,,,,,,,,,,,,,,,,,,
24.4,26.98,,,,,,,,,,,,,,,,,,,
24.41667,26.98,,,,,,,,,,,,,,,,,,,
24.43333,26.98,,,,,,,,,,,,,,,,,,,
24.45,26.98,,,,,,,,,,,,,,,,,,,
24.46667,26.98,,,,,,,,,,,,,,,,,,,
24.48333,26.97,,,,,,,,,,,,,,,,,,,
24.5,26.97,,,,,,,,,,,,,,,,,,,
24.51667,26.97,,,,,,,,,,,,,,,,,,,
24.53333,26.97,,,,,,,,,,,,,,,,,,,
24.55,26.97,,,,,,,,,,,,,,,,,,,
24.56667,26.97,,,,,,,,,,,,,,,,,,,
24.58333,26.97,,,,,,,,,,,,,,,,,,,
24.6,26.97,,,,,,,,,,,,,,,,,,,
24.61667,26.96,,,,,,,,,,,,,,,,,,,
24.63333,26.96,,,,,,,,,,,,,,,,,,,
24.65,26.96,,,,,,,,,,,,,,,,,,,
24.66667,26.96,,,,,,,,,,,,,,,,,,,
24.68333,26.96,,,,,,,,,,,,,,,,,,,
24.7,26.96,,,,,,,,,,,,,,,,,,,
24.71667,26.96,,,,,,,,,,,,,,,,,,,
24.73333,26.96,,,,,,,,,,,,,,,,,,,
24.75,26.96,,,,,,,,,,,,,,,,,,,
24.76667,26.95,,,,,,,,,,,,,,,,,,,
24.78333,26.95,,,,,,,,,,,,,,,,,,,
24.8,26.95,,,,,,,,,,,,,,,,,,,
24.81667,26.95,,,,,,,,,,,,,,,,,,,
24.83333,26.95,,,,,,,,,,,,,,,,,,,
24.85,26.95,,,,,,,,,,,,,,,,,,,
24.86667,26.95,,,,,,,,,,,,,,,,,,,
24.88333,26.95,,,,,,,,,,,,,,,,,,,
24.9,26.94,,,,,,,,,,,,,,,,,,,
24.91667,26.94,,,,,,,,,,,,,,,,,,,
24.93333,26.94,,,,,,,,,,,,,,,,,,,
24.95,26.94,,,,,,,,,,,,,,,,,,,
24.96667,26.94,,,,,,,,,,,,,,,,,,,
24.98333,26.94,,,,,,,,,,,,,,,,,,,
25,26.94,,,,,,,,,,,,,,,,,,,
25.01667,26.94,,,,,,,,,,,,,,,,,,,
25.03333,26.94,,,,,,,,,,,,,,,,,,,
25.05,26.93,,,,,,,,,,,,,,,,,,,
25.06667,26.93,,,,,,,,,,,,,,,,,,,
25.08333,26.93,,,,,,,,,,,,,,,,,,,
25.1,26.93,,,,,,,,,,,,,,,,,,,
25.11667,26.93,,,,,,,,,,,,,,,,,,,
25.13333,26.93,,,,,,,,,,,,,,,,,,,
25.15,26.93,,,,,,,,,,,,,,,,,,,
25.16667,26.92,,,,,,,,,,,,,,,,,,,
25.18333,26.92,,,,,,,,,,,,,,,,,,,
25.2,26.92,,,,,,,,,,,,,,,,,,,
25.21667,26.92,,,,,,,,,,,,,,,,,,,
25.23333,26.92,,,,,,,,,,,,,,,,,,,
25.25,26.92,,,,,,,,,,,,,,,,,,,
25.26667,26.92,,,,,,,,,,,,,,,,,,,
25.28333,26.92,,,,,,,,,,,,,,,,,,,
25.3,26.92,,,,,,,,,,,,,,,,,,,
25.31667,26.92,,,,,,,,,,,,,,,,,,,
25.33333,26.91,,,,,,,,,,,,,,,,,,,
25.35,26.91,,,,,,,,,,,,,,,,,,,
25.36667,26.91,,,,,,,,,,,,,,,,,,,
25.38333,26.91,,,,,,,,,,,,,,,,,,,
25.4,26.91,,,,,,,,,,,,,,,,,,,
25.41667,26.91,,,,,,,,,,,,,,,,,,,
25.43333,26.91,,,,,,,,,,,,,,,,,,,
,,,,,,,,,,,,,,,,,,,,
[LC Status Trace(Room Temp.)],,,,,,,,,,,,,,,,,,,,
Interval(msec),1000,,,,,,,,,,,,,,,,,,,
# of Points,1527,,,,,,,,,,,,,,,,,,,
Start Time(min),0,,,,,,,,,,,,,,,,,,,
End Time(min),25.433,,,,,,,,,,,,,,,,,,,
Intensity Units,C,,,,,,,,,,,,,,,,,,,
Intensity Multiplier,1,,,,,,,,,,,,,,,,,,,
R.Time (min),Intensity,,,,,,,,,,,,,,,,,,,
0,24.38,,,,,,,,,,,,,,,,,,,
0.01667,24.38,,,,,,,,,,,,,,,,,,,
0.03333,24.38,,,,,,,,,,,,,,,,,,,
0.05,24.38,,,,,,,,,,,,,,,,,,,
0.06667,24.38,,,,,,,,,,,,,,,,,,,
0.08333,24.38,,,,,,,,,,,,,,,,,,,
0.1,24.39,,,,,,,,,,,,,,,,,,,
0.11667,24.39,,,,,,,,,,,,,,,,,,,
0.13333,24.39,,,,,,,,,,,,,,,,,,,
0.15,24.39,,,,,,,,,,,,,,,,,,,
0.16667,24.4,,,,,,,,,,,,,,,,,,,
0.18333,24.4,,,,,,,,,,,,,,,,,,,
0.2,24.41,,,,,,,,,,,,,,,,,,,
0.21667,24.41,,,,,,,,,,,,,,,,,,,
0.23333,24.41,,,,,,,,,,,,,,,,,,,
0.25,24.41,,,,,,,,,,,,,,,,,,,
0.26667,24.42,,,,,,,,,,,,,,,,,,,
0.28333,24.42,,,,,,,,,,,,,,,,,,,
0.3,24.42,,,,,,,,,,,,,,,,,,,
0.31667,24.43,,,,,,,,,,,,,,,,,,,
0.33333,24.43,,,,,,,,,,,,,,,,,,,
0.35,24.43,,,,,,,,,,,,,,,,,,,
0.36667,24.43,,,,,,,,,,,,,,,,,,,
0.38333,24.43,,,,,,,,,,,,,,,,,,,
0.4,24.43,,,,,,,,,,,,,,,,,,,
0.41667,24.44,,,,,,,,,,,,,,,,,,,
0.43333,24.44,,,,,,,,,,,,,,,,,,,
0.45,24.44,,,,,,,,,,,,,,,,,,,
0.46667,24.44,,,,,,,,,,,,,,,,,,,
0.48333,24.44,,,,,,,,,,,,,,,,,,,
0.5,24.44,,,,,,,,,,,,,,,,,,,
0.51667,24.44,,,,,,,,,,,,,,,,,,,
0.53333,24.44,,,,,,,,,,,,,,,,,,,
0.55,24.44,,,,,,,,,,,,,,,,,,,
0.56667,24.45,,,,,,,,,,,,,,,,,,,
0.58333,24.45,,,,,,,,,,,,,,,,,,,
0.6,24.45,,,,,,,,,,,,,,,,,,,
0.61667,24.45,,,,,,,,,,,,,,,,,,,
0.63333,24.45,,,,,,,,,,,,,,,,,,,
0.65,24.46,,,,,,,,,,,,,,,,,,,
0.66667,24.46,,,,,,,,,,,,,,,,,,,
0.68333,24.46,,,,,,,,,,,,,,,,,,,
0.7,24.46,,,,,,,,,,,,,,,,,,,
0.71667,24.46,,,,,,,,,,,,,,,,,,,
0.73333,24.46,,,,,,,,,,,,,,,,,,,
0.75,24.46,,,,,,,,,,,,,,,,,,,
0.76667,24.46,,,,,,,,,,,,,,,,,,,
0.78333,24.45,,,,,,,,,,,,,,,,,,,
0.8,24.45,,,,,,,,,,,,,,,,,,,
0.81667,24.45,,,,,,,,,,,,,,,,,,,
0.83333,24.45,,,,,,,,,,,,,,,,,,,
0.85,24.45,,,,,,,,,,,,,,,,,,,
0.86667,24.45,,,,,,,,,,,,,,,,,,,
0.88333,24.45,,,,,,,,,,,,,,,,,,,
0.9,24.45,,,,,,,,,,,,,,,,,,,
0.91667,24.45,,,,,,,,,,,,,,,,,,,
0.93333,24.45,,,,,,,,,,,,,,,,,,,
0.95,24.44,,,,,,,,,,,,,,,,,,,
0.96667,24.44,,,,,,,,,,,,,,,,,,,
0.98333,24.44,,,,,,,,,,,,,,,,,,,
1,24.44,,,,,,,,,,,,,,,,,,,
1.01667,24.44,,,,,,,,,,,,,,,,,,,
1.03333,24.44,,,,,,,,,,,,,,,,,,,
1.05,24.44,,,,,,,,,,,,,,,,,,,
1.06667,24.44,,,,,,,,,,,,,,,,,,,
1.08333,24.44,,,,,,,,,,,,,,,,,,,
1.1,24.44,,,,,,,,,,,,,,,,,,,
1.11667,24.43,,,,,,,,,,,,,,,,,,,
1.13333,24.43,,,,,,,,,,,,,,,,,,,
1.15,24.43,,,,,,,,,,,,,,,,,,,
1.16667,24.43,,,,,,,,,,,,,,,,,,,
1.18333,24.44,,,,,,,,,,,,,,,,,,,
1.2,24.44,,,,,,,,,,,,,,,,,,,
1.21667,24.44,,,,,,,,,,,,,,,,,,,
1.23333,24.44,,,,,,,,,,,,,,,,,,,
1.25,24.45,,,,,,,,,,,,,,,,,,,
1.26667,24.45,,,,,,,,,,,,,,,,,,,
1.28333,24.45,,,,,,,,,,,,,,,,,,,
1.3,24.45,,,,,,,,,,,,,,,,,,,
1.31667,24.46,,,,,,,,,,,,,,,,,,,
1.33333,24.46,,,,,,,,,,,,,,,,,,,
1.35,24.46,,,,,,,,,,,,,,,,,,,
1.36667,24.46,,,,,,,,,,,,,,,,,,,
1.38333,24.47,,,,,,,,,,,,,,,,,,,
1.4,24.47,,,,,,,,,,,,,,,,,,,
1.41667,24.47,,,,,,,,,,,,,,,,,,,
1.43333,24.47,,,,,,,,,,,,,,,,,,,
1.45,24.47,,,,,,,,,,,,,,,,,,,
1.46667,24.47,,,,,,,,,,,,,,,,,,,
1.48333,24.47,,,,,,,,,,,,,,,,,,,
1.5,24.47,,,,,,,,,,,,,,,,,,,
1.51667,24.47,,,,,,,,,,,,,,,,,,,
1.53333,24.47,,,,,,,,,,,,,,,,,,,
1.55,24.47,,,,,,,,,,,,,,,,,,,
1.56667,24.47,,,,,,,,,,,,,,,,,,,
1.58333,24.47,,,,,,,,,,,,,,,,,,,
1.6,24.47,,,,,,,,,,,,,,,,,,,
1.61667,24.47,,,,,,,,,,,,,,,,,,,
1.63333,24.46,,,,,,,,,,,,,,,,,,,
1.65,24.46,,,,,,,,,,,,,,,,,,,
1.66667,24.46,,,,,,,,,,,,,,,,,,,
1.68333,24.46,,,,,,,,,,,,,,,,,,,
1.7,24.47,,,,,,,,,,,,,,,,,,,
1.71667,24.47,,,,,,,,,,,,,,,,,,,
1.73333,24.47,,,,,,,,,,,,,,,,,,,
1.75,24.47,,,,,,,,,,,,,,,,,,,
1.76667,24.48,,,,,,,,,,,,,,,,,,,
1.78333,24.48,,,,,,,,,,,,,,,,,,,
1.8,24.48,,,,,,,,,,,,,,,,,,,
1.81667,24.48,,,,,,,,,,,,,,,,,,,
1.83333,24.48,,,,,,,,,,,,,,,,,,,
1.85,24.48,,,,,,,,,,,,,,,,,,,
1.86667,24.48,,,,,,,,,,,,,,,,,,,
1.88333,24.49,,,,,,,,,,,,,,,,,,,
1.9,24.49,,,,,,,,,,,,,,,,,,,
1.91667,24.49,,,,,,,,,,,,,,,,,,,
1.93333,24.49,,,,,,,,,,,,,,,,,,,
1.95,24.49,,,,,,,,,,,,,,,,,,,
1.96667,24.49,,,,,,,,,,,,,,,,,,,
1.98333,24.5,,,,,,,,,,,,,,,,,,,
2,24.5,,,,,,,,,,,,,,,,,,,
2.01667,24.5,,,,,,,,,,,,,,,,,,,
2.03333,24.5,,,,,,,,,,,,,,,,,,,
2.05,24.51,,,,,,,,,,,,,,,,,,,
2.06667,24.51,,,,,,,,,,,,,,,,,,,
2.08333,24.51,,,,,,,,,,,,,,,,,,,
2.1,24.51,,,,,,,,,,,,,,,,,,,
2.11667,24.51,,,,,,,,,,,,,,,,,,,
2.13333,24.51,,,,,,,,,,,,,,,,,,,
2.15,24.52,,,,,,,,,,,,,,,,,,,
2.16667,24.52,,,,,,,,,,,,,,,,,,,
2.18333,24.52,,,,,,,,,,,,,,,,,,,
2.2,24.52,,,,,,,,,,,,,,,,,,,
2.21667,24.52,,,,,,,,,,,,,,,,,,,
2.23333,24.51,,,,,,,,,,,,,,,,,,,
2.25,24.51,,,,,,,,,,,,,,,,,,,
2.26667,24.51,,,,,,,,,,,,,,,,,,,
2.28333,24.51,,,,,,,,,,,,,,,,,,,
2.3,24.51,,,,,,,,,,,,,,,,,,,
2.31667,24.51,,,,,,,,,,,,,,,,,,,
2.33333,24.51,,,,,,,,,,,,,,,,,,,
2.35,24.51,,,,,,,,,,,,,,,,,,,
2.36667,24.51,,,,,,,,,,,,,,,,,,,
2.38333,24.51,,,,,,,,,,,,,,,,,,,
2.4,24.51,,,,,,,,,,,,,,,,,,,
2.41667,24.51,,,,,,,,,,,,,,,,,,,
2.43333,24.51,,,,,,,,,,,,,,,,,,,
2.45,24.51,,,,,,,,,,,,,,,,,,,
2.46667,24.51,,,,,,,,,,,,,,,,,,,
2.48333,24.51,,,,,,,,,,,,,,,,,,,
2.5,24.51,,,,,,,,,,,,,,,,,,,
2.51667,24.51,,,,,,,,,,,,,,,,,,,
2.53333,24.51,,,,,,,,,,,,,,,,,,,
2.55,24.51,,,,,,,,,,,,,,,,,,,
2.56667,24.51,,,,,,,,,,,,,,,,,,,
2.58333,24.51,,,,,,,,,,,,,,,,,,,
2.6,24.51,,,,,,,,,,,,,,,,,,,
2.61667,24.51,,,,,,,,,,,,,,,,,,,
2.63333,24.51,,,,,,,,,,,,,,,,,,,
2.65,24.51,,,,,,,,,,,,,,,,,,,
2.66667,24.51,,,,,,,,,,,,,,,,,,,
2.68333,24.51,,,,,,,,,,,,,,,,,,,
2.7,24.51,,,,,,,,,,,,,,,,,,,
2.71667,24.51,,,,,,,,,,,,,,,,,,,
2.73333,24.51,,,,,,,,,,,,,,,,,,,
2.75,24.51,,,,,,,,,,,,,,,,,,,
2.76667,24.51,,,,,,,,,,,,,,,,,,,
2.78333,24.51,,,,,,,,,,,,,,,,,,,
2.8,24.52,,,,,,,,,,,,,,,,,,,
2.81667,24.52,,,,,,,,,,,,,,,,,,,
2.83333,24.52,,,,,,,,,,,,,,,,,,,
2.85,24.52,,,,,,,,,,,,,,,,,,,
2.86667,24.52,,,,,,,,,,,,,,,,,,,
2.88333,24.52,,,,,,,,,,,,,,,,,,,
2.9,24.52,,,,,,,,,,,,,,,,,,,
2.91667,24.52,,,,,,,,,,,,,,,,,,,
2.93333,24.53,,,,,,,,,,,,,,,,,,,
2.95,24.53,,,,,,,,,,,,,,,,,,,
2.96667,24.53,,,,,,,,,,,,,,,,,,,
2.98333,24.53,,,,,,,,,,,,,,,,,,,
3,24.53,,,,,,,,,,,,,,,,,,,
3.01667,24.53,,,,,,,,,,,,,,,,,,,
3.03333,24.53,,,,,,,,,,,,,,,,,,,
3.05,24.53,,,,,,,,,,,,,,,,,,,
3.06667,24.53,,,,,,,,,,,,,,,,,,,
3.08333,24.53,,,,,,,,,,,,,,,,,,,
3.1,24.53,,,,,,,,,,,,,,,,,,,
3.11667,24.53,,,,,,,,,,,,,,,,,,,
3.13333,24.53,,,,,,,,,,,,,,,,,,,
3.15,24.53,,,,,,,,,,,,,,,,,,,
3.16667,24.53,,,,,,,,,,,,,,,,,,,
3.18333,24.53,,,,,,,,,,,,,,,,,,,
3.2,24.54,,,,,,,,,,,,,,,,,,,
3.21667,24.54,,,,,,,,,,,,,,,,,,,
3.23333,24.54,,,,,,,,,,,,,,,,,,,
3.25,24.54,,,,,,,,,,,,,,,,,,,
3.26667,24.54,,,,,,,,,,,,,,,,,,,
3.28333,24.54,,,,,,,,,,,,,,,,,,,
3.3,24.54,,,,,,,,,,,,,,,,,,,
3.31667,24.54,,,,,,,,,,,,,,,,,,,
3.33333,24.54,,,,,,,,,,,,,,,,,,,
3.35,24.54,,,,,,,,,,,,,,,,,,,
3.36667,24.54,,,,,,,,,,,,,,,,,,,
3.38333,24.54,,,,,,,,,,,,,,,,,,,
3.4,24.54,,,,,,,,,,,,,,,,,,,
3.41667,24.54,,,,,,,,,,,,,,,,,,,
3.43333,24.54,,,,,,,,,,,,,,,,,,,
3.45,24.54,,,,,,,,,,,,,,,,,,,
3.46667,24.54,,,,,,,,,,,,,,,,,,,
3.48333,24.54,,,,,,,,,,,,,,,,,,,
3.5,24.54,,,,,,,,,,,,,,,,,,,
3.51667,24.54,,,,,,,,,,,,,,,,,,,
3.53333,24.54,,,,,,,,,,,,,,,,,,,
3.55,24.54,,,,,,,,,,,,,,,,,,,
3.56667,24.54,,,,,,,,,,,,,,,,,,,
3.58333,24.54,,,,,,,,,,,,,,,,,,,
3.6,24.54,,,,,,,,,,,,,,,,,,,
3.61667,24.55,,,,,,,,,,,,,,,,,,,
3.63333,24.55,,,,,,,,,,,,,,,,,,,
3.65,24.55,,,,,,,,,,,,,,,,,,,
3.66667,24.55,,,,,,,,,,,,,,,,,,,
3.68333,24.55,,,,,,,,,,,,,,,,,,,
3.7,24.55,,,,,,,,,,,,,,,,,,,
3.71667,24.55,,,,,,,,,,,,,,,,,,,
3.73333,24.55,,,,,,,,,,,,,,,,,,,
3.75,24.55,,,,,,,,,,,,,,,,,,,
3.76667,24.55,,,,,,,,,,,,,,,,,,,
3.78333,24.55,,,,,,,,,,,,,,,,,,,
3.8,24.55,,,,,,,,,,,,,,,,,,,
3.81667,24.54,,,,,,,,,,,,,,,,,,,
3.83333,24.54,,,,,,,,,,,,,,,,,,,
3.85,24.54,,,,,,,,,,,,,,,,,,,
3.86667,24.54,,,,,,,,,,,,,,,,,,,
3.88333,24.54,,,,,,,,,,,,,,,,,,,
3.9,24.54,,,,,,,,,,,,,,,,,,,
3.91667,24.54,,,,,,,,,,,,,,,,,,,
3.93333,24.54,,,,,,,,,,,,,,,,,,,
3.95,24.54,,,,,,,,,,,,,,,,,,,
3.96667,24.54,,,,,,,,,,,,,,,,,,,
3.98333,24.54,,,,,,,,,,,,,,,,,,,
4,24.54,,,,,,,,,,,,,,,,,,,
4.01667,24.54,,,,,,,,,,,,,,,,,,,
4.03333,24.54,,,,,,,,,,,,,,,,,,,
4.05,24.53,,,,,,,,,,,,,,,,,,,
4.06667,24.53,,,,,,,,,,,,,,,,,,,
4.08333,24.53,,,,,,,,,,,,,,,,,,,
4.1,24.53,,,,,,,,,,,,,,,,,,,
4.11667,24.53,,,,,,,,,,,,,,,,,,,
4.13333,24.53,,,,,,,,,,,,,,,,,,,
4.15,24.53,,,,,,,,,,,,,,,,,,,
4.16667,24.53,,,,,,,,,,,,,,,,,,,
4.18333,24.52,,,,,,,,,,,,,,,,,,,
4.2,24.52,,,,,,,,,,,,,,,,,,,
4.21667,24.52,,,,,,,,,,,,,,,,,,,
4.23333,24.52,,,,,,,,,,,,,,,,,,,
4.25,24.52,,,,,,,,,,,,,,,,,,,
4.26667,24.52,,,,,,,,,,,,,,,,,,,
4.28333,24.52,,,,,,,,,,,,,,,,,,,
4.3,24.52,,,,,,,,,,,,,,,,,,,
4.31667,24.52,,,,,,,,,,,,,,,,,,,
4.33333,24.52,,,,,,,,,,,,,,,,,,,
4.35,24.52,,,,,,,,,,,,,,,,,,,
4.36667,24.52,,,,,,,,,,,,,,,,,,,
4.38333,24.52,,,,,,,,,,,,,,,,,,,
4.4,24.52,,,,,,,,,,,,,,,,,,,
4.41667,24.52,,,,,,,,,,,,,,,,,,,
4.43333,24.52,,,,,,,,,,,,,,,,,,,
4.45,24.52,,,,,,,,,,,,,,,,,,,
4.46667,24.52,,,,,,,,,,,,,,,,,,,
4.48333,24.52,,,,,,,,,,,,,,,,,,,
4.5,24.52,,,,,,,,,,,,,,,,,,,
4.51667,24.52,,,,,,,,,,,,,,,,,,,
4.53333,24.52,,,,,,,,,,,,,,,,,,,
4.55,24.52,,,,,,,,,,,,,,,,,,,
4.56667,24.52,,,,,,,,,,,,,,,,,,,
4.58333,24.52,,,,,,,,,,,,,,,,,,,
4.6,24.52,,,,,,,,,,,,,,,,,,,
4.61667,24.52,,,,,,,,,,,,,,,,,,,
4.63333,24.52,,,,,,,,,,,,,,,,,,,
4.65,24.52,,,,,,,,,,,,,,,,,,,
4.66667,24.52,,,,,,,,,,,,,,,,,,,
4.68333,24.52,,,,,,,,,,,,,,,,,,,
4.7,24.53,,,,,,,,,,,,,,,,,,,
4.71667,24.53,,,,,,,,,,,,,,,,,,,
4.73333,24.53,,,,,,,,,,,,,,,,,,,
4.75,24.53,,,,,,,,,,,,,,,,,,,
4.76667,24.54,,,,,,,,,,,,,,,,,,,
4.78333,24.54,,,,,,,,,,,,,,,,,,,
4.8,24.54,,,,,,,,,,,,,,,,,,,
4.81667,24.54,,,,,,,,,,,,,,,,,,,
4.83333,24.54,,,,,,,,,,,,,,,,,,,
4.85,24.54,,,,,,,,,,,,,,,,,,,
4.86667,24.54,,,,,,,,,,,,,,,,,,,
4.88333,24.54,,,,,,,,,,,,,,,,,,,
4.9,24.54,,,,,,,,,,,,,,,,,,,
4.91667,24.54,,,,,,,,,,,,,,,,,,,
4.93333,24.53,,,,,,,,,,,,,,,,,,,
4.95,24.53,,,,,,,,,,,,,,,,,,,
4.96667,24.53,,,,,,,,,,,,,,,,,,,
4.98333,24.53,,,,,,,,,,,,,,,,,,,
5,24.53,,,,,,,,,,,,,,,,,,,
5.01667,24.53,,,,,,,,,,,,,,,,,,,
5.03333,24.52,,,,,,,,,,,,,,,,,,,
5.05,24.52,,,,,,,,,,,,,,,,,,,
5.06667,24.51,,,,,,,,,,,,,,,,,,,
5.08333,24.51,,,,,,,,,,,,,,,,,,,
5.1,24.51,,,,,,,,,,,,,,,,,,,
5.11667,24.51,,,,,,,,,,,,,,,,,,,
5.13333,24.5,,,,,,,,,,,,,,,,,,,
5.15,24.5,,,,,,,,,,,,,,,,,,,
5.16667,24.5,,,,,,,,,,,,,,,,,,,
5.18333,24.5,,,,,,,,,,,,,,,,,,,
5.2,24.5,,,,,,,,,,,,,,,,,,,
5.21667,24.5,,,,,,,,,,,,,,,,,,,
5.23333,24.5,,,,,,,,,,,,,,,,,,,
5.25,24.5,,,,,,,,,,,,,,,,,,,
5.26667,24.49,,,,,,,,,,,,,,,,,,,
5.28333,24.49,,,,,,,,,,,,,,,,,,,
5.3,24.49,,,,,,,,,,,,,,,,,,,
5.31667,24.49,,,,,,,,,,,,,,,,,,,
5.33333,24.49,,,,,,,,,,,,,,,,,,,
5.35,24.49,,,,,,,,,,,,,,,,,,,
5.36667,24.49,,,,,,,,,,,,,,,,,,,
5.38333,24.49,,,,,,,,,,,,,,,,,,,
5.4,24.49,,,,,,,,,,,,,,,,,,,
5.41667,24.49,,,,,,,,,,,,,,,,,,,
5.43333,24.48,,,,,,,,,,,,,,,,,,,
5.45,24.48,,,,,,,,,,,,,,,,,,,
5.46667,24.48,,,,,,,,,,,,,,,,,,,
5.48333,24.48,,,,,,,,,,,,,,,,,,,
5.5,24.48,,,,,,,,,,,,,,,,,,,
5.51667,24.48,,,,,,,,,,,,,,,,,,,
5.53333,24.48,,,,,,,,,,,,,,,,,,,
5.55,24.48,,,,,,,,,,,,,,,,,,,
5.56667,24.48,,,,,,,,,,,,,,,,,,,
5.58333,24.48,,,,,,,,,,,,,,,,,,,
5.6,24.48,,,,,,,,,,,,,,,,,,,
5.61667,24.48,,,,,,,,,,,,,,,,,,,
5.63333,24.48,,,,,,,,,,,,,,,,,,,
5.65,24.48,,,,,,,,,,,,,,,,,,,
5.66667,24.48,,,,,,,,,,,,,,,,,,,
5.68333,24.47,,,,,,,,,,,,,,,,,,,
5.7,24.47,,,,,,,,,,,,,,,,,,,
5.71667,24.47,,,,,,,,,,,,,,,,,,,
5.73333,24.47,,,,,,,,,,,,,,,,,,,
5.75,24.47,,,,,,,,,,,,,,,,,,,
5.76667,24.47,,,,,,,,,,,,,,,,,,,
5.78333,24.48,,,,,,,,,,,,,,,,,,,
5.8,24.48,,,,,,,,,,,,,,,,,,,
5.81667,24.48,,,,,,,,,,,,,,,,,,,
5.83333,24.48,,,,,,,,,,,,,,,,,,,
5.85,24.48,,,,,,,,,,,,,,,,,,,
5.86667,24.48,,,,,,,,,,,,,,,,,,,
5.88333,24.49,,,,,,,,,,,,,,,,,,,
5.9,24.49,,,,,,,,,,,,,,,,,,,
5.91667,24.49,,,,,,,,,,,,,,,,,,,
5.93333,24.49,,,,,,,,,,,,,,,,,,,
5.95,24.5,,,,,,,,,,,,,,,,,,,
5.96667,24.5,,,,,,,,,,,,,,,,,,,
5.98333,24.5,,,,,,,,,,,,,,,,,,,
6,24.5,,,,,,,,,,,,,,,,,,,
6.01667,24.5,,,,,,,,,,,,,,,,,,,
6.03333,24.5,,,,,,,,,,,,,,,,,,,
6.05,24.5,,,,,,,,,,,,,,,,,,,
6.06667,24.5,,,,,,,,,,,,,,,,,,,
6.08333,24.49,,,,,,,,,,,,,,,,,,,
6.1,24.49,,,,,,,,,,,,,,,,,,,
6.11667,24.49,,,,,,,,,,,,,,,,,,,
6.13333,24.49,,,,,,,,,,,,,,,,,,,
6.15,24.49,,,,,,,,,,,,,,,,,,,
6.16667,24.49,,,,,,,,,,,,,,,,,,,
6.18333,24.49,,,,,,,,,,,,,,,,,,,
6.2,24.49,,,,,,,,,,,,,,,,,,,
6.21667,24.49,,,,,,,,,,,,,,,,,,,
6.23333,24.49,,,,,,,,,,,,,,,,,,,
6.25,24.5,,,,,,,,,,,,,,,,,,,
6.26667,24.5,,,,,,,,,,,,,,,,,,,
6.28333,24.5,,,,,,,,,,,,,,,,,,,
6.3,24.5,,,,,,,,,,,,,,,,,,,
6.31667,24.5,,,,,,,,,,,,,,,,,,,
6.33333,24.5,,,,,,,,,,,,,,,,,,,
6.35,24.5,,,,,,,,,,,,,,,,,,,
6.36667,24.5,,,,,,,,,,,,,,,,,,,
6.38333,24.5,,,,,,,,,,,,,,,,,,,
6.4,24.5,,,,,,,,,,,,,,,,,,,
6.41667,24.5,,,,,,,,,,,,,,,,,,,
6.43333,24.5,,,,,,,,,,,,,,,,,,,
6.45,24.5,,,,,,,,,,,,,,,,,,,
6.46667,24.5,,,,,,,,,,,,,,,,,,,
6.48333,24.5,,,,,,,,,,,,,,,,,,,
6.5,24.5,,,,,,,,,,,,,,,,,,,
6.51667,24.5,,,,,,,,,,,,,,,,,,,
6.53333,24.5,,,,,,,,,,,,,,,,,,,
6.55,24.5,,,,,,,,,,,,,,,,,,,
6.56667,24.5,,,,,,,,,,,,,,,,,,,
6.58333,24.5,,,,,,,,,,,,,,,,,,,
6.6,24.5,,,,,,,,,,,,,,,,,,,
6.61667,24.5,,,,,,,,,,,,,,,,,,,
6.63333,24.5,,,,,,,,,,,,,,,,,,,
6.65,24.5,,,,,,,,,,,,,,,,,,,
6.66667,24.5,,,,,,,,,,,,,,,,,,,
6.68333,24.5,,,,,,,,,,,,,,,,,,,
6.7,24.5,,,,,,,,,,,,,,,,,,,
6.71667,24.5,,,,,,,,,,,,,,,,,,,
6.73333,24.5,,,,,,,,,,,,,,,,,,,
6.75,24.5,,,,,,,,,,,,,,,,,,,
6.76667,24.5,,,,,,,,,,,,,,,,,,,
6.78333,24.5,,,,,,,,,,,,,,,,,,,
6.8,24.5,,,,,,,,,,,,,,,,,,,
6.81667,24.5,,,,,,,,,,,,,,,,,,,
6.83333,24.5,,,,,,,,,,,,,,,,,,,
6.85,24.5,,,,,,,,,,,,,,,,,,,
6.86667,24.5,,,,,,,,,,,,,,,,,,,
6.88333,24.5,,,,,,,,,,,,,,,,,,,
6.9,24.5,,,,,,,,,,,,,,,,,,,
6.91667,24.5,,,,,,,,,,,,,,,,,,,
6.93333,24.5,,,,,,,,,,,,,,,,,,,
6.95,24.5,,,,,,,,,,,,,,,,,,,
6.96667,24.5,,,,,,,,,,,,,,,,,,,
6.98333,24.5,,,,,,,,,,,,,,,,,,,
7,24.5,,,,,,,,,,,,,,,,,,,
7.01667,24.5,,,,,,,,,,,,,,,,,,,
7.03333,24.5,,,,,,,,,,,,,,,,,,,
7.05,24.49,,,,,,,,,,,,,,,,,,,
7.06667,24.48,,,,,,,,,,,,,,,,,,,
7.08333,24.48,,,,,,,,,,,,,,,,,,,
7.1,24.48,,,,,,,,,,,,,,,,,,,
7.11667,24.48,,,,,,,,,,,,,,,,,,,
7.13333,24.48,,,,,,,,,,,,,,,,,,,
7.15,24.48,,,,,,,,,,,,,,,,,,,
7.16667,24.48,,,,,,,,,,,,,,,,,,,
7.18333,24.48,,,,,,,,,,,,,,,,,,,
7.2,24.48,,,,,,,,,,,,,,,,,,,
7.21667,24.48,,,,,,,,,,,,,,,,,,,
7.23333,24.49,,,,,,,,,,,,,,,,,,,
7.25,24.49,,,,,,,,,,,,,,,,,,,
7.26667,24.49,,,,,,,,,,,,,,,,,,,
7.28333,24.49,,,,,,,,,,,,,,,,,,,
7.3,24.49,,,,,,,,,,,,,,,,,,,
7.31667,24.49,,,,,,,,,,,,,,,,,,,
7.33333,24.49,,,,,,,,,,,,,,,,,,,
7.35,24.49,,,,,,,,,,,,,,,,,,,
7.36667,24.5,,,,,,,,,,,,,,,,,,,
7.38333,24.5,,,,,,,,,,,,,,,,,,,
7.4,24.49,,,,,,,,,,,,,,,,,,,
7.41667,24.49,,,,,,,,,,,,,,,,,,,
7.43333,24.49,,,,,,,,,,,,,,,,,,,
7.45,24.49,,,,,,,,,,,,,,,,,,,
7.46667,24.49,,,,,,,,,,,,,,,,,,,
7.48333,24.49,,,,,,,,,,,,,,,,,,,
7.5,24.49,,,,,,,,,,,,,,,,,,,
7.51667,24.49,,,,,,,,,,,,,,,,,,,
7.53333,24.49,,,,,,,,,,,,,,,,,,,
7.55,24.49,,,,,,,,,,,,,,,,,,,
7.56667,24.49,,,,,,,,,,,,,,,,,,,
7.58333,24.49,,,,,,,,,,,,,,,,,,,
7.6,24.49,,,,,,,,,,,,,,,,,,,
7.61667,24.49,,,,,,,,,,,,,,,,,,,
7.63333,24.49,,,,,,,,,,,,,,,,,,,
7.65,24.49,,,,,,,,,,,,,,,,,,,
7.66667,24.49,,,,,,,,,,,,,,,,,,,
7.68333,24.49,,,,,,,,,,,,,,,,,,,
7.7,24.49,,,,,,,,,,,,,,,,,,,
7.71667,24.49,,,,,,,,,,,,,,,,,,,
7.73333,24.49,,,,,,,,,,,,,,,,,,,
7.75,24.49,,,,,,,,,,,,,,,,,,,
7.76667,24.49,,,,,,,,,,,,,,,,,,,
7.78333,24.49,,,,,,,,,,,,,,,,,,,
7.8,24.48,,,,,,,,,,,,,,,,,,,
7.81667,24.48,,,,,,,,,,,,,,,,,,,
7.83333,24.48,,,,,,,,,,,,,,,,,,,
7.85,24.48,,,,,,,,,,,,,,,,,,,
7.86667,24.48,,,,,,,,,,,,,,,,,,,
7.88333,24.48,,,,,,,,,,,,,,,,,,,
7.9,24.47,,,,,,,,,,,,,,,,,,,
7.91667,24.47,,,,,,,,,,,,,,,,,,,
7.93333,24.47,,,,,,,,,,,,,,,,,,,
7.95,24.47,,,,,,,,,,,,,,,,,,,
7.96667,24.47,,,,,,,,,,,,,,,,,,,
7.98333,24.47,,,,,,,,,,,,,,,,,,,
8,24.46,,,,,,,,,,,,,,,,,,,
8.01667,24.46,,,,,,,,,,,,,,,,,,,
8.03333,24.46,,,,,,,,,,,,,,,,,,,
8.05,24.46,,,,,,,,,,,,,,,,,,,
8.06667,24.46,,,,,,,,,,,,,,,,,,,
8.08333,24.46,,,,,,,,,,,,,,,,,,,
8.1,24.46,,,,,,,,,,,,,,,,,,,
8.11667,24.46,,,,,,,,,,,,,,,,,,,
8.13333,24.46,,,,,,,,,,,,,,,,,,,
8.15,24.46,,,,,,,,,,,,,,,,,,,
8.16667,24.46,,,,,,,,,,,,,,,,,,,
8.18333,24.46,,,,,,,,,,,,,,,,,,,
8.2,24.46,,,,,,,,,,,,,,,,,,,
8.21667,24.46,,,,,,,,,,,,,,,,,,,
8.23333,24.46,,,,,,,,,,,,,,,,,,,
8.25,24.46,,,,,,,,,,,,,,,,,,,
8.26667,24.47,,,,,,,,,,,,,,,,,,,
8.28333,24.47,,,,,,,,,,,,,,,,,,,
8.3,24.47,,,,,,,,,,,,,,,,,,,
8.31667,24.47,,,,,,,,,,,,,,,,,,,
8.33333,24.47,,,,,,,,,,,,,,,,,,,
8.35,24.47,,,,,,,,,,,,,,,,,,,
8.36667,24.47,,,,,,,,,,,,,,,,,,,
8.38333,24.48,,,,,,,,,,,,,,,,,,,
8.4,24.48,,,,,,,,,,,,,,,,,,,
8.41667,24.48,,,,,,,,,,,,,,,,,,,
8.43333,24.48,,,,,,,,,,,,,,,,,,,
8.45,24.48,,,,,,,,,,,,,,,,,,,
8.46667,24.48,,,,,,,,,,,,,,,,,,,
8.48333,24.49,,,,,,,,,,,,,,,,,,,
8.5,24.49,,,,,,,,,,,,,,,,,,,
8.51667,24.49,,,,,,,,,,,,,,,,,,,
8.53333,24.49,,,,,,,,,,,,,,,,,,,
8.55,24.49,,,,,,,,,,,,,,,,,,,
8.56667,24.49,,,,,,,,,,,,,,,,,,,
8.58333,24.5,,,,,,,,,,,,,,,,,,,
8.6,24.5,,,,,,,,,,,,,,,,,,,
8.61667,24.5,,,,,,,,,,,,,,,,,,,
8.63333,24.5,,,,,,,,,,,,,,,,,,,
8.65,24.5,,,,,,,,,,,,,,,,,,,
8.66667,24.5,,,,,,,,,,,,,,,,,,,
8.68333,24.51,,,,,,,,,,,,,,,,,,,
8.7,24.51,,,,,,,,,,,,,,,,,,,
8.71667,24.51,,,,,,,,,,,,,,,,,,,
8.73333,24.51,,,,,,,,,,,,,,,,,,,
8.75,24.52,,,,,,,,,,,,,,,,,,,
8.76667,24.52,,,,,,,,,,,,,,,,,,,
8.78333,24.52,,,,,,,,,,,,,,,,,,,
8.8,24.52,,,,,,,,,,,,,,,,,,,
8.81667,24.53,,,,,,,,,,,,,,,,,,,
8.83333,24.53,,,,,,,,,,,,,,,,,,,
8.85,24.53,,,,,,,,,,,,,,,,,,,
8.86667,24.53,,,,,,,,,,,,,,,,,,,
8.88333,24.54,,,,,,,,,,,,,,,,,,,
8.9,24.54,,,,,,,,,,,,,,,,,,,
8.91667,24.54,,,,,,,,,,,,,,,,,,,
8.93333,24.54,,,,,,,,,,,,,,,,,,,
8.95,24.55,,,,,,,,,,,,,,,,,,,
8.96667,24.55,,,,,,,,,,,,,,,,,,,
8.98333,24.55,,,,,,,,,,,,,,,,,,,
9,24.55,,,,,,,,,,,,,,,,,,,
9.01667,24.55,,,,,,,,,,,,,,,,,,,
9.03333,24.55,,,,,,,,,,,,,,,,,,,
9.05,24.55,,,,,,,,,,,,,,,,,,,
9.06667,24.55,,,,,,,,,,,,,,,,,,,
9.08333,24.55,,,,,,,,,,,,,,,,,,,
9.1,24.55,,,,,,,,,,,,,,,,,,,
9.11667,24.54,,,,,,,,,,,,,,,,,,,
9.13333,24.54,,,,,,,,,,,,,,,,,,,
9.15,24.54,,,,,,,,,,,,,,,,,,,
9.16667,24.54,,,,,,,,,,,,,,,,,,,
9.18333,24.54,,,,,,,,,,,,,,,,,,,
9.2,24.54,,,,,,,,,,,,,,,,,,,
9.21667,24.53,,,,,,,,,,,,,,,,,,,
9.23333,24.53,,,,,,,,,,,,,,,,,,,
9.25,24.53,,,,,,,,,,,,,,,,,,,
9.26667,24.53,,,,,,,,,,,,,,,,,,,
9.28333,24.52,,,,,,,,,,,,,,,,,,,
9.3,24.52,,,,,,,,,,,,,,,,,,,
9.31667,24.52,,,,,,,,,,,,,,,,,,,
9.33333,24.52,,,,,,,,,,,,,,,,,,,
9.35,24.52,,,,,,,,,,,,,,,,,,,
9.36667,24.52,,,,,,,,,,,,,,,,,,,
9.38333,24.51,,,,,,,,,,,,,,,,,,,
9.4,24.51,,,,,,,,,,,,,,,,,,,
9.41667,24.51,,,,,,,,,,,,,,,,,,,
9.43333,24.51,,,,,,,,,,,,,,,,,,,
9.45,24.51,,,,,,,,,,,,,,,,,,,
9.46667,24.51,,,,,,,,,,,,,,,,,,,
9.48333,24.51,,,,,,,,,,,,,,,,,,,
9.5,24.51,,,,,,,,,,,,,,,,,,,
9.51667,24.52,,,,,,,,,,,,,,,,,,,
9.53333,24.52,,,,,,,,,,,,,,,,,,,
9.55,24.52,,,,,,,,,,,,,,,,,,,
9.56667,24.52,,,,,,,,,,,,,,,,,,,
9.58333,24.52,,,,,,,,,,,,,,,,,,,
9.6,24.51,,,,,,,,,,,,,,,,,,,
9.61667,24.51,,,,,,,,,,,,,,,,,,,
9.63333,24.51,,,,,,,,,,,,,,,,,,,
9.65,24.51,,,,,,,,,,,,,,,,,,,
9.66667,24.51,,,,,,,,,,,,,,,,,,,
9.68333,24.51,,,,,,,,,,,,,,,,,,,
9.7,24.51,,,,,,,,,,,,,,,,,,,
9.71667,24.51,,,,,,,,,,,,,,,,,,,
9.73333,24.51,,,,,,,,,,,,,,,,,,,
9.75,24.51,,,,,,,,,,,,,,,,,,,
9.76667,24.51,,,,,,,,,,,,,,,,,,,
9.78333,24.51,,,,,,,,,,,,,,,,,,,
9.8,24.51,,,,,,,,,,,,,,,,,,,
9.81667,24.51,,,,,,,,,,,,,,,,,,,
9.83333,24.51,,,,,,,,,,,,,,,,,,,
9.85,24.5,,,,,,,,,,,,,,,,,,,
9.86667,24.5,,,,,,,,,,,,,,,,,,,
9.88333,24.5,,,,,,,,,,,,,,,,,,,
9.9,24.5,,,,,,,,,,,,,,,,,,,
9.91667,24.5,,,,,,,,,,,,,,,,,,,
9.93333,24.5,,,,,,,,,,,,,,,,,,,
9.95,24.5,,,,,,,,,,,,,,,,,,,
9.96667,24.5,,,,,,,,,,,,,,,,,,,
9.98333,24.5,,,,,,,,,,,,,,,,,,,
10,24.5,,,,,,,,,,,,,,,,,,,
10.01667,24.5,,,,,,,,,,,,,,,,,,,
10.03333,24.5,,,,,,,,,,,,,,,,,,,
10.05,24.5,,,,,,,,,,,,,,,,,,,
10.06667,24.5,,,,,,,,,,,,,,,,,,,
10.08333,24.5,,,,,,,,,,,,,,,,,,,
10.1,24.5,,,,,,,,,,,,,,,,,,,
10.11667,24.5,,,,,,,,,,,,,,,,,,,
10.13333,24.5,,,,,,,,,,,,,,,,,,,
10.15,24.5,,,,,,,,,,,,,,,,,,,
10.16667,24.5,,,,,,,,,,,,,,,,,,,
10.18333,24.5,,,,,,,,,,,,,,,,,,,
10.2,24.5,,,,,,,,,,,,,,,,,,,
10.21667,24.5,,,,,,,,,,,,,,,,,,,
10.23333,24.5,,,,,,,,,,,,,,,,,,,
10.25,24.5,,,,,,,,,,,,,,,,,,,
10.26667,24.5,,,,,,,,,,,,,,,,,,,
10.28333,24.5,,,,,,,,,,,,,,,,,,,
10.3,24.49,,,,,,,,,,,,,,,,,,,
10.31667,24.49,,,,,,,,,,,,,,,,,,,
10.33333,24.49,,,,,,,,,,,,,,,,,,,
10.35,24.49,,,,,,,,,,,,,,,,,,,
10.36667,24.49,,,,,,,,,,,,,,,,,,,
10.38333,24.49,,,,,,,,,,,,,,,,,,,
10.4,24.49,,,,,,,,,,,,,,,,,,,
10.41667,24.49,,,,,,,,,,,,,,,,,,,
10.43333,24.48,,,,,,,,,,,,,,,,,,,
10.45,24.48,,,,,,,,,,,,,,,,,,,
10.46667,24.48,,,,,,,,,,,,,,,,,,,
10.48333,24.48,,,,,,,,,,,,,,,,,,,
10.5,24.48,,,,,,,,,,,,,,,,,,,
10.51667,24.48,,,,,,,,,,,,,,,,,,,
10.53333,24.48,,,,,,,,,,,,,,,,,,,
10.55,24.48,,,,,,,,,,,,,,,,,,,
10.56667,24.48,,,,,,,,,,,,,,,,,,,
10.58333,24.48,,,,,,,,,,,,,,,,,,,
10.6,24.48,,,,,,,,,,,,,,,,,,,
10.61667,24.48,,,,,,,,,,,,,,,,,,,
10.63333,24.48,,,,,,,,,,,,,,,,,,,
10.65,24.48,,,,,,,,,,,,,,,,,,,
10.66667,24.47,,,,,,,,,,,,,,,,,,,
10.68333,24.47,,,,,,,,,,,,,,,,,,,
10.7,24.47,,,,,,,,,,,,,,,,,,,
10.71667,24.47,,,,,,,,,,,,,,,,,,,
10.73333,24.47,,,,,,,,,,,,,,,,,,,
10.75,24.47,,,,,,,,,,,,,,,,,,,
10.76667,24.47,,,,,,,,,,,,,,,,,,,
10.78333,24.47,,,,,,,,,,,,,,,,,,,
10.8,24.46,,,,,,,,,,,,,,,,,,,
10.81667,24.46,,,,,,,,,,,,,,,,,,,
10.83333,24.46,,,,,,,,,,,,,,,,,,,
10.85,24.46,,,,,,,,,,,,,,,,,,,
10.86667,24.46,,,,,,,,,,,,,,,,,,,
10.88333,24.46,,,,,,,,,,,,,,,,,,,
10.9,24.46,,,,,,,,,,,,,,,,,,,
10.91667,24.45,,,,,,,,,,,,,,,,,,,
10.93333,24.45,,,,,,,,,,,,,,,,,,,
10.95,24.45,,,,,,,,,,,,,,,,,,,
10.96667,24.45,,,,,,,,,,,,,,,,,,,
10.98333,24.45,,,,,,,,,,,,,,,,,,,
11,24.45,,,,,,,,,,,,,,,,,,,
11.01667,24.45,,,,,,,,,,,,,,,,,,,
11.03333,24.45,,,,,,,,,,,,,,,,,,,
11.05,24.45,,,,,,,,,,,,,,,,,,,
11.06667,24.45,,,,,,,,,,,,,,,,,,,
11.08333,24.45,,,,,,,,,,,,,,,,,,,
11.1,24.44,,,,,,,,,,,,,,,,,,,
11.11667,24.44,,,,,,,,,,,,,,,,,,,
11.13333,24.44,,,,,,,,,,,,,,,,,,,
11.15,24.44,,,,,,,,,,,,,,,,,,,
11.16667,24.44,,,,,,,,,,,,,,,,,,,
11.18333,24.44,,,,,,,,,,,,,,,,,,,
11.2,24.43,,,,,,,,,,,,,,,,,,,
11.21667,24.43,,,,,,,,,,,,,,,,,,,
11.23333,24.43,,,,,,,,,,,,,,,,,,,
11.25,24.43,,,,,,,,,,,,,,,,,,,
11.26667,24.43,,,,,,,,,,,,,,,,,,,
11.28333,24.43,,,,,,,,,,,,,,,,,,,
11.3,24.43,,,,,,,,,,,,,,,,,,,
11.31667,24.43,,,,,,,,,,,,,,,,,,,
11.33333,24.43,,,,,,,,,,,,,,,,,,,
11.35,24.43,,,,,,,,,,,,,,,,,,,
11.36667,24.43,,,,,,,,,,,,,,,,,,,
11.38333,24.43,,,,,,,,,,,,,,,,,,,
11.4,24.43,,,,,,,,,,,,,,,,,,,
11.41667,24.42,,,,,,,,,,,,,,,,,,,
11.43333,24.42,,,,,,,,,,,,,,,,,,,
11.45,24.42,,,,,,,,,,,,,,,,,,,
11.46667,24.42,,,,,,,,,,,,,,,,,,,
11.48333,24.42,,,,,,,,,,,,,,,,,,,
11.5,24.42,,,,,,,,,,,,,,,,,,,
11.51667,24.42,,,,,,,,,,,,,,,,,,,
11.53333,24.42,,,,,,,,,,,,,,,,,,,
11.55,24.42,,,,,,,,,,,,,,,,,,,
11.56667,24.42,,,,,,,,,,,,,,,,,,,
11.58333,24.42,,,,,,,,,,,,,,,,,,,
11.6,24.42,,,,,,,,,,,,,,,,,,,
11.61667,24.41,,,,,,,,,,,,,,,,,,,
11.63333,24.41,,,,,,,,,,,,,,,,,,,
11.65,24.4,,,,,,,,,,,,,,,,,,,
11.66667,24.4,,,,,,,,,,,,,,,,,,,
11.68333,24.4,,,,,,,,,,,,,,,,,,,
11.7,24.4,,,,,,,,,,,,,,,,,,,
11.71667,24.39,,,,,,,,,,,,,,,,,,,
11.73333,24.39,,,,,,,,,,,,,,,,,,,
11.75,24.39,,,,,,,,,,,,,,,,,,,
11.76667,24.39,,,,,,,,,,,,,,,,,,,
11.78333,24.39,,,,,,,,,,,,,,,,,,,
11.8,24.39,,,,,,,,,,,,,,,,,,,
11.81667,24.39,,,,,,,,,,,,,,,,,,,
11.83333,24.39,,,,,,,,,,,,,,,,,,,
11.85,24.39,,,,,,,,,,,,,,,,,,,
11.86667,24.39,,,,,,,,,,,,,,,,,,,
11.88333,24.39,,,,,,,,,,,,,,,,,,,
11.9,24.39,,,,,,,,,,,,,,,,,,,
11.91667,24.39,,,,,,,,,,,,,,,,,,,
11.93333,24.39,,,,,,,,,,,,,,,,,,,
11.95,24.39,,,,,,,,,,,,,,,,,,,
11.96667,24.39,,,,,,,,,,,,,,,,,,,
11.98333,24.39,,,,,,,,,,,,,,,,,,,
12,24.39,,,,,,,,,,,,,,,,,,,
12.01667,24.39,,,,,,,,,,,,,,,,,,,
12.03333,24.39,,,,,,,,,,,,,,,,,,,
12.05,24.38,,,,,,,,,,,,,,,,,,,
12.06667,24.38,,,,,,,,,,,,,,,,,,,
12.08333,24.38,,,,,,,,,,,,,,,,,,,
12.1,24.38,,,,,,,,,,,,,,,,,,,
12.11667,24.38,,,,,,,,,,,,,,,,,,,
12.13333,24.38,,,,,,,,,,,,,,,,,,,
12.15,24.38,,,,,,,,,,,,,,,,,,,
12.16667,24.38,,,,,,,,,,,,,,,,,,,
12.18333,24.38,,,,,,,,,,,,,,,,,,,
12.2,24.38,,,,,,,,,,,,,,,,,,,
12.21667,24.38,,,,,,,,,,,,,,,,,,,
12.23333,24.38,,,,,,,,,,,,,,,,,,,
12.25,24.37,,,,,,,,,,,,,,,,,,,
12.26667,24.37,,,,,,,,,,,,,,,,,,,
12.28333,24.37,,,,,,,,,,,,,,,,,,,
12.3,24.37,,,,,,,,,,,,,,,,,,,
12.31667,24.37,,,,,,,,,,,,,,,,,,,
12.33333,24.37,,,,,,,,,,,,,,,,,,,
12.35,24.37,,,,,,,,,,,,,,,,,,,
12.36667,24.37,,,,,,,,,,,,,,,,,,,
12.38333,24.37,,,,,,,,,,,,,,,,,,,
12.4,24.37,,,,,,,,,,,,,,,,,,,
12.41667,24.37,,,,,,,,,,,,,,,,,,,
12.43333,24.38,,,,,,,,,,,,,,,,,,,
12.45,24.38,,,,,,,,,,,,,,,,,,,
12.46667,24.38,,,,,,,,,,,,,,,,,,,
12.48333,24.38,,,,,,,,,,,,,,,,,,,
12.5,24.38,,,,,,,,,,,,,,,,,,,
12.51667,24.38,,,,,,,,,,,,,,,,,,,
12.53333,24.39,,,,,,,,,,,,,,,,,,,
12.55,24.39,,,,,,,,,,,,,,,,,,,
12.56667,24.39,,,,,,,,,,,,,,,,,,,
12.58333,24.39,,,,,,,,,,,,,,,,,,,
12.6,24.39,,,,,,,,,,,,,,,,,,,
12.61667,24.39,,,,,,,,,,,,,,,,,,,
12.63333,24.39,,,,,,,,,,,,,,,,,,,
12.65,24.39,,,,,,,,,,,,,,,,,,,
12.66667,24.39,,,,,,,,,,,,,,,,,,,
12.68333,24.39,,,,,,,,,,,,,,,,,,,
12.7,24.39,,,,,,,,,,,,,,,,,,,
12.71667,24.39,,,,,,,,,,,,,,,,,,,
12.73333,24.39,,,,,,,,,,,,,,,,,,,
12.75,24.39,,,,,,,,,,,,,,,,,,,
12.76667,24.39,,,,,,,,,,,,,,,,,,,
12.78333,24.39,,,,,,,,,,,,,,,,,,,
12.8,24.39,,,,,,,,,,,,,,,,,,,
12.81667,24.39,,,,,,,,,,,,,,,,,,,
12.83333,24.39,,,,,,,,,,,,,,,,,,,
12.85,24.39,,,,,,,,,,,,,,,,,,,
12.86667,24.39,,,,,,,,,,,,,,,,,,,
12.88333,24.39,,,,,,,,,,,,,,,,,,,
12.9,24.4,,,,,,,,,,,,,,,,,,,
12.91667,24.4,,,,,,,,,,,,,,,,,,,
12.93333,24.39,,,,,,,,,,,,,,,,,,,
12.95,24.39,,,,,,,,,,,,,,,,,,,
12.96667,24.39,,,,,,,,,,,,,,,,,,,
12.98333,24.39,,,,,,,,,,,,,,,,,,,
13,24.39,,,,,,,,,,,,,,,,,,,
13.01667,24.39,,,,,,,,,,,,,,,,,,,
13.03333,24.39,,,,,,,,,,,,,,,,,,,
13.05,24.39,,,,,,,,,,,,,,,,,,,
13.06667,24.38,,,,,,,,,,,,,,,,,,,
13.08333,24.38,,,,,,,,,,,,,,,,,,,
13.1,24.38,,,,,,,,,,,,,,,,,,,
13.11667,24.38,,,,,,,,,,,,,,,,,,,
13.13333,24.37,,,,,,,,,,,,,,,,,,,
13.15,24.37,,,,,,,,,,,,,,,,,,,
13.16667,24.37,,,,,,,,,,,,,,,,,,,
13.18333,24.37,,,,,,,,,,,,,,,,,,,
13.2,24.36,,,,,,,,,,,,,,,,,,,
13.21667,24.36,,,,,,,,,,,,,,,,,,,
13.23333,24.36,,,,,,,,,,,,,,,,,,,
13.25,24.36,,,,,,,,,,,,,,,,,,,
13.26667,24.36,,,,,,,,,,,,,,,,,,,
13.28333,24.36,,,,,,,,,,,,,,,,,,,
13.3,24.36,,,,,,,,,,,,,,,,,,,
13.31667,24.36,,,,,,,,,,,,,,,,,,,
13.33333,24.36,,,,,,,,,,,,,,,,,,,
13.35,24.36,,,,,,,,,,,,,,,,,,,
13.36667,24.36,,,,,,,,,,,,,,,,,,,
13.38333,24.36,,,,,,,,,,,,,,,,,,,
13.4,24.37,,,,,,,,,,,,,,,,,,,
13.41667,24.37,,,,,,,,,,,,,,,,,,,
13.43333,24.37,,,,,,,,,,,,,,,,,,,
13.45,24.37,,,,,,,,,,,,,,,,,,,
13.46667,24.36,,,,,,,,,,,,,,,,,,,
13.48333,24.36,,,,,,,,,,,,,,,,,,,
13.5,24.36,,,,,,,,,,,,,,,,,,,
13.51667,24.36,,,,,,,,,,,,,,,,,,,
13.53333,24.36,,,,,,,,,,,,,,,,,,,
13.55,24.35,,,,,,,,,,,,,,,,,,,
13.56667,24.35,,,,,,,,,,,,,,,,,,,
13.58333,24.35,,,,,,,,,,,,,,,,,,,
13.6,24.35,,,,,,,,,,,,,,,,,,,
13.61667,24.35,,,,,,,,,,,,,,,,,,,
13.63333,24.35,,,,,,,,,,,,,,,,,,,
13.65,24.34,,,,,,,,,,,,,,,,,,,
13.66667,24.34,,,,,,,,,,,,,,,,,,,
13.68333,24.34,,,,,,,,,,,,,,,,,,,
13.7,24.34,,,,,,,,,,,,,,,,,,,
13.71667,24.34,,,,,,,,,,,,,,,,,,,
13.73333,24.34,,,,,,,,,,,,,,,,,,,
13.75,24.34,,,,,,,,,,,,,,,,,,,
13.76667,24.34,,,,,,,,,,,,,,,,,,,
13.78333,24.34,,,,,,,,,,,,,,,,,,,
13.8,24.34,,,,,,,,,,,,,,,,,,,
13.81667,24.34,,,,,,,,,,,,,,,,,,,
13.83333,24.34,,,,,,,,,,,,,,,,,,,
13.85,24.34,,,,,,,,,,,,,,,,,,,
13.86667,24.34,,,,,,,,,,,,,,,,,,,
13.88333,24.33,,,,,,,,,,,,,,,,,,,
13.9,24.33,,,,,,,,,,,,,,,,,,,
13.91667,24.33,,,,,,,,,,,,,,,,,,,
13.93333,24.33,,,,,,,,,,,,,,,,,,,
13.95,24.33,,,,,,,,,,,,,,,,,,,
13.96667,24.33,,,,,,,,,,,,,,,,,,,
13.98333,24.33,,,,,,,,,,,,,,,,,,,
14,24.33,,,,,,,,,,,,,,,,,,,
14.01667,24.33,,,,,,,,,,,,,,,,,,,
14.03333,24.33,,,,,,,,,,,,,,,,,,,
14.05,24.33,,,,,,,,,,,,,,,,,,,
14.06667,24.33,,,,,,,,,,,,,,,,,,,
14.08333,24.33,,,,,,,,,,,,,,,,,,,
14.1,24.33,,,,,,,,,,,,,,,,,,,
14.11667,24.34,,,,,,,,,,,,,,,,,,,
14.13333,24.34,,,,,,,,,,,,,,,,,,,
14.15,24.34,,,,,,,,,,,,,,,,,,,
14.16667,24.34,,,,,,,,,,,,,,,,,,,
14.18333,24.34,,,,,,,,,,,,,,,,,,,
14.2,24.34,,,,,,,,,,,,,,,,,,,
14.21667,24.34,,,,,,,,,,,,,,,,,,,
14.23333,24.34,,,,,,,,,,,,,,,,,,,
14.25,24.33,,,,,,,,,,,,,,,,,,,
14.26667,24.33,,,,,,,,,,,,,,,,,,,
14.28333,24.33,,,,,,,,,,,,,,,,,,,
14.3,24.33,,,,,,,,,,,,,,,,,,,
14.31667,24.33,,,,,,,,,,,,,,,,,,,
14.33333,24.33,,,,,,,,,,,,,,,,,,,
14.35,24.33,,,,,,,,,,,,,,,,,,,
14.36667,24.33,,,,,,,,,,,,,,,,,,,
14.38333,24.33,,,,,,,,,,,,,,,,,,,
14.4,24.33,,,,,,,,,,,,,,,,,,,
14.41667,24.33,,,,,,,,,,,,,,,,,,,
14.43333,24.33,,,,,,,,,,,,,,,,,,,
14.45,24.33,,,,,,,,,,,,,,,,,,,
14.46667,24.33,,,,,,,,,,,,,,,,,,,
14.48333,24.33,,,,,,,,,,,,,,,,,,,
14.5,24.33,,,,,,,,,,,,,,,,,,,
14.51667,24.32,,,,,,,,,,,,,,,,,,,
14.53333,24.32,,,,,,,,,,,,,,,,,,,
14.55,24.33,,,,,,,,,,,,,,,,,,,
14.56667,24.33,,,,,,,,,,,,,,,,,,,
14.58333,24.33,,,,,,,,,,,,,,,,,,,
14.6,24.33,,,,,,,,,,,,,,,,,,,
14.61667,24.33,,,,,,,,,,,,,,,,,,,
14.63333,24.33,,,,,,,,,,,,,,,,,,,
14.65,24.34,,,,,,,,,,,,,,,,,,,
14.66667,24.34,,,,,,,,,,,,,,,,,,,
14.68333,24.34,,,,,,,,,,,,,,,,,,,
14.7,24.34,,,,,,,,,,,,,,,,,,,
14.71667,24.34,,,,,,,,,,,,,,,,,,,
14.73333,24.34,,,,,,,,,,,,,,,,,,,
14.75,24.34,,,,,,,,,,,,,,,,,,,
14.76667,24.34,,,,,,,,,,,,,,,,,,,
14.78333,24.34,,,,,,,,,,,,,,,,,,,
14.8,24.34,,,,,,,,,,,,,,,,,,,
14.81667,24.34,,,,,,,,,,,,,,,,,,,
14.83333,24.34,,,,,,,,,,,,,,,,,,,
14.85,24.34,,,,,,,,,,,,,,,,,,,
14.86667,24.34,,,,,,,,,,,,,,,,,,,
14.88333,24.34,,,,,,,,,,,,,,,,,,,
14.9,24.34,,,,,,,,,,,,,,,,,,,
14.91667,24.34,,,,,,,,,,,,,,,,,,,
14.93333,24.34,,,,,,,,,,,,,,,,,,,
14.95,24.34,,,,,,,,,,,,,,,,,,,
14.96667,24.34,,,,,,,,,,,,,,,,,,,
14.98333,24.34,,,,,,,,,,,,,,,,,,,
15,24.34,,,,,,,,,,,,,,,,,,,
15.01667,24.34,,,,,,,,,,,,,,,,,,,
15.03333,24.34,,,,,,,,,,,,,,,,,,,
15.05,24.34,,,,,,,,,,,,,,,,,,,
15.06667,24.34,,,,,,,,,,,,,,,,,,,
15.08333,24.34,,,,,,,,,,,,,,,,,,,
15.1,24.34,,,,,,,,,,,,,,,,,,,
15.11667,24.34,,,,,,,,,,,,,,,,,,,
15.13333,24.34,,,,,,,,,,,,,,,,,,,
15.15,24.34,,,,,,,,,,,,,,,,,,,
15.16667,24.34,,,,,,,,,,,,,,,,,,,
15.18333,24.34,,,,,,,,,,,,,,,,,,,
15.2,24.34,,,,,,,,,,,,,,,,,,,
15.21667,24.34,,,,,,,,,,,,,,,,,,,
15.23333,24.34,,,,,,,,,,,,,,,,,,,
15.25,24.34,,,,,,,,,,,,,,,,,,,
15.26667,24.34,,,,,,,,,,,,,,,,,,,
15.28333,24.34,,,,,,,,,,,,,,,,,,,
15.3,24.33,,,,,,,,,,,,,,,,,,,
15.31667,24.33,,,,,,,,,,,,,,,,,,,
15.33333,24.33,,,,,,,,,,,,,,,,,,,
15.35,24.33,,,,,,,,,,,,,,,,,,,
15.36667,24.33,,,,,,,,,,,,,,,,,,,
15.38333,24.33,,,,,,,,,,,,,,,,,,,
15.4,24.33,,,,,,,,,,,,,,,,,,,
15.41667,24.33,,,,,,,,,,,,,,,,,,,
15.43333,24.33,,,,,,,,,,,,,,,,,,,
15.45,24.33,,,,,,,,,,,,,,,,,,,
15.46667,24.33,,,,,,,,,,,,,,,,,,,
15.48333,24.33,,,,,,,,,,,,,,,,,,,
15.5,24.33,,,,,,,,,,,,,,,,,,,
15.51667,24.33,,,,,,,,,,,,,,,,,,,
15.53333,24.33,,,,,,,,,,,,,,,,,,,
15.55,24.33,,,,,,,,,,,,,,,,,,,
15.56667,24.33,,,,,,,,,,,,,,,,,,,
15.58333,24.33,,,,,,,,,,,,,,,,,,,
15.6,24.33,,,,,,,,,,,,,,,,,,,
15.61667,24.33,,,,,,,,,,,,,,,,,,,
15.63333,24.33,,,,,,,,,,,,,,,,,,,
15.65,24.33,,,,,,,,,,,,,,,,,,,
15.66667,24.34,,,,,,,,,,,,,,,,,,,
15.68333,24.34,,,,,,,,,,,,,,,,,,,
15.7,24.34,,,,,,,,,,,,,,,,,,,
15.71667,24.34,,,,,,,,,,,,,,,,,,,
15.73333,24.34,,,,,,,,,,,,,,,,,,,
15.75,24.34,,,,,,,,,,,,,,,,,,,
15.76667,24.35,,,,,,,,,,,,,,,,,,,
15.78333,24.35,,,,,,,,,,,,,,,,,,,
15.8,24.35,,,,,,,,,,,,,,,,,,,
15.81667,24.35,,,,,,,,,,,,,,,,,,,
15.83333,24.35,,,,,,,,,,,,,,,,,,,
15.85,24.35,,,,,,,,,,,,,,,,,,,
15.86667,24.34,,,,,,,,,,,,,,,,,,,
15.88333,24.34,,,,,,,,,,,,,,,,,,,
15.9,24.34,,,,,,,,,,,,,,,,,,,
15.91667,24.34,,,,,,,,,,,,,,,,,,,
15.93333,24.34,,,,,,,,,,,,,,,,,,,
15.95,24.34,,,,,,,,,,,,,,,,,,,
15.96667,24.34,,,,,,,,,,,,,,,,,,,
15.98333,24.34,,,,,,,,,,,,,,,,,,,
16,24.34,,,,,,,,,,,,,,,,,,,
16.01667,24.34,,,,,,,,,,,,,,,,,,,
16.03333,24.34,,,,,,,,,,,,,,,,,,,
16.05,24.34,,,,,,,,,,,,,,,,,,,
16.06667,24.34,,,,,,,,,,,,,,,,,,,
16.08333,24.34,,,,,,,,,,,,,,,,,,,
16.1,24.34,,,,,,,,,,,,,,,,,,,
16.11667,24.34,,,,,,,,,,,,,,,,,,,
16.13333,24.34,,,,,,,,,,,,,,,,,,,
16.15,24.34,,,,,,,,,,,,,,,,,,,
16.16667,24.34,,,,,,,,,,,,,,,,,,,
16.18333,24.34,,,,,,,,,,,,,,,,,,,
16.2,24.34,,,,,,,,,,,,,,,,,,,
16.21667,24.34,,,,,,,,,,,,,,,,,,,
16.23333,24.34,,,,,,,,,,,,,,,,,,,
16.25,24.34,,,,,,,,,,,,,,,,,,,
16.26667,24.34,,,,,,,,,,,,,,,,,,,
16.28333,24.33,,,,,,,,,,,,,,,,,,,
16.3,24.33,,,,,,,,,,,,,,,,,,,
16.31667,24.33,,,,,,,,,,,,,,,,,,,
16.33333,24.33,,,,,,,,,,,,,,,,,,,
16.35,24.33,,,,,,,,,,,,,,,,,,,
16.36667,24.33,,,,,,,,,,,,,,,,,,,
16.38333,24.33,,,,,,,,,,,,,,,,,,,
16.4,24.33,,,,,,,,,,,,,,,,,,,
16.41667,24.33,,,,,,,,,,,,,,,,,,,
16.43333,24.33,,,,,,,,,,,,,,,,,,,
16.45,24.33,,,,,,,,,,,,,,,,,,,
16.46667,24.33,,,,,,,,,,,,,,,,,,,
16.48333,24.34,,,,,,,,,,,,,,,,,,,
16.5,24.34,,,,,,,,,,,,,,,,,,,
16.51667,24.34,,,,,,,,,,,,,,,,,,,
16.53333,24.34,,,,,,,,,,,,,,,,,,,
16.55,24.34,,,,,,,,,,,,,,,,,,,
16.56667,24.34,,,,,,,,,,,,,,,,,,,
16.58333,24.34,,,,,,,,,,,,,,,,,,,
16.6,24.34,,,,,,,,,,,,,,,,,,,
16.61667,24.34,,,,,,,,,,,,,,,,,,,
16.63333,24.34,,,,,,,,,,,,,,,,,,,
16.65,24.34,,,,,,,,,,,,,,,,,,,
16.66667,24.34,,,,,,,,,,,,,,,,,,,
16.68333,24.34,,,,,,,,,,,,,,,,,,,
16.7,24.34,,,,,,,,,,,,,,,,,,,
16.71667,24.34,,,,,,,,,,,,,,,,,,,
16.73333,24.34,,,,,,,,,,,,,,,,,,,
16.75,24.34,,,,,,,,,,,,,,,,,,,
16.76667,24.34,,,,,,,,,,,,,,,,,,,
16.78333,24.34,,,,,,,,,,,,,,,,,,,
16.8,24.34,,,,,,,,,,,,,,,,,,,
16.81667,24.34,,,,,,,,,,,,,,,,,,,
16.83333,24.34,,,,,,,,,,,,,,,,,,,
16.85,24.34,,,,,,,,,,,,,,,,,,,
16.86667,24.34,,,,,,,,,,,,,,,,,,,
16.88333,24.34,,,,,,,,,,,,,,,,,,,
16.9,24.34,,,,,,,,,,,,,,,,,,,
16.91667,24.34,,,,,,,,,,,,,,,,,,,
16.93333,24.34,,,,,,,,,,,,,,,,,,,
16.95,24.34,,,,,,,,,,,,,,,,,,,
16.96667,24.34,,,,,,,,,,,,,,,,,,,
16.98333,24.34,,,,,,,,,,,,,,,,,,,
17,24.34,,,,,,,,,,,,,,,,,,,
17.01667,24.35,,,,,,,,,,,,,,,,,,,
17.03333,24.35,,,,,,,,,,,,,,,,,,,
17.05,24.35,,,,,,,,,,,,,,,,,,,
17.06667,24.35,,,,,,,,,,,,,,,,,,,
17.08333,24.35,,,,,,,,,,,,,,,,,,,
17.1,24.35,,,,,,,,,,,,,,,,,,,
17.11667,24.35,,,,,,,,,,,,,,,,,,,
17.13333,24.35,,,,,,,,,,,,,,,,,,,
17.15,24.35,,,,,,,,,,,,,,,,,,,
17.16667,24.35,,,,,,,,,,,,,,,,,,,
17.18333,24.35,,,,,,,,,,,,,,,,,,,
17.2,24.35,,,,,,,,,,,,,,,,,,,
17.21667,24.35,,,,,,,,,,,,,,,,,,,
17.23333,24.35,,,,,,,,,,,,,,,,,,,
17.25,24.35,,,,,,,,,,,,,,,,,,,
17.26667,24.35,,,,,,,,,,,,,,,,,,,
17.28333,24.35,,,,,,,,,,,,,,,,,,,
17.3,24.35,,,,,,,,,,,,,,,,,,,
17.31667,24.34,,,,,,,,,,,,,,,,,,,
17.33333,24.34,,,,,,,,,,,,,,,,,,,
17.35,24.34,,,,,,,,,,,,,,,,,,,
17.36667,24.34,,,,,,,,,,,,,,,,,,,
17.38333,24.34,,,,,,,,,,,,,,,,,,,
17.4,24.34,,,,,,,,,,,,,,,,,,,
17.41667,24.34,,,,,,,,,,,,,,,,,,,
17.43333,24.34,,,,,,,,,,,,,,,,,,,
17.45,24.34,,,,,,,,,,,,,,,,,,,
17.46667,24.34,,,,,,,,,,,,,,,,,,,
17.48333,24.34,,,,,,,,,,,,,,,,,,,
17.5,24.34,,,,,,,,,,,,,,,,,,,
17.51667,24.34,,,,,,,,,,,,,,,,,,,
17.53333,24.34,,,,,,,,,,,,,,,,,,,
17.55,24.34,,,,,,,,,,,,,,,,,,,
17.56667,24.34,,,,,,,,,,,,,,,,,,,
17.58333,24.34,,,,,,,,,,,,,,,,,,,
17.6,24.34,,,,,,,,,,,,,,,,,,,
17.61667,24.34,,,,,,,,,,,,,,,,,,,
17.63333,24.34,,,,,,,,,,,,,,,,,,,
17.65,24.34,,,,,,,,,,,,,,,,,,,
17.66667,24.34,,,,,,,,,,,,,,,,,,,
17.68333,24.34,,,,,,,,,,,,,,,,,,,
17.7,24.34,,,,,,,,,,,,,,,,,,,
17.71667,24.34,,,,,,,,,,,,,,,,,,,
17.73333,24.34,,,,,,,,,,,,,,,,,,,
17.75,24.34,,,,,,,,,,,,,,,,,,,
17.76667,24.34,,,,,,,,,,,,,,,,,,,
17.78333,24.34,,,,,,,,,,,,,,,,,,,
17.8,24.34,,,,,,,,,,,,,,,,,,,
17.81667,24.34,,,,,,,,,,,,,,,,,,,
17.83333,24.34,,,,,,,,,,,,,,,,,,,
17.85,24.34,,,,,,,,,,,,,,,,,,,
17.86667,24.34,,,,,,,,,,,,,,,,,,,
17.88333,24.34,,,,,,,,,,,,,,,,,,,
17.9,24.35,,,,,,,,,,,,,,,,,,,
17.91667,24.35,,,,,,,,,,,,,,,,,,,
17.93333,24.35,,,,,,,,,,,,,,,,,,,
17.95,24.35,,,,,,,,,,,,,,,,,,,
17.96667,24.35,,,,,,,,,,,,,,,,,,,
17.98333,24.35,,,,,,,,,,,,,,,,,,,
18,24.35,,,,,,,,,,,,,,,,,,,
18.01667,24.35,,,,,,,,,,,,,,,,,,,
18.03333,24.35,,,,,,,,,,,,,,,,,,,
18.05,24.35,,,,,,,,,,,,,,,,,,,
18.06667,24.35,,,,,,,,,,,,,,,,,,,
18.08333,24.35,,,,,,,,,,,,,,,,,,,
18.1,24.35,,,,,,,,,,,,,,,,,,,
18.11667,24.35,,,,,,,,,,,,,,,,,,,
18.13333,24.35,,,,,,,,,,,,,,,,,,,
18.15,24.35,,,,,,,,,,,,,,,,,,,
18.16667,24.35,,,,,,,,,,,,,,,,,,,
18.18333,24.35,,,,,,,,,,,,,,,,,,,
18.2,24.35,,,,,,,,,,,,,,,,,,,
18.21667,24.35,,,,,,,,,,,,,,,,,,,
18.23333,24.35,,,,,,,,,,,,,,,,,,,
18.25,24.35,,,,,,,,,,,,,,,,,,,
18.26667,24.34,,,,,,,,,,,,,,,,,,,
18.28333,24.34,,,,,,,,,,,,,,,,,,,
18.3,24.34,,,,,,,,,,,,,,,,,,,
18.31667,24.34,,,,,,,,,,,,,,,,,,,
18.33333,24.34,,,,,,,,,,,,,,,,,,,
18.35,24.34,,,,,,,,,,,,,,,,,,,
18.36667,24.34,,,,,,,,,,,,,,,,,,,
18.38333,24.34,,,,,,,,,,,,,,,,,,,
18.4,24.34,,,,,,,,,,,,,,,,,,,
18.41667,24.34,,,,,,,,,,,,,,,,,,,
18.43333,24.35,,,,,,,,,,,,,,,,,,,
18.45,24.35,,,,,,,,,,,,,,,,,,,
18.46667,24.35,,,,,,,,,,,,,,,,,,,
18.48333,24.35,,,,,,,,,,,,,,,,,,,
18.5,24.36,,,,,,,,,,,,,,,,,,,
18.51667,24.36,,,,,,,,,,,,,,,,,,,
18.53333,24.36,,,,,,,,,,,,,,,,,,,
18.55,24.36,,,,,,,,,,,,,,,,,,,
18.56667,24.37,,,,,,,,,,,,,,,,,,,
18.58333,24.37,,,,,,,,,,,,,,,,,,,
18.6,24.38,,,,,,,,,,,,,,,,,,,
18.61667,24.38,,,,,,,,,,,,,,,,,,,
18.63333,24.38,,,,,,,,,,,,,,,,,,,
18.65,24.38,,,,,,,,,,,,,,,,,,,
18.66667,24.39,,,,,,,,,,,,,,,,,,,
18.68333,24.39,,,,,,,,,,,,,,,,,,,
18.7,24.39,,,,,,,,,,,,,,,,,,,
18.71667,24.39,,,,,,,,,,,,,,,,,,,
18.73333,24.39,,,,,,,,,,,,,,,,,,,
18.75,24.39,,,,,,,,,,,,,,,,,,,
18.76667,24.39,,,,,,,,,,,,,,,,,,,
18.78333,24.39,,,,,,,,,,,,,,,,,,,
18.8,24.38,,,,,,,,,,,,,,,,,,,
18.81667,24.38,,,,,,,,,,,,,,,,,,,
18.83333,24.38,,,,,,,,,,,,,,,,,,,
18.85,24.38,,,,,,,,,,,,,,,,,,,
18.86667,24.38,,,,,,,,,,,,,,,,,,,
18.88333,24.38,,,,,,,,,,,,,,,,,,,
18.9,24.37,,,,,,,,,,,,,,,,,,,
18.91667,24.37,,,,,,,,,,,,,,,,,,,
18.93333,24.37,,,,,,,,,,,,,,,,,,,
18.95,24.37,,,,,,,,,,,,,,,,,,,
18.96667,24.37,,,,,,,,,,,,,,,,,,,
18.98333,24.37,,,,,,,,,,,,,,,,,,,
19,24.36,,,,,,,,,,,,,,,,,,,
19.01667,24.36,,,,,,,,,,,,,,,,,,,
19.03333,24.36,,,,,,,,,,,,,,,,,,,
19.05,24.36,,,,,,,,,,,,,,,,,,,
19.06667,24.35,,,,,,,,,,,,,,,,,,,
19.08333,24.35,,,,,,,,,,,,,,,,,,,
19.1,24.35,,,,,,,,,,,,,,,,,,,
19.11667,24.35,,,,,,,,,,,,,,,,,,,
19.13333,24.35,,,,,,,,,,,,,,,,,,,
19.15,24.34,,,,,,,,,,,,,,,,,,,
19.16667,24.34,,,,,,,,,,,,,,,,,,,
19.18333,24.34,,,,,,,,,,,,,,,,,,,
19.2,24.34,,,,,,,,,,,,,,,,,,,
19.21667,24.34,,,,,,,,,,,,,,,,,,,
19.23333,24.34,,,,,,,,,,,,,,,,,,,
19.25,24.34,,,,,,,,,,,,,,,,,,,
19.26667,24.34,,,,,,,,,,,,,,,,,,,
19.28333,24.33,,,,,,,,,,,,,,,,,,,
19.3,24.33,,,,,,,,,,,,,,,,,,,
19.31667,24.33,,,,,,,,,,,,,,,,,,,
19.33333,24.33,,,,,,,,,,,,,,,,,,,
19.35,24.33,,,,,,,,,,,,,,,,,,,
19.36667,24.33,,,,,,,,,,,,,,,,,,,
19.38333,24.33,,,,,,,,,,,,,,,,,,,
19.4,24.33,,,,,,,,,,,,,,,,,,,
19.41667,24.32,,,,,,,,,,,,,,,,,,,
19.43333,24.32,,,,,,,,,,,,,,,,,,,
19.45,24.32,,,,,,,,,,,,,,,,,,,
19.46667,24.32,,,,,,,,,,,,,,,,,,,
19.48333,24.32,,,,,,,,,,,,,,,,,,,
19.5,24.32,,,,,,,,,,,,,,,,,,,
19.51667,24.32,,,,,,,,,,,,,,,,,,,
19.53333,24.32,,,,,,,,,,,,,,,,,,,
19.55,24.32,,,,,,,,,,,,,,,,,,,
19.56667,24.32,,,,,,,,,,,,,,,,,,,
19.58333,24.32,,,,,,,,,,,,,,,,,,,
19.6,24.32,,,,,,,,,,,,,,,,,,,
19.61667,24.32,,,,,,,,,,,,,,,,,,,
19.63333,24.32,,,,,,,,,,,,,,,,,,,
19.65,24.32,,,,,,,,,,,,,,,,,,,
19.66667,24.32,,,,,,,,,,,,,,,,,,,
19.68333,24.32,,,,,,,,,,,,,,,,,,,
19.7,24.32,,,,,,,,,,,,,,,,,,,
19.71667,24.32,,,,,,,,,,,,,,,,,,,
19.73333,24.32,,,,,,,,,,,,,,,,,,,
19.75,24.32,,,,,,,,,,,,,,,,,,,
19.76667,24.32,,,,,,,,,,,,,,,,,,,
19.78333,24.32,,,,,,,,,,,,,,,,,,,
19.8,24.32,,,,,,,,,,,,,,,,,,,
19.81667,24.31,,,,,,,,,,,,,,,,,,,
19.83333,24.31,,,,,,,,,,,,,,,,,,,
19.85,24.31,,,,,,,,,,,,,,,,,,,
19.86667,24.31,,,,,,,,,,,,,,,,,,,
19.88333,24.31,,,,,,,,,,,,,,,,,,,
19.9,24.31,,,,,,,,,,,,,,,,,,,
19.91667,24.3,,,,,,,,,,,,,,,,,,,
19.93333,24.3,,,,,,,,,,,,,,,,,,,
19.95,24.3,,,,,,,,,,,,,,,,,,,
19.96667,24.3,,,,,,,,,,,,,,,,,,,
19.98333,24.3,,,,,,,,,,,,,,,,,,,
20,24.3,,,,,,,,,,,,,,,,,,,
20.01667,24.31,,,,,,,,,,,,,,,,,,,
20.03333,24.31,,,,,,,,,,,,,,,,,,,
20.05,24.31,,,,,,,,,,,,,,,,,,,
20.06667,24.31,,,,,,,,,,,,,,,,,,,
20.08333,24.31,,,,,,,,,,,,,,,,,,,
20.1,24.31,,,,,,,,,,,,,,,,,,,
20.11667,24.31,,,,,,,,,,,,,,,,,,,
20.13333,24.31,,,,,,,,,,,,,,,,,,,
20.15,24.32,,,,,,,,,,,,,,,,,,,
20.16667,24.32,,,,,,,,,,,,,,,,,,,
20.18333,24.32,,,,,,,,,,,,,,,,,,,
20.2,24.32,,,,,,,,,,,,,,,,,,,
20.21667,24.32,,,,,,,,,,,,,,,,,,,
20.23333,24.32,,,,,,,,,,,,,,,,,,,
20.25,24.32,,,,,,,,,,,,,,,,,,,
20.26667,24.32,,,,,,,,,,,,,,,,,,,
20.28333,24.32,,,,,,,,,,,,,,,,,,,
20.3,24.32,,,,,,,,,,,,,,,,,,,
20.31667,24.32,,,,,,,,,,,,,,,,,,,
20.33333,24.32,,,,,,,,,,,,,,,,,,,
20.35,24.32,,,,,,,,,,,,,,,,,,,
20.36667,24.32,,,,,,,,,,,,,,,,,,,
20.38333,24.32,,,,,,,,,,,,,,,,,,,
20.4,24.32,,,,,,,,,,,,,,,,,,,
20.41667,24.32,,,,,,,,,,,,,,,,,,,
20.43333,24.32,,,,,,,,,,,,,,,,,,,
20.45,24.32,,,,,,,,,,,,,,,,,,,
20.46667,24.32,,,,,,,,,,,,,,,,,,,
20.48333,24.32,,,,,,,,,,,,,,,,,,,
20.5,24.32,,,,,,,,,,,,,,,,,,,
20.51667,24.32,,,,,,,,,,,,,,,,,,,
20.53333,24.32,,,,,,,,,,,,,,,,,,,
20.55,24.32,,,,,,,,,,,,,,,,,,,
20.56667,24.32,,,,,,,,,,,,,,,,,,,
20.58333,24.32,,,,,,,,,,,,,,,,,,,
20.6,24.32,,,,,,,,,,,,,,,,,,,
20.61667,24.32,,,,,,,,,,,,,,,,,,,
20.63333,24.32,,,,,,,,,,,,,,,,,,,
20.65,24.32,,,,,,,,,,,,,,,,,,,
20.66667,24.32,,,,,,,,,,,,,,,,,,,
20.68333,24.32,,,,,,,,,,,,,,,,,,,
20.7,24.32,,,,,,,,,,,,,,,,,,,
20.71667,24.32,,,,,,,,,,,,,,,,,,,
20.73333,24.32,,,,,,,,,,,,,,,,,,,
20.75,24.32,,,,,,,,,,,,,,,,,,,
20.76667,24.32,,,,,,,,,,,,,,,,,,,
20.78333,24.32,,,,,,,,,,,,,,,,,,,
20.8,24.31,,,,,,,,,,,,,,,,,,,
20.81667,24.31,,,,,,,,,,,,,,,,,,,
20.83333,24.31,,,,,,,,,,,,,,,,,,,
20.85,24.31,,,,,,,,,,,,,,,,,,,
20.86667,24.31,,,,,,,,,,,,,,,,,,,
20.88333,24.31,,,,,,,,,,,,,,,,,,,
20.9,24.31,,,,,,,,,,,,,,,,,,,
20.91667,24.31,,,,,,,,,,,,,,,,,,,
20.93333,24.31,,,,,,,,,,,,,,,,,,,
20.95,24.31,,,,,,,,,,,,,,,,,,,
20.96667,24.31,,,,,,,,,,,,,,,,,,,
20.98333,24.31,,,,,,,,,,,,,,,,,,,
21,24.31,,,,,,,,,,,,,,,,,,,
21.01667,24.31,,,,,,,,,,,,,,,,,,,
21.03333,24.31,,,,,,,,,,,,,,,,,,,
21.05,24.31,,,,,,,,,,,,,,,,,,,
21.06667,24.31,,,,,,,,,,,,,,,,,,,
21.08333,24.31,,,,,,,,,,,,,,,,,,,
21.1,24.31,,,,,,,,,,,,,,,,,,,
21.11667,24.31,,,,,,,,,,,,,,,,,,,
21.13333,24.31,,,,,,,,,,,,,,,,,,,
21.15,24.31,,,,,,,,,,,,,,,,,,,
21.16667,24.32,,,,,,,,,,,,,,,,,,,
21.18333,24.32,,,,,,,,,,,,,,,,,,,
21.2,24.32,,,,,,,,,,,,,,,,,,,
21.21667,24.32,,,,,,,,,,,,,,,,,,,
21.23333,24.32,,,,,,,,,,,,,,,,,,,
21.25,24.32,,,,,,,,,,,,,,,,,,,
21.26667,24.32,,,,,,,,,,,,,,,,,,,
21.28333,24.32,,,,,,,,,,,,,,,,,,,
21.3,24.32,,,,,,,,,,,,,,,,,,,
21.31667,24.32,,,,,,,,,,,,,,,,,,,
21.33333,24.32,,,,,,,,,,,,,,,,,,,
21.35,24.32,,,,,,,,,,,,,,,,,,,
21.36667,24.32,,,,,,,,,,,,,,,,,,,
21.38333,24.32,,,,,,,,,,,,,,,,,,,
21.4,24.32,,,,,,,,,,,,,,,,,,,
21.41667,24.31,,,,,,,,,,,,,,,,,,,
21.43333,24.31,,,,,,,,,,,,,,,,,,,
21.45,24.31,,,,,,,,,,,,,,,,,,,
21.46667,24.31,,,,,,,,,,,,,,,,,,,
21.48333,24.31,,,,,,,,,,,,,,,,,,,
21.5,24.31,,,,,,,,,,,,,,,,,,,
21.51667,24.31,,,,,,,,,,,,,,,,,,,
21.53333,24.31,,,,,,,,,,,,,,,,,,,
21.55,24.31,,,,,,,,,,,,,,,,,,,
21.56667,24.31,,,,,,,,,,,,,,,,,,,
21.58333,24.31,,,,,,,,,,,,,,,,,,,
21.6,24.31,,,,,,,,,,,,,,,,,,,
21.61667,24.31,,,,,,,,,,,,,,,,,,,
21.63333,24.31,,,,,,,,,,,,,,,,,,,
21.65,24.31,,,,,,,,,,,,,,,,,,,
21.66667,24.31,,,,,,,,,,,,,,,,,,,
21.68333,24.31,,,,,,,,,,,,,,,,,,,
21.7,24.31,,,,,,,,,,,,,,,,,,,
21.71667,24.31,,,,,,,,,,,,,,,,,,,
21.73333,24.31,,,,,,,,,,,,,,,,,,,
21.75,24.31,,,,,,,,,,,,,,,,,,,
21.76667,24.31,,,,,,,,,,,,,,,,,,,
21.78333,24.31,,,,,,,,,,,,,,,,,,,
21.8,24.31,,,,,,,,,,,,,,,,,,,
21.81667,24.3,,,,,,,,,,,,,,,,,,,
21.83333,24.3,,,,,,,,,,,,,,,,,,,
21.85,24.3,,,,,,,,,,,,,,,,,,,
21.86667,24.3,,,,,,,,,,,,,,,,,,,
21.88333,24.3,,,,,,,,,,,,,,,,,,,
21.9,24.3,,,,,,,,,,,,,,,,,,,
21.91667,24.3,,,,,,,,,,,,,,,,,,,
21.93333,24.3,,,,,,,,,,,,,,,,,,,
21.95,24.3,,,,,,,,,,,,,,,,,,,
21.96667,24.3,,,,,,,,,,,,,,,,,,,
21.98333,24.3,,,,,,,,,,,,,,,,,,,
22,24.3,,,,,,,,,,,,,,,,,,,
22.01667,24.3,,,,,,,,,,,,,,,,,,,
22.03333,24.3,,,,,,,,,,,,,,,,,,,
22.05,24.3,,,,,,,,,,,,,,,,,,,
22.06667,24.3,,,,,,,,,,,,,,,,,,,
22.08333,24.3,,,,,,,,,,,,,,,,,,,
22.1,24.3,,,,,,,,,,,,,,,,,,,
22.11667,24.3,,,,,,,,,,,,,,,,,,,
22.13333,24.3,,,,,,,,,,,,,,,,,,,
22.15,24.3,,,,,,,,,,,,,,,,,,,
22.16667,24.3,,,,,,,,,,,,,,,,,,,
22.18333,24.3,,,,,,,,,,,,,,,,,,,
22.2,24.3,,,,,,,,,,,,,,,,,,,
22.21667,24.3,,,,,,,,,,,,,,,,,,,
22.23333,24.3,,,,,,,,,,,,,,,,,,,
22.25,24.3,,,,,,,,,,,,,,,,,,,
22.26667,24.3,,,,,,,,,,,,,,,,,,,
22.28333,24.3,,,,,,,,,,,,,,,,,,,
22.3,24.3,,,,,,,,,,,,,,,,,,,
22.31667,24.31,,,,,,,,,,,,,,,,,,,
22.33333,24.31,,,,,,,,,,,,,,,,,,,
22.35,24.31,,,,,,,,,,,,,,,,,,,
22.36667,24.31,,,,,,,,,,,,,,,,,,,
22.38333,24.32,,,,,,,,,,,,,,,,,,,
22.4,24.32,,,,,,,,,,,,,,,,,,,
22.41667,24.32,,,,,,,,,,,,,,,,,,,
22.43333,24.32,,,,,,,,,,,,,,,,,,,
22.45,24.32,,,,,,,,,,,,,,,,,,,
22.46667,24.32,,,,,,,,,,,,,,,,,,,
22.48333,24.32,,,,,,,,,,,,,,,,,,,
22.5,24.32,,,,,,,,,,,,,,,,,,,
22.51667,24.33,,,,,,,,,,,,,,,,,,,
22.53333,24.33,,,,,,,,,,,,,,,,,,,
22.55,24.33,,,,,,,,,,,,,,,,,,,
22.56667,24.33,,,,,,,,,,,,,,,,,,,
22.58333,24.33,,,,,,,,,,,,,,,,,,,
22.6,24.33,,,,,,,,,,,,,,,,,,,
22.61667,24.33,,,,,,,,,,,,,,,,,,,
22.63333,24.32,,,,,,,,,,,,,,,,,,,
22.65,24.32,,,,,,,,,,,,,,,,,,,
22.66667,24.32,,,,,,,,,,,,,,,,,,,
22.68333,24.32,,,,,,,,,,,,,,,,,,,
22.7,24.32,,,,,,,,,,,,,,,,,,,
22.71667,24.32,,,,,,,,,,,,,,,,,,,
22.73333,24.32,,,,,,,,,,,,,,,,,,,
22.75,24.31,,,,,,,,,,,,,,,,,,,
22.76667,24.31,,,,,,,,,,,,,,,,,,,
22.78333,24.31,,,,,,,,,,,,,,,,,,,
22.8,24.31,,,,,,,,,,,,,,,,,,,
22.81667,24.31,,,,,,,,,,,,,,,,,,,
22.83333,24.31,,,,,,,,,,,,,,,,,,,
22.85,24.31,,,,,,,,,,,,,,,,,,,
22.86667,24.31,,,,,,,,,,,,,,,,,,,
22.88333,24.31,,,,,,,,,,,,,,,,,,,
22.9,24.31,,,,,,,,,,,,,,,,,,,
22.91667,24.31,,,,,,,,,,,,,,,,,,,
22.93333,24.31,,,,,,,,,,,,,,,,,,,
22.95,24.32,,,,,,,,,,,,,,,,,,,
22.96667,24.32,,,,,,,,,,,,,,,,,,,
22.98333,24.32,,,,,,,,,,,,,,,,,,,
23,24.32,,,,,,,,,,,,,,,,,,,
23.01667,24.32,,,,,,,,,,,,,,,,,,,
23.03333,24.32,,,,,,,,,,,,,,,,,,,
23.05,24.31,,,,,,,,,,,,,,,,,,,
23.06667,24.31,,,,,,,,,,,,,,,,,,,
23.08333,24.31,,,,,,,,,,,,,,,,,,,
23.1,24.31,,,,,,,,,,,,,,,,,,,
23.11667,24.31,,,,,,,,,,,,,,,,,,,
23.13333,24.31,,,,,,,,,,,,,,,,,,,
23.15,24.31,,,,,,,,,,,,,,,,,,,
23.16667,24.31,,,,,,,,,,,,,,,,,,,
23.18333,24.31,,,,,,,,,,,,,,,,,,,
23.2,24.31,,,,,,,,,,,,,,,,,,,
23.21667,24.31,,,,,,,,,,,,,,,,,,,
23.23333,24.32,,,,,,,,,,,,,,,,,,,
23.25,24.32,,,,,,,,,,,,,,,,,,,
23.26667,24.32,,,,,,,,,,,,,,,,,,,
23.28333,24.32,,,,,,,,,,,,,,,,,,,
23.3,24.32,,,,,,,,,,,,,,,,,,,
23.31667,24.32,,,,,,,,,,,,,,,,,,,
23.33333,24.31,,,,,,,,,,,,,,,,,,,
23.35,24.31,,,,,,,,,,,,,,,,,,,
23.36667,24.31,,,,,,,,,,,,,,,,,,,
23.38333,24.31,,,,,,,,,,,,,,,,,,,
23.4,24.31,,,,,,,,,,,,,,,,,,,
23.41667,24.31,,,,,,,,,,,,,,,,,,,
23.43333,24.31,,,,,,,,,,,,,,,,,,,
23.45,24.31,,,,,,,,,,,,,,,,,,,
23.46667,24.31,,,,,,,,,,,,,,,,,,,
23.48333,24.31,,,,,,,,,,,,,,,,,,,
23.5,24.31,,,,,,,,,,,,,,,,,,,
23.51667,24.31,,,,,,,,,,,,,,,,,,,
23.53333,24.31,,,,,,,,,,,,,,,,,,,
23.55,24.31,,,,,,,,,,,,,,,,,,,
23.56667,24.31,,,,,,,,,,,,,,,,,,,
23.58333,24.31,,,,,,,,,,,,,,,,,,,
23.6,24.31,,,,,,,,,,,,,,,,,,,
23.61667,24.31,,,,,,,,,,,,,,,,,,,
23.63333,24.31,,,,,,,,,,,,,,,,,,,
23.65,24.31,,,,,,,,,,,,,,,,,,,
23.66667,24.31,,,,,,,,,,,,,,,,,,,
23.68333,24.31,,,,,,,,,,,,,,,,,,,
23.7,24.31,,,,,,,,,,,,,,,,,,,
23.71667,24.31,,,,,,,,,,,,,,,,,,,
23.73333,24.31,,,,,,,,,,,,,,,,,,,
23.75,24.32,,,,,,,,,,,,,,,,,,,
23.76667,24.32,,,,,,,,,,,,,,,,,,,
23.78333,24.32,,,,,,,,,,,,,,,,,,,
23.8,24.32,,,,,,,,,,,,,,,,,,,
23.81667,24.32,,,,,,,,,,,,,,,,,,,
23.83333,24.32,,,,,,,,,,,,,,,,,,,
23.85,24.32,,,,,,,,,,,,,,,,,,,
23.86667,24.32,,,,,,,,,,,,,,,,,,,
23.88333,24.32,,,,,,,,,,,,,,,,,,,
23.9,24.32,,,,,,,,,,,,,,,,,,,
23.91667,24.32,,,,,,,,,,,,,,,,,,,
23.93333,24.32,,,,,,,,,,,,,,,,,,,
23.95,24.32,,,,,,,,,,,,,,,,,,,
23.96667,24.31,,,,,,,,,,,,,,,,,,,
23.98333,24.31,,,,,,,,,,,,,,,,,,,
24,24.31,,,,,,,,,,,,,,,,,,,
24.01667,24.31,,,,,,,,,,,,,,,,,,,
24.03333,24.31,,,,,,,,,,,,,,,,,,,
24.05,24.31,,,,,,,,,,,,,,,,,,,
24.06667,24.31,,,,,,,,,,,,,,,,,,,
24.08333,24.31,,,,,,,,,,,,,,,,,,,
24.1,24.31,,,,,,,,,,,,,,,,,,,
24.11667,24.31,,,,,,,,,,,,,,,,,,,
24.13333,24.31,,,,,,,,,,,,,,,,,,,
24.15,24.31,,,,,,,,,,,,,,,,,,,
24.16667,24.3,,,,,,,,,,,,,,,,,,,
24.18333,24.3,,,,,,,,,,,,,,,,,,,
24.2,24.3,,,,,,,,,,,,,,,,,,,
24.21667,24.29,,,,,,,,,,,,,,,,,,,
24.23333,24.29,,,,,,,,,,,,,,,,,,,
24.25,24.29,,,,,,,,,,,,,,,,,,,
24.26667,24.29,,,,,,,,,,,,,,,,,,,
24.28333,24.29,,,,,,,,,,,,,,,,,,,
24.3,24.29,,,,,,,,,,,,,,,,,,,
24.31667,24.28,,,,,,,,,,,,,,,,,,,
24.33333,24.28,,,,,,,,,,,,,,,,,,,
24.35,24.28,,,,,,,,,,,,,,,,,,,
24.36667,24.28,,,,,,,,,,,,,,,,,,,
24.38333,24.28,,,,,,,,,,,,,,,,,,,
24.4,24.28,,,,,,,,,,,,,,,,,,,
24.41667,24.28,,,,,,,,,,,,,,,,,,,
24.43333,24.28,,,,,,,,,,,,,,,,,,,
24.45,24.28,,,,,,,,,,,,,,,,,,,
24.46667,24.28,,,,,,,,,,,,,,,,,,,
24.48333,24.27,,,,,,,,,,,,,,,,,,,
24.5,24.27,,,,,,,,,,,,,,,,,,,
24.51667,24.27,,,,,,,,,,,,,,,,,,,
24.53333,24.27,,,,,,,,,,,,,,,,,,,
24.55,24.27,,,,,,,,,,,,,,,,,,,
24.56667,24.27,,,,,,,,,,,,,,,,,,,
24.58333,24.27,,,,,,,,,,,,,,,,,,,
24.6,24.27,,,,,,,,,,,,,,,,,,,
24.61667,24.27,,,,,,,,,,,,,,,,,,,
24.63333,24.27,,,,,,,,,,,,,,,,,,,
24.65,24.26,,,,,,,,,,,,,,,,,,,
24.66667,24.26,,,,,,,,,,,,,,,,,,,
24.68333,24.26,,,,,,,,,,,,,,,,,,,
24.7,24.26,,,,,,,,,,,,,,,,,,,
24.71667,24.26,,,,,,,,,,,,,,,,,,,
24.73333,24.26,,,,,,,,,,,,,,,,,,,
24.75,24.26,,,,,,,,,,,,,,,,,,,
24.76667,24.26,,,,,,,,,,,,,,,,,,,
24.78333,24.26,,,,,,,,,,,,,,,,,,,
24.8,24.26,,,,,,,,,,,,,,,,,,,
24.81667,24.25,,,,,,,,,,,,,,,,,,,
24.83333,24.25,,,,,,,,,,,,,,,,,,,
24.85,24.25,,,,,,,,,,,,,,,,,,,
24.86667,24.25,,,,,,,,,,,,,,,,,,,
24.88333,24.25,,,,,,,,,,,,,,,,,,,
24.9,24.25,,,,,,,,,,,,,,,,,,,
24.91667,24.25,,,,,,,,,,,,,,,,,,,
24.93333,24.25,,,,,,,,,,,,,,,,,,,
24.95,24.25,,,,,,,,,,,,,,,,,,,
24.96667,24.25,,,,,,,,,,,,,,,,,,,
24.98333,24.25,,,,,,,,,,,,,,,,,,,
25,24.25,,,,,,,,,,,,,,,,,,,
25.01667,24.25,,,,,,,,,,,,,,,,,,,
25.03333,24.25,,,,,,,,,,,,,,,,,,,
25.05,24.25,,,,,,,,,,,,,,,,,,,
25.06667,24.25,,,,,,,,,,,,,,,,,,,
25.08333,24.26,,,,,,,,,,,,,,,,,,,
25.1,24.26,,,,,,,,,,,,,,,,,,,
25.11667,24.26,,,,,,,,,,,,,,,,,,,
25.13333,24.26,,,,,,,,,,,,,,,,,,,
25.15,24.26,,,,,,,,,,,,,,,,,,,
25.16667,24.26,,,,,,,,,,,,,,,,,,,
25.18333,24.26,,,,,,,,,,,,,,,,,,,
25.2,24.26,,,,,,,,,,,,,,,,,,,
25.21667,24.25,,,,,,,,,,,,,,,,,,,
25.23333,24.25,,,,,,,,,,,,,,,,,,,
25.25,24.25,,,,,,,,,,,,,,,,,,,
25.26667,24.25,,,,,,,,,,,,,,,,,,,
25.28333,24.24,,,,,,,,,,,,,,,,,,,
25.3,24.24,,,,,,,,,,,,,,,,,,,
25.31667,24.24,,,,,,,,,,,,,,,,,,,
25.33333,24.24,,,,,,,,,,,,,,,,,,,
25.35,24.24,,,,,,,,,,,,,,,,,,,
25.36667,24.24,,,,,,,,,,,,,,,,,,,
25.38333,24.24,,,,,,,,,,,,,,,,,,,
25.4,24.24,,,,,,,,,,,,,,,,,,,
25.41667,24.24,,,,,,,,,,,,,,,,,,,
25.43333,24.24,,,,,,,,,,,,,,,,,,,
,,,,,,,,,,,,,,,,,,,,
[LC Status Trace(UV Cell Temp.)],,,,,,,,,,,,,,,,,,,,
Interval(msec),1000,,,,,,,,,,,,,,,,,,,
# of Points,1527,,,,,,,,,,,,,,,,,,,
Start Time(min),0,,,,,,,,,,,,,,,,,,,
End Time(min),25.433,,,,,,,,,,,,,,,,,,,
Intensity Units,C,,,,,,,,,,,,,,,,,,,
Intensity Multiplier,1,,,,,,,,,,,,,,,,,,,
R.Time (min),Intensity,,,,,,,,,,,,,,,,,,,
0,29.05,,,,,,,,,,,,,,,,,,,
0.01667,29.05,,,,,,,,,,,,,,,,,,,
0.03333,29.05,,,,,,,,,,,,,,,,,,,
0.05,29.05,,,,,,,,,,,,,,,,,,,
0.06667,29.05,,,,,,,,,,,,,,,,,,,
0.08333,29.04,,,,,,,,,,,,,,,,,,,
0.1,29.04,,,,,,,,,,,,,,,,,,,
0.11667,29.04,,,,,,,,,,,,,,,,,,,
0.13333,29.04,,,,,,,,,,,,,,,,,,,
0.15,29.04,,,,,,,,,,,,,,,,,,,
0.16667,29.03,,,,,,,,,,,,,,,,,,,
0.18333,29.03,,,,,,,,,,,,,,,,,,,
0.2,29.03,,,,,,,,,,,,,,,,,,,
0.21667,29.03,,,,,,,,,,,,,,,,,,,
0.23333,29.03,,,,,,,,,,,,,,,,,,,
0.25,29.03,,,,,,,,,,,,,,,,,,,
0.26667,29.02,,,,,,,,,,,,,,,,,,,
0.28333,29.02,,,,,,,,,,,,,,,,,,,
0.3,29.02,,,,,,,,,,,,,,,,,,,
0.31667,29.02,,,,,,,,,,,,,,,,,,,
0.33333,29.01,,,,,,,,,,,,,,,,,,,
0.35,29.01,,,,,,,,,,,,,,,,,,,
0.36667,29.01,,,,,,,,,,,,,,,,,,,
0.38333,29.01,,,,,,,,,,,,,,,,,,,
0.4,29.01,,,,,,,,,,,,,,,,,,,
0.41667,29.01,,,,,,,,,,,,,,,,,,,
0.43333,29,,,,,,,,,,,,,,,,,,,
0.45,29,,,,,,,,,,,,,,,,,,,
0.46667,29,,,,,,,,,,,,,,,,,,,
0.48333,29,,,,,,,,,,,,,,,,,,,
0.5,29,,,,,,,,,,,,,,,,,,,
0.51667,29,,,,,,,,,,,,,,,,,,,
0.53333,28.99,,,,,,,,,,,,,,,,,,,
0.55,28.99,,,,,,,,,,,,,,,,,,,
0.56667,28.99,,,,,,,,,,,,,,,,,,,
0.58333,28.99,,,,,,,,,,,,,,,,,,,
0.6,28.99,,,,,,,,,,,,,,,,,,,
0.61667,28.98,,,,,,,,,,,,,,,,,,,
0.63333,28.98,,,,,,,,,,,,,,,,,,,
0.65,28.98,,,,,,,,,,,,,,,,,,,
0.66667,28.98,,,,,,,,,,,,,,,,,,,
0.68333,28.98,,,,,,,,,,,,,,,,,,,
0.7,28.98,,,,,,,,,,,,,,,,,,,
0.71667,28.97,,,,,,,,,,,,,,,,,,,
0.73333,28.97,,,,,,,,,,,,,,,,,,,
0.75,28.97,,,,,,,,,,,,,,,,,,,
0.76667,28.97,,,,,,,,,,,,,,,,,,,
0.78333,28.97,,,,,,,,,,,,,,,,,,,
0.8,28.96,,,,,,,,,,,,,,,,,,,
0.81667,28.96,,,,,,,,,,,,,,,,,,,
0.83333,28.96,,,,,,,,,,,,,,,,,,,
0.85,28.96,,,,,,,,,,,,,,,,,,,
0.86667,28.96,,,,,,,,,,,,,,,,,,,
0.88333,28.96,,,,,,,,,,,,,,,,,,,
0.9,28.95,,,,,,,,,,,,,,,,,,,
0.91667,28.95,,,,,,,,,,,,,,,,,,,
0.93333,28.95,,,,,,,,,,,,,,,,,,,
0.95,28.95,,,,,,,,,,,,,,,,,,,
0.96667,28.95,,,,,,,,,,,,,,,,,,,
0.98333,28.95,,,,,,,,,,,,,,,,,,,
1,28.94,,,,,,,,,,,,,,,,,,,
1.01667,28.94,,,,,,,,,,,,,,,,,,,
1.03333,28.94,,,,,,,,,,,,,,,,,,,
1.05,28.94,,,,,,,,,,,,,,,,,,,
1.06667,28.94,,,,,,,,,,,,,,,,,,,
1.08333,28.94,,,,,,,,,,,,,,,,,,,
1.1,28.93,,,,,,,,,,,,,,,,,,,
1.11667,28.93,,,,,,,,,,,,,,,,,,,
1.13333,28.93,,,,,,,,,,,,,,,,,,,
1.15,28.93,,,,,,,,,,,,,,,,,,,
1.16667,28.93,,,,,,,,,,,,,,,,,,,
1.18333,28.92,,,,,,,,,,,,,,,,,,,
1.2,28.92,,,,,,,,,,,,,,,,,,,
1.21667,28.92,,,,,,,,,,,,,,,,,,,
1.23333,28.92,,,,,,,,,,,,,,,,,,,
1.25,28.92,,,,,,,,,,,,,,,,,,,
1.26667,28.92,,,,,,,,,,,,,,,,,,,
1.28333,28.92,,,,,,,,,,,,,,,,,,,
1.3,28.91,,,,,,,,,,,,,,,,,,,
1.31667,28.91,,,,,,,,,,,,,,,,,,,
1.33333,28.91,,,,,,,,,,,,,,,,,,,
1.35,28.91,,,,,,,,,,,,,,,,,,,
1.36667,28.91,,,,,,,,,,,,,,,,,,,
1.38333,28.9,,,,,,,,,,,,,,,,,,,
1.4,28.9,,,,,,,,,,,,,,,,,,,
1.41667,28.9,,,,,,,,,,,,,,,,,,,
1.43333,28.9,,,,,,,,,,,,,,,,,,,
1.45,28.9,,,,,,,,,,,,,,,,,,,
1.46667,28.9,,,,,,,,,,,,,,,,,,,
1.48333,28.89,,,,,,,,,,,,,,,,,,,
1.5,28.89,,,,,,,,,,,,,,,,,,,
1.51667,28.89,,,,,,,,,,,,,,,,,,,
1.53333,28.89,,,,,,,,,,,,,,,,,,,
1.55,28.89,,,,,,,,,,,,,,,,,,,
1.56667,28.88,,,,,,,,,,,,,,,,,,,
1.58333,28.88,,,,,,,,,,,,,,,,,,,
1.6,28.88,,,,,,,,,,,,,,,,,,,
1.61667,28.88,,,,,,,,,,,,,,,,,,,
1.63333,28.88,,,,,,,,,,,,,,,,,,,
1.65,28.88,,,,,,,,,,,,,,,,,,,
1.66667,28.87,,,,,,,,,,,,,,,,,,,
1.68333,28.87,,,,,,,,,,,,,,,,,,,
1.7,28.87,,,,,,,,,,,,,,,,,,,
1.71667,28.87,,,,,,,,,,,,,,,,,,,
1.73333,28.87,,,,,,,,,,,,,,,,,,,
1.75,28.87,,,,,,,,,,,,,,,,,,,
1.76667,28.86,,,,,,,,,,,,,,,,,,,
1.78333,28.86,,,,,,,,,,,,,,,,,,,
1.8,28.86,,,,,,,,,,,,,,,,,,,
1.81667,28.86,,,,,,,,,,,,,,,,,,,
1.83333,28.86,,,,,,,,,,,,,,,,,,,
1.85,28.86,,,,,,,,,,,,,,,,,,,
1.86667,28.86,,,,,,,,,,,,,,,,,,,
1.88333,28.85,,,,,,,,,,,,,,,,,,,
1.9,28.85,,,,,,,,,,,,,,,,,,,
1.91667,28.85,,,,,,,,,,,,,,,,,,,
1.93333,28.85,,,,,,,,,,,,,,,,,,,
1.95,28.85,,,,,,,,,,,,,,,,,,,
1.96667,28.85,,,,,,,,,,,,,,,,,,,
1.98333,28.84,,,,,,,,,,,,,,,,,,,
2,28.84,,,,,,,,,,,,,,,,,,,
2.01667,28.84,,,,,,,,,,,,,,,,,,,
2.03333,28.84,,,,,,,,,,,,,,,,,,,
2.05,28.84,,,,,,,,,,,,,,,,,,,
2.06667,28.84,,,,,,,,,,,,,,,,,,,
2.08333,28.83,,,,,,,,,,,,,,,,,,,
2.1,28.83,,,,,,,,,,,,,,,,,,,
2.11667,28.83,,,,,,,,,,,,,,,,,,,
2.13333,28.83,,,,,,,,,,,,,,,,,,,
2.15,28.83,,,,,,,,,,,,,,,,,,,
2.16667,28.83,,,,,,,,,,,,,,,,,,,
2.18333,28.82,,,,,,,,,,,,,,,,,,,
2.2,28.82,,,,,,,,,,,,,,,,,,,
2.21667,28.82,,,,,,,,,,,,,,,,,,,
2.23333,28.82,,,,,,,,,,,,,,,,,,,
2.25,28.82,,,,,,,,,,,,,,,,,,,
2.26667,28.82,,,,,,,,,,,,,,,,,,,
2.28333,28.82,,,,,,,,,,,,,,,,,,,
2.3,28.81,,,,,,,,,,,,,,,,,,,
2.31667,28.81,,,,,,,,,,,,,,,,,,,
2.33333,28.81,,,,,,,,,,,,,,,,,,,
2.35,28.81,,,,,,,,,,,,,,,,,,,
2.36667,28.81,,,,,,,,,,,,,,,,,,,
2.38333,28.81,,,,,,,,,,,,,,,,,,,
2.4,28.81,,,,,,,,,,,,,,,,,,,
2.41667,28.8,,,,,,,,,,,,,,,,,,,
2.43333,28.8,,,,,,,,,,,,,,,,,,,
2.45,28.8,,,,,,,,,,,,,,,,,,,
2.46667,28.8,,,,,,,,,,,,,,,,,,,
2.48333,28.8,,,,,,,,,,,,,,,,,,,
2.5,28.8,,,,,,,,,,,,,,,,,,,
2.51667,28.8,,,,,,,,,,,,,,,,,,,
2.53333,28.79,,,,,,,,,,,,,,,,,,,
2.55,28.79,,,,,,,,,,,,,,,,,,,
2.56667,28.79,,,,,,,,,,,,,,,,,,,
2.58333,28.79,,,,,,,,,,,,,,,,,,,
2.6,28.79,,,,,,,,,,,,,,,,,,,
2.61667,28.79,,,,,,,,,,,,,,,,,,,
2.63333,28.78,,,,,,,,,,,,,,,,,,,
2.65,28.78,,,,,,,,,,,,,,,,,,,
2.66667,28.78,,,,,,,,,,,,,,,,,,,
2.68333,28.78,,,,,,,,,,,,,,,,,,,
2.7,28.78,,,,,,,,,,,,,,,,,,,
2.71667,28.78,,,,,,,,,,,,,,,,,,,
2.73333,28.78,,,,,,,,,,,,,,,,,,,
2.75,28.78,,,,,,,,,,,,,,,,,,,
2.76667,28.77,,,,,,,,,,,,,,,,,,,
2.78333,28.77,,,,,,,,,,,,,,,,,,,
2.8,28.77,,,,,,,,,,,,,,,,,,,
2.81667,28.77,,,,,,,,,,,,,,,,,,,
2.83333,28.77,,,,,,,,,,,,,,,,,,,
2.85,28.77,,,,,,,,,,,,,,,,,,,
2.86667,28.77,,,,,,,,,,,,,,,,,,,
2.88333,28.76,,,,,,,,,,,,,,,,,,,
2.9,28.76,,,,,,,,,,,,,,,,,,,
2.91667,28.76,,,,,,,,,,,,,,,,,,,
2.93333,28.76,,,,,,,,,,,,,,,,,,,
2.95,28.76,,,,,,,,,,,,,,,,,,,
2.96667,28.76,,,,,,,,,,,,,,,,,,,
2.98333,28.75,,,,,,,,,,,,,,,,,,,
3,28.75,,,,,,,,,,,,,,,,,,,
3.01667,28.75,,,,,,,,,,,,,,,,,,,
3.03333,28.75,,,,,,,,,,,,,,,,,,,
3.05,28.75,,,,,,,,,,,,,,,,,,,
3.06667,28.75,,,,,,,,,,,,,,,,,,,
3.08333,28.75,,,,,,,,,,,,,,,,,,,
3.1,28.75,,,,,,,,,,,,,,,,,,,
3.11667,28.74,,,,,,,,,,,,,,,,,,,
3.13333,28.74,,,,,,,,,,,,,,,,,,,
3.15,28.74,,,,,,,,,,,,,,,,,,,
3.16667,28.74,,,,,,,,,,,,,,,,,,,
3.18333,28.74,,,,,,,,,,,,,,,,,,,
3.2,28.74,,,,,,,,,,,,,,,,,,,
3.21667,28.74,,,,,,,,,,,,,,,,,,,
3.23333,28.73,,,,,,,,,,,,,,,,,,,
3.25,28.73,,,,,,,,,,,,,,,,,,,
3.26667,28.73,,,,,,,,,,,,,,,,,,,
3.28333,28.73,,,,,,,,,,,,,,,,,,,
3.3,28.73,,,,,,,,,,,,,,,,,,,
3.31667,28.73,,,,,,,,,,,,,,,,,,,
3.33333,28.73,,,,,,,,,,,,,,,,,,,
3.35,28.72,,,,,,,,,,,,,,,,,,,
3.36667,28.72,,,,,,,,,,,,,,,,,,,
3.38333,28.72,,,,,,,,,,,,,,,,,,,
3.4,28.72,,,,,,,,,,,,,,,,,,,
3.41667,28.72,,,,,,,,,,,,,,,,,,,
3.43333,28.72,,,,,,,,,,,,,,,,,,,
3.45,28.72,,,,,,,,,,,,,,,,,,,
3.46667,28.72,,,,,,,,,,,,,,,,,,,
3.48333,28.71,,,,,,,,,,,,,,,,,,,
3.5,28.71,,,,,,,,,,,,,,,,,,,
3.51667,28.71,,,,,,,,,,,,,,,,,,,
3.53333,28.71,,,,,,,,,,,,,,,,,,,
3.55,28.71,,,,,,,,,,,,,,,,,,,
3.56667,28.71,,,,,,,,,,,,,,,,,,,
3.58333,28.7,,,,,,,,,,,,,,,,,,,
3.6,28.7,,,,,,,,,,,,,,,,,,,
3.61667,28.7,,,,,,,,,,,,,,,,,,,
3.63333,28.7,,,,,,,,,,,,,,,,,,,
3.65,28.7,,,,,,,,,,,,,,,,,,,
3.66667,28.7,,,,,,,,,,,,,,,,,,,
3.68333,28.7,,,,,,,,,,,,,,,,,,,
3.7,28.7,,,,,,,,,,,,,,,,,,,
3.71667,28.7,,,,,,,,,,,,,,,,,,,
3.73333,28.69,,,,,,,,,,,,,,,,,,,
3.75,28.69,,,,,,,,,,,,,,,,,,,
3.76667,28.69,,,,,,,,,,,,,,,,,,,
3.78333,28.69,,,,,,,,,,,,,,,,,,,
3.8,28.69,,,,,,,,,,,,,,,,,,,
3.81667,28.69,,,,,,,,,,,,,,,,,,,
3.83333,28.69,,,,,,,,,,,,,,,,,,,
3.85,28.68,,,,,,,,,,,,,,,,,,,
3.86667,28.68,,,,,,,,,,,,,,,,,,,
3.88333,28.68,,,,,,,,,,,,,,,,,,,
3.9,28.68,,,,,,,,,,,,,,,,,,,
3.91667,28.68,,,,,,,,,,,,,,,,,,,
3.93333,28.68,,,,,,,,,,,,,,,,,,,
3.95,28.68,,,,,,,,,,,,,,,,,,,
3.96667,28.68,,,,,,,,,,,,,,,,,,,
3.98333,28.67,,,,,,,,,,,,,,,,,,,
4,28.67,,,,,,,,,,,,,,,,,,,
4.01667,28.67,,,,,,,,,,,,,,,,,,,
4.03333,28.67,,,,,,,,,,,,,,,,,,,
4.05,28.67,,,,,,,,,,,,,,,,,,,
4.06667,28.67,,,,,,,,,,,,,,,,,,,
4.08333,28.67,,,,,,,,,,,,,,,,,,,
4.1,28.67,,,,,,,,,,,,,,,,,,,
4.11667,28.66,,,,,,,,,,,,,,,,,,,
4.13333,28.66,,,,,,,,,,,,,,,,,,,
4.15,28.66,,,,,,,,,,,,,,,,,,,
4.16667,28.66,,,,,,,,,,,,,,,,,,,
4.18333,28.66,,,,,,,,,,,,,,,,,,,
4.2,28.66,,,,,,,,,,,,,,,,,,,
4.21667,28.66,,,,,,,,,,,,,,,,,,,
4.23333,28.66,,,,,,,,,,,,,,,,,,,
4.25,28.66,,,,,,,,,,,,,,,,,,,
4.26667,28.66,,,,,,,,,,,,,,,,,,,
4.28333,28.65,,,,,,,,,,,,,,,,,,,
4.3,28.65,,,,,,,,,,,,,,,,,,,
4.31667,28.65,,,,,,,,,,,,,,,,,,,
4.33333,28.65,,,,,,,,,,,,,,,,,,,
4.35,28.65,,,,,,,,,,,,,,,,,,,
4.36667,28.65,,,,,,,,,,,,,,,,,,,
4.38333,28.65,,,,,,,,,,,,,,,,,,,
4.4,28.65,,,,,,,,,,,,,,,,,,,
4.41667,28.64,,,,,,,,,,,,,,,,,,,
4.43333,28.64,,,,,,,,,,,,,,,,,,,
4.45,28.64,,,,,,,,,,,,,,,,,,,
4.46667,28.64,,,,,,,,,,,,,,,,,,,
4.48333,28.64,,,,,,,,,,,,,,,,,,,
4.5,28.64,,,,,,,,,,,,,,,,,,,
4.51667,28.64,,,,,,,,,,,,,,,,,,,
4.53333,28.64,,,,,,,,,,,,,,,,,,,
4.55,28.64,,,,,,,,,,,,,,,,,,,
4.56667,28.63,,,,,,,,,,,,,,,,,,,
4.58333,28.63,,,,,,,,,,,,,,,,,,,
4.6,28.63,,,,,,,,,,,,,,,,,,,
4.61667,28.63,,,,,,,,,,,,,,,,,,,
4.63333,28.63,,,,,,,,,,,,,,,,,,,
4.65,28.63,,,,,,,,,,,,,,,,,,,
4.66667,28.63,,,,,,,,,,,,,,,,,,,
4.68333,28.63,,,,,,,,,,,,,,,,,,,
4.7,28.63,,,,,,,,,,,,,,,,,,,
4.71667,28.62,,,,,,,,,,,,,,,,,,,
4.73333,28.62,,,,,,,,,,,,,,,,,,,
4.75,28.62,,,,,,,,,,,,,,,,,,,
4.76667,28.62,,,,,,,,,,,,,,,,,,,
4.78333,28.62,,,,,,,,,,,,,,,,,,,
4.8,28.62,,,,,,,,,,,,,,,,,,,
4.81667,28.62,,,,,,,,,,,,,,,,,,,
4.83333,28.62,,,,,,,,,,,,,,,,,,,
4.85,28.62,,,,,,,,,,,,,,,,,,,
4.86667,28.62,,,,,,,,,,,,,,,,,,,
4.88333,28.62,,,,,,,,,,,,,,,,,,,
4.9,28.61,,,,,,,,,,,,,,,,,,,
4.91667,28.61,,,,,,,,,,,,,,,,,,,
4.93333,28.61,,,,,,,,,,,,,,,,,,,
4.95,28.61,,,,,,,,,,,,,,,,,,,
4.96667,28.61,,,,,,,,,,,,,,,,,,,
4.98333,28.61,,,,,,,,,,,,,,,,,,,
5,28.61,,,,,,,,,,,,,,,,,,,
5.01667,28.61,,,,,,,,,,,,,,,,,,,
5.03333,28.6,,,,,,,,,,,,,,,,,,,
5.05,28.6,,,,,,,,,,,,,,,,,,,
5.06667,28.6,,,,,,,,,,,,,,,,,,,
5.08333,28.6,,,,,,,,,,,,,,,,,,,
5.1,28.6,,,,,,,,,,,,,,,,,,,
5.11667,28.6,,,,,,,,,,,,,,,,,,,
5.13333,28.6,,,,,,,,,,,,,,,,,,,
5.15,28.6,,,,,,,,,,,,,,,,,,,
5.16667,28.6,,,,,,,,,,,,,,,,,,,
5.18333,28.6,,,,,,,,,,,,,,,,,,,
5.2,28.59,,,,,,,,,,,,,,,,,,,
5.21667,28.59,,,,,,,,,,,,,,,,,,,
5.23333,28.59,,,,,,,,,,,,,,,,,,,
5.25,28.59,,,,,,,,,,,,,,,,,,,
5.26667,28.59,,,,,,,,,,,,,,,,,,,
5.28333,28.59,,,,,,,,,,,,,,,,,,,
5.3,28.59,,,,,,,,,,,,,,,,,,,
5.31667,28.59,,,,,,,,,,,,,,,,,,,
5.33333,28.59,,,,,,,,,,,,,,,,,,,
5.35,28.59,,,,,,,,,,,,,,,,,,,
5.36667,28.58,,,,,,,,,,,,,,,,,,,
5.38333,28.58,,,,,,,,,,,,,,,,,,,
5.4,28.58,,,,,,,,,,,,,,,,,,,
5.41667,28.58,,,,,,,,,,,,,,,,,,,
5.43333,28.58,,,,,,,,,,,,,,,,,,,
5.45,28.58,,,,,,,,,,,,,,,,,,,
5.46667,28.58,,,,,,,,,,,,,,,,,,,
5.48333,28.58,,,,,,,,,,,,,,,,,,,
5.5,28.58,,,,,,,,,,,,,,,,,,,
5.51667,28.58,,,,,,,,,,,,,,,,,,,
5.53333,28.57,,,,,,,,,,,,,,,,,,,
5.55,28.57,,,,,,,,,,,,,,,,,,,
5.56667,28.57,,,,,,,,,,,,,,,,,,,
5.58333,28.57,,,,,,,,,,,,,,,,,,,
5.6,28.57,,,,,,,,,,,,,,,,,,,
5.61667,28.57,,,,,,,,,,,,,,,,,,,
5.63333,28.57,,,,,,,,,,,,,,,,,,,
5.65,28.57,,,,,,,,,,,,,,,,,,,
5.66667,28.57,,,,,,,,,,,,,,,,,,,
5.68333,28.57,,,,,,,,,,,,,,,,,,,
5.7,28.56,,,,,,,,,,,,,,,,,,,
5.71667,28.56,,,,,,,,,,,,,,,,,,,
5.73333,28.56,,,,,,,,,,,,,,,,,,,
5.75,28.56,,,,,,,,,,,,,,,,,,,
5.76667,28.56,,,,,,,,,,,,,,,,,,,
5.78333,28.56,,,,,,,,,,,,,,,,,,,
5.8,28.56,,,,,,,,,,,,,,,,,,,
5.81667,28.56,,,,,,,,,,,,,,,,,,,
5.83333,28.56,,,,,,,,,,,,,,,,,,,
5.85,28.56,,,,,,,,,,,,,,,,,,,
5.86667,28.56,,,,,,,,,,,,,,,,,,,
5.88333,28.56,,,,,,,,,,,,,,,,,,,
5.9,28.55,,,,,,,,,,,,,,,,,,,
5.91667,28.55,,,,,,,,,,,,,,,,,,,
5.93333,28.55,,,,,,,,,,,,,,,,,,,
5.95,28.55,,,,,,,,,,,,,,,,,,,
5.96667,28.55,,,,,,,,,,,,,,,,,,,
5.98333,28.55,,,,,,,,,,,,,,,,,,,
6,28.55,,,,,,,,,,,,,,,,,,,
6.01667,28.55,,,,,,,,,,,,,,,,,,,
6.03333,28.55,,,,,,,,,,,,,,,,,,,
6.05,28.55,,,,,,,,,,,,,,,,,,,
6.06667,28.55,,,,,,,,,,,,,,,,,,,
6.08333,28.54,,,,,,,,,,,,,,,,,,,
6.1,28.54,,,,,,,,,,,,,,,,,,,
6.11667,28.54,,,,,,,,,,,,,,,,,,,
6.13333,28.54,,,,,,,,,,,,,,,,,,,
6.15,28.54,,,,,,,,,,,,,,,,,,,
6.16667,28.54,,,,,,,,,,,,,,,,,,,
6.18333,28.54,,,,,,,,,,,,,,,,,,,
6.2,28.54,,,,,,,,,,,,,,,,,,,
6.21667,28.54,,,,,,,,,,,,,,,,,,,
6.23333,28.54,,,,,,,,,,,,,,,,,,,
6.25,28.54,,,,,,,,,,,,,,,,,,,
6.26667,28.54,,,,,,,,,,,,,,,,,,,
6.28333,28.53,,,,,,,,,,,,,,,,,,,
6.3,28.53,,,,,,,,,,,,,,,,,,,
6.31667,28.53,,,,,,,,,,,,,,,,,,,
6.33333,28.53,,,,,,,,,,,,,,,,,,,
6.35,28.53,,,,,,,,,,,,,,,,,,,
6.36667,28.53,,,,,,,,,,,,,,,,,,,
6.38333,28.53,,,,,,,,,,,,,,,,,,,
6.4,28.53,,,,,,,,,,,,,,,,,,,
6.41667,28.53,,,,,,,,,,,,,,,,,,,
6.43333,28.53,,,,,,,,,,,,,,,,,,,
6.45,28.53,,,,,,,,,,,,,,,,,,,
6.46667,28.52,,,,,,,,,,,,,,,,,,,
6.48333,28.52,,,,,,,,,,,,,,,,,,,
6.5,28.52,,,,,,,,,,,,,,,,,,,
6.51667,28.52,,,,,,,,,,,,,,,,,,,
6.53333,28.52,,,,,,,,,,,,,,,,,,,
6.55,28.52,,,,,,,,,,,,,,,,,,,
6.56667,28.52,,,,,,,,,,,,,,,,,,,
6.58333,28.52,,,,,,,,,,,,,,,,,,,
6.6,28.52,,,,,,,,,,,,,,,,,,,
6.61667,28.52,,,,,,,,,,,,,,,,,,,
6.63333,28.52,,,,,,,,,,,,,,,,,,,
6.65,28.52,,,,,,,,,,,,,,,,,,,
6.66667,28.51,,,,,,,,,,,,,,,,,,,
6.68333,28.51,,,,,,,,,,,,,,,,,,,
6.7,28.51,,,,,,,,,,,,,,,,,,,
6.71667,28.51,,,,,,,,,,,,,,,,,,,
6.73333,28.51,,,,,,,,,,,,,,,,,,,
6.75,28.51,,,,,,,,,,,,,,,,,,,
6.76667,28.51,,,,,,,,,,,,,,,,,,,
6.78333,28.51,,,,,,,,,,,,,,,,,,,
6.8,28.51,,,,,,,,,,,,,,,,,,,
6.81667,28.51,,,,,,,,,,,,,,,,,,,
6.83333,28.51,,,,,,,,,,,,,,,,,,,
6.85,28.51,,,,,,,,,,,,,,,,,,,
6.86667,28.51,,,,,,,,,,,,,,,,,,,
6.88333,28.5,,,,,,,,,,,,,,,,,,,
6.9,28.5,,,,,,,,,,,,,,,,,,,
6.91667,28.5,,,,,,,,,,,,,,,,,,,
6.93333,28.5,,,,,,,,,,,,,,,,,,,
6.95,28.5,,,,,,,,,,,,,,,,,,,
6.96667,28.5,,,,,,,,,,,,,,,,,,,
6.98333,28.5,,,,,,,,,,,,,,,,,,,
7,28.5,,,,,,,,,,,,,,,,,,,
7.01667,28.5,,,,,,,,,,,,,,,,,,,
7.03333,28.5,,,,,,,,,,,,,,,,,,,
7.05,28.5,,,,,,,,,,,,,,,,,,,
7.06667,28.5,,,,,,,,,,,,,,,,,,,
7.08333,28.49,,,,,,,,,,,,,,,,,,,
7.1,28.49,,,,,,,,,,,,,,,,,,,
7.11667,28.49,,,,,,,,,,,,,,,,,,,
7.13333,28.49,,,,,,,,,,,,,,,,,,,
7.15,28.49,,,,,,,,,,,,,,,,,,,
7.16667,28.49,,,,,,,,,,,,,,,,,,,
7.18333,28.49,,,,,,,,,,,,,,,,,,,
7.2,28.49,,,,,,,,,,,,,,,,,,,
7.21667,28.49,,,,,,,,,,,,,,,,,,,
7.23333,28.49,,,,,,,,,,,,,,,,,,,
7.25,28.49,,,,,,,,,,,,,,,,,,,
7.26667,28.49,,,,,,,,,,,,,,,,,,,
7.28333,28.49,,,,,,,,,,,,,,,,,,,
7.3,28.48,,,,,,,,,,,,,,,,,,,
7.31667,28.48,,,,,,,,,,,,,,,,,,,
7.33333,28.48,,,,,,,,,,,,,,,,,,,
7.35,28.48,,,,,,,,,,,,,,,,,,,
7.36667,28.48,,,,,,,,,,,,,,,,,,,
7.38333,28.48,,,,,,,,,,,,,,,,,,,
7.4,28.48,,,,,,,,,,,,,,,,,,,
7.41667,28.48,,,,,,,,,,,,,,,,,,,
7.43333,28.48,,,,,,,,,,,,,,,,,,,
7.45,28.48,,,,,,,,,,,,,,,,,,,
7.46667,28.48,,,,,,,,,,,,,,,,,,,
7.48333,28.48,,,,,,,,,,,,,,,,,,,
7.5,28.47,,,,,,,,,,,,,,,,,,,
7.51667,28.47,,,,,,,,,,,,,,,,,,,
7.53333,28.47,,,,,,,,,,,,,,,,,,,
7.55,28.47,,,,,,,,,,,,,,,,,,,
7.56667,28.47,,,,,,,,,,,,,,,,,,,
7.58333,28.47,,,,,,,,,,,,,,,,,,,
7.6,28.47,,,,,,,,,,,,,,,,,,,
7.61667,28.47,,,,,,,,,,,,,,,,,,,
7.63333,28.47,,,,,,,,,,,,,,,,,,,
7.65,28.47,,,,,,,,,,,,,,,,,,,
7.66667,28.47,,,,,,,,,,,,,,,,,,,
7.68333,28.47,,,,,,,,,,,,,,,,,,,
7.7,28.46,,,,,,,,,,,,,,,,,,,
7.71667,28.46,,,,,,,,,,,,,,,,,,,
7.73333,28.46,,,,,,,,,,,,,,,,,,,
7.75,28.46,,,,,,,,,,,,,,,,,,,
7.76667,28.46,,,,,,,,,,,,,,,,,,,
7.78333,28.46,,,,,,,,,,,,,,,,,,,
7.8,28.46,,,,,,,,,,,,,,,,,,,
7.81667,28.46,,,,,,,,,,,,,,,,,,,
7.83333,28.46,,,,,,,,,,,,,,,,,,,
7.85,28.46,,,,,,,,,,,,,,,,,,,
7.86667,28.46,,,,,,,,,,,,,,,,,,,
7.88333,28.46,,,,,,,,,,,,,,,,,,,
7.9,28.46,,,,,,,,,,,,,,,,,,,
7.91667,28.45,,,,,,,,,,,,,,,,,,,
7.93333,28.45,,,,,,,,,,,,,,,,,,,
7.95,28.45,,,,,,,,,,,,,,,,,,,
7.96667,28.45,,,,,,,,,,,,,,,,,,,
7.98333,28.45,,,,,,,,,,,,,,,,,,,
8,28.45,,,,,,,,,,,,,,,,,,,
8.01667,28.45,,,,,,,,,,,,,,,,,,,
8.03333,28.45,,,,,,,,,,,,,,,,,,,
8.05,28.45,,,,,,,,,,,,,,,,,,,
8.06667,28.45,,,,,,,,,,,,,,,,,,,
8.08333,28.45,,,,,,,,,,,,,,,,,,,
8.1,28.45,,,,,,,,,,,,,,,,,,,
8.11667,28.45,,,,,,,,,,,,,,,,,,,
8.13333,28.44,,,,,,,,,,,,,,,,,,,
8.15,28.44,,,,,,,,,,,,,,,,,,,
8.16667,28.44,,,,,,,,,,,,,,,,,,,
8.18333,28.44,,,,,,,,,,,,,,,,,,,
8.2,28.44,,,,,,,,,,,,,,,,,,,
8.21667,28.44,,,,,,,,,,,,,,,,,,,
8.23333,28.44,,,,,,,,,,,,,,,,,,,
8.25,28.44,,,,,,,,,,,,,,,,,,,
8.26667,28.44,,,,,,,,,,,,,,,,,,,
8.28333,28.44,,,,,,,,,,,,,,,,,,,
8.3,28.44,,,,,,,,,,,,,,,,,,,
8.31667,28.44,,,,,,,,,,,,,,,,,,,
8.33333,28.44,,,,,,,,,,,,,,,,,,,
8.35,28.44,,,,,,,,,,,,,,,,,,,
8.36667,28.43,,,,,,,,,,,,,,,,,,,
8.38333,28.43,,,,,,,,,,,,,,,,,,,
8.4,28.43,,,,,,,,,,,,,,,,,,,
8.41667,28.43,,,,,,,,,,,,,,,,,,,
8.43333,28.43,,,,,,,,,,,,,,,,,,,
8.45,28.43,,,,,,,,,,,,,,,,,,,
8.46667,28.43,,,,,,,,,,,,,,,,,,,
8.48333,28.43,,,,,,,,,,,,,,,,,,,
8.5,28.43,,,,,,,,,,,,,,,,,,,
8.51667,28.43,,,,,,,,,,,,,,,,,,,
8.53333,28.43,,,,,,,,,,,,,,,,,,,
8.55,28.43,,,,,,,,,,,,,,,,,,,
8.56667,28.43,,,,,,,,,,,,,,,,,,,
8.58333,28.42,,,,,,,,,,,,,,,,,,,
8.6,28.42,,,,,,,,,,,,,,,,,,,
8.61667,28.42,,,,,,,,,,,,,,,,,,,
8.63333,28.42,,,,,,,,,,,,,,,,,,,
8.65,28.42,,,,,,,,,,,,,,,,,,,
8.66667,28.42,,,,,,,,,,,,,,,,,,,
8.68333,28.42,,,,,,,,,,,,,,,,,,,
8.7,28.42,,,,,,,,,,,,,,,,,,,
8.71667,28.42,,,,,,,,,,,,,,,,,,,
8.73333,28.42,,,,,,,,,,,,,,,,,,,
8.75,28.42,,,,,,,,,,,,,,,,,,,
8.76667,28.42,,,,,,,,,,,,,,,,,,,
8.78333,28.42,,,,,,,,,,,,,,,,,,,
8.8,28.42,,,,,,,,,,,,,,,,,,,
8.81667,28.41,,,,,,,,,,,,,,,,,,,
8.83333,28.41,,,,,,,,,,,,,,,,,,,
8.85,28.41,,,,,,,,,,,,,,,,,,,
8.86667,28.41,,,,,,,,,,,,,,,,,,,
8.88333,28.41,,,,,,,,,,,,,,,,,,,
8.9,28.41,,,,,,,,,,,,,,,,,,,
8.91667,28.41,,,,,,,,,,,,,,,,,,,
8.93333,28.41,,,,,,,,,,,,,,,,,,,
8.95,28.41,,,,,,,,,,,,,,,,,,,
8.96667,28.41,,,,,,,,,,,,,,,,,,,
8.98333,28.41,,,,,,,,,,,,,,,,,,,
9,28.41,,,,,,,,,,,,,,,,,,,
9.01667,28.41,,,,,,,,,,,,,,,,,,,
9.03333,28.4,,,,,,,,,,,,,,,,,,,
9.05,28.4,,,,,,,,,,,,,,,,,,,
9.06667,28.4,,,,,,,,,,,,,,,,,,,
9.08333,28.4,,,,,,,,,,,,,,,,,,,
9.1,28.4,,,,,,,,,,,,,,,,,,,
9.11667,28.4,,,,,,,,,,,,,,,,,,,
9.13333,28.4,,,,,,,,,,,,,,,,,,,
9.15,28.4,,,,,,,,,,,,,,,,,,,
9.16667,28.4,,,,,,,,,,,,,,,,,,,
9.18333,28.4,,,,,,,,,,,,,,,,,,,
9.2,28.4,,,,,,,,,,,,,,,,,,,
9.21667,28.4,,,,,,,,,,,,,,,,,,,
9.23333,28.4,,,,,,,,,,,,,,,,,,,
9.25,28.4,,,,,,,,,,,,,,,,,,,
9.26667,28.39,,,,,,,,,,,,,,,,,,,
9.28333,28.39,,,,,,,,,,,,,,,,,,,
9.3,28.39,,,,,,,,,,,,,,,,,,,
9.31667,28.39,,,,,,,,,,,,,,,,,,,
9.33333,28.39,,,,,,,,,,,,,,,,,,,
9.35,28.39,,,,,,,,,,,,,,,,,,,
9.36667,28.39,,,,,,,,,,,,,,,,,,,
9.38333,28.39,,,,,,,,,,,,,,,,,,,
9.4,28.39,,,,,,,,,,,,,,,,,,,
9.41667,28.39,,,,,,,,,,,,,,,,,,,
9.43333,28.39,,,,,,,,,,,,,,,,,,,
9.45,28.39,,,,,,,,,,,,,,,,,,,
9.46667,28.39,,,,,,,,,,,,,,,,,,,
9.48333,28.39,,,,,,,,,,,,,,,,,,,
9.5,28.39,,,,,,,,,,,,,,,,,,,
9.51667,28.38,,,,,,,,,,,,,,,,,,,
9.53333,28.38,,,,,,,,,,,,,,,,,,,
9.55,28.38,,,,,,,,,,,,,,,,,,,
9.56667,28.38,,,,,,,,,,,,,,,,,,,
9.58333,28.38,,,,,,,,,,,,,,,,,,,
9.6,28.38,,,,,,,,,,,,,,,,,,,
9.61667,28.38,,,,,,,,,,,,,,,,,,,
9.63333,28.38,,,,,,,,,,,,,,,,,,,
9.65,28.38,,,,,,,,,,,,,,,,,,,
9.66667,28.38,,,,,,,,,,,,,,,,,,,
9.68333,28.38,,,,,,,,,,,,,,,,,,,
9.7,28.38,,,,,,,,,,,,,,,,,,,
9.71667,28.38,,,,,,,,,,,,,,,,,,,
9.73333,28.38,,,,,,,,,,,,,,,,,,,
9.75,28.38,,,,,,,,,,,,,,,,,,,
9.76667,28.37,,,,,,,,,,,,,,,,,,,
9.78333,28.37,,,,,,,,,,,,,,,,,,,
9.8,28.37,,,,,,,,,,,,,,,,,,,
9.81667,28.37,,,,,,,,,,,,,,,,,,,
9.83333,28.37,,,,,,,,,,,,,,,,,,,
9.85,28.37,,,,,,,,,,,,,,,,,,,
9.86667,28.37,,,,,,,,,,,,,,,,,,,
9.88333,28.37,,,,,,,,,,,,,,,,,,,
9.9,28.37,,,,,,,,,,,,,,,,,,,
9.91667,28.37,,,,,,,,,,,,,,,,,,,
9.93333,28.37,,,,,,,,,,,,,,,,,,,
9.95,28.37,,,,,,,,,,,,,,,,,,,
9.96667,28.37,,,,,,,,,,,,,,,,,,,
9.98333,28.37,,,,,,,,,,,,,,,,,,,
10,28.37,,,,,,,,,,,,,,,,,,,
10.01667,28.37,,,,,,,,,,,,,,,,,,,
10.03333,28.36,,,,,,,,,,,,,,,,,,,
10.05,28.36,,,,,,,,,,,,,,,,,,,
10.06667,28.36,,,,,,,,,,,,,,,,,,,
10.08333,28.36,,,,,,,,,,,,,,,,,,,
10.1,28.36,,,,,,,,,,,,,,,,,,,
10.11667,28.36,,,,,,,,,,,,,,,,,,,
10.13333,28.36,,,,,,,,,,,,,,,,,,,
10.15,28.36,,,,,,,,,,,,,,,,,,,
10.16667,28.36,,,,,,,,,,,,,,,,,,,
10.18333,28.36,,,,,,,,,,,,,,,,,,,
10.2,28.36,,,,,,,,,,,,,,,,,,,
10.21667,28.36,,,,,,,,,,,,,,,,,,,
10.23333,28.36,,,,,,,,,,,,,,,,,,,
10.25,28.36,,,,,,,,,,,,,,,,,,,
10.26667,28.36,,,,,,,,,,,,,,,,,,,
10.28333,28.36,,,,,,,,,,,,,,,,,,,
10.3,28.36,,,,,,,,,,,,,,,,,,,
10.31667,28.35,,,,,,,,,,,,,,,,,,,
10.33333,28.35,,,,,,,,,,,,,,,,,,,
10.35,28.35,,,,,,,,,,,,,,,,,,,
10.36667,28.35,,,,,,,,,,,,,,,,,,,
10.38333,28.35,,,,,,,,,,,,,,,,,,,
10.4,28.35,,,,,,,,,,,,,,,,,,,
10.41667,28.35,,,,,,,,,,,,,,,,,,,
10.43333,28.35,,,,,,,,,,,,,,,,,,,
10.45,28.35,,,,,,,,,,,,,,,,,,,
10.46667,28.35,,,,,,,,,,,,,,,,,,,
10.48333,28.35,,,,,,,,,,,,,,,,,,,
10.5,28.35,,,,,,,,,,,,,,,,,,,
10.51667,28.35,,,,,,,,,,,,,,,,,,,
10.53333,28.35,,,,,,,,,,,,,,,,,,,
10.55,28.35,,,,,,,,,,,,,,,,,,,
10.56667,28.35,,,,,,,,,,,,,,,,,,,
10.58333,28.35,,,,,,,,,,,,,,,,,,,
10.6,28.34,,,,,,,,,,,,,,,,,,,
10.61667,28.34,,,,,,,,,,,,,,,,,,,
10.63333,28.34,,,,,,,,,,,,,,,,,,,
10.65,28.34,,,,,,,,,,,,,,,,,,,
10.66667,28.34,,,,,,,,,,,,,,,,,,,
10.68333,28.34,,,,,,,,,,,,,,,,,,,
10.7,28.34,,,,,,,,,,,,,,,,,,,
10.71667,28.34,,,,,,,,,,,,,,,,,,,
10.73333,28.34,,,,,,,,,,,,,,,,,,,
10.75,28.34,,,,,,,,,,,,,,,,,,,
10.76667,28.34,,,,,,,,,,,,,,,,,,,
10.78333,28.34,,,,,,,,,,,,,,,,,,,
10.8,28.34,,,,,,,,,,,,,,,,,,,
10.81667,28.34,,,,,,,,,,,,,,,,,,,
10.83333,28.34,,,,,,,,,,,,,,,,,,,
10.85,28.34,,,,,,,,,,,,,,,,,,,
10.86667,28.34,,,,,,,,,,,,,,,,,,,
10.88333,28.34,,,,,,,,,,,,,,,,,,,
10.9,28.33,,,,,,,,,,,,,,,,,,,
10.91667,28.33,,,,,,,,,,,,,,,,,,,
10.93333,28.33,,,,,,,,,,,,,,,,,,,
10.95,28.33,,,,,,,,,,,,,,,,,,,
10.96667,28.33,,,,,,,,,,,,,,,,,,,
10.98333,28.33,,,,,,,,,,,,,,,,,,,
11,28.33,,,,,,,,,,,,,,,,,,,
11.01667,28.33,,,,,,,,,,,,,,,,,,,
11.03333,28.33,,,,,,,,,,,,,,,,,,,
11.05,28.33,,,,,,,,,,,,,,,,,,,
11.06667,28.33,,,,,,,,,,,,,,,,,,,
11.08333,28.33,,,,,,,,,,,,,,,,,,,
11.1,28.33,,,,,,,,,,,,,,,,,,,
11.11667,28.33,,,,,,,,,,,,,,,,,,,
11.13333,28.33,,,,,,,,,,,,,,,,,,,
11.15,28.33,,,,,,,,,,,,,,,,,,,
11.16667,28.33,,,,,,,,,,,,,,,,,,,
11.18333,28.33,,,,,,,,,,,,,,,,,,,
11.2,28.33,,,,,,,,,,,,,,,,,,,
11.21667,28.32,,,,,,,,,,,,,,,,,,,
11.23333,28.32,,,,,,,,,,,,,,,,,,,
11.25,28.32,,,,,,,,,,,,,,,,,,,
11.26667,28.32,,,,,,,,,,,,,,,,,,,
11.28333,28.32,,,,,,,,,,,,,,,,,,,
11.3,28.32,,,,,,,,,,,,,,,,,,,
11.31667,28.32,,,,,,,,,,,,,,,,,,,
11.33333,28.32,,,,,,,,,,,,,,,,,,,
11.35,28.32,,,,,,,,,,,,,,,,,,,
11.36667,28.32,,,,,,,,,,,,,,,,,,,
11.38333,28.32,,,,,,,,,,,,,,,,,,,
11.4,28.32,,,,,,,,,,,,,,,,,,,
11.41667,28.32,,,,,,,,,,,,,,,,,,,
11.43333,28.32,,,,,,,,,,,,,,,,,,,
11.45,28.32,,,,,,,,,,,,,,,,,,,
11.46667,28.32,,,,,,,,,,,,,,,,,,,
11.48333,28.32,,,,,,,,,,,,,,,,,,,
11.5,28.32,,,,,,,,,,,,,,,,,,,
11.51667,28.32,,,,,,,,,,,,,,,,,,,
11.53333,28.32,,,,,,,,,,,,,,,,,,,
11.55,28.31,,,,,,,,,,,,,,,,,,,
11.56667,28.31,,,,,,,,,,,,,,,,,,,
11.58333,28.31,,,,,,,,,,,,,,,,,,,
11.6,28.31,,,,,,,,,,,,,,,,,,,
11.61667,28.31,,,,,,,,,,,,,,,,,,,
11.63333,28.31,,,,,,,,,,,,,,,,,,,
11.65,28.31,,,,,,,,,,,,,,,,,,,
11.66667,28.31,,,,,,,,,,,,,,,,,,,
11.68333,28.31,,,,,,,,,,,,,,,,,,,
11.7,28.31,,,,,,,,,,,,,,,,,,,
11.71667,28.31,,,,,,,,,,,,,,,,,,,
11.73333,28.31,,,,,,,,,,,,,,,,,,,
11.75,28.31,,,,,,,,,,,,,,,,,,,
11.76667,28.31,,,,,,,,,,,,,,,,,,,
11.78333,28.31,,,,,,,,,,,,,,,,,,,
11.8,28.31,,,,,,,,,,,,,,,,,,,
11.81667,28.31,,,,,,,,,,,,,,,,,,,
11.83333,28.31,,,,,,,,,,,,,,,,,,,
11.85,28.31,,,,,,,,,,,,,,,,,,,
11.86667,28.3,,,,,,,,,,,,,,,,,,,
11.88333,28.3,,,,,,,,,,,,,,,,,,,
11.9,28.3,,,,,,,,,,,,,,,,,,,
11.91667,28.3,,,,,,,,,,,,,,,,,,,
11.93333,28.3,,,,,,,,,,,,,,,,,,,
11.95,28.3,,,,,,,,,,,,,,,,,,,
11.96667,28.3,,,,,,,,,,,,,,,,,,,
11.98333,28.3,,,,,,,,,,,,,,,,,,,
12,28.3,,,,,,,,,,,,,,,,,,,
12.01667,28.3,,,,,,,,,,,,,,,,,,,
12.03333,28.3,,,,,,,,,,,,,,,,,,,
12.05,28.3,,,,,,,,,,,,,,,,,,,
12.06667,28.3,,,,,,,,,,,,,,,,,,,
12.08333,28.3,,,,,,,,,,,,,,,,,,,
12.1,28.3,,,,,,,,,,,,,,,,,,,
12.11667,28.3,,,,,,,,,,,,,,,,,,,
12.13333,28.3,,,,,,,,,,,,,,,,,,,
12.15,28.3,,,,,,,,,,,,,,,,,,,
12.16667,28.3,,,,,,,,,,,,,,,,,,,
12.18333,28.29,,,,,,,,,,,,,,,,,,,
12.2,28.29,,,,,,,,,,,,,,,,,,,
12.21667,28.29,,,,,,,,,,,,,,,,,,,
12.23333,28.29,,,,,,,,,,,,,,,,,,,
12.25,28.29,,,,,,,,,,,,,,,,,,,
12.26667,28.29,,,,,,,,,,,,,,,,,,,
12.28333,28.29,,,,,,,,,,,,,,,,,,,
12.3,28.29,,,,,,,,,,,,,,,,,,,
12.31667,28.29,,,,,,,,,,,,,,,,,,,
12.33333,28.29,,,,,,,,,,,,,,,,,,,
12.35,28.29,,,,,,,,,,,,,,,,,,,
12.36667,28.29,,,,,,,,,,,,,,,,,,,
12.38333,28.29,,,,,,,,,,,,,,,,,,,
12.4,28.29,,,,,,,,,,,,,,,,,,,
12.41667,28.29,,,,,,,,,,,,,,,,,,,
12.43333,28.29,,,,,,,,,,,,,,,,,,,
12.45,28.29,,,,,,,,,,,,,,,,,,,
12.46667,28.29,,,,,,,,,,,,,,,,,,,
12.48333,28.28,,,,,,,,,,,,,,,,,,,
12.5,28.28,,,,,,,,,,,,,,,,,,,
12.51667,28.28,,,,,,,,,,,,,,,,,,,
12.53333,28.28,,,,,,,,,,,,,,,,,,,
12.55,28.28,,,,,,,,,,,,,,,,,,,
12.56667,28.28,,,,,,,,,,,,,,,,,,,
12.58333,28.28,,,,,,,,,,,,,,,,,,,
12.6,28.28,,,,,,,,,,,,,,,,,,,
12.61667,28.28,,,,,,,,,,,,,,,,,,,
12.63333,28.28,,,,,,,,,,,,,,,,,,,
12.65,28.28,,,,,,,,,,,,,,,,,,,
12.66667,28.28,,,,,,,,,,,,,,,,,,,
12.68333,28.28,,,,,,,,,,,,,,,,,,,
12.7,28.28,,,,,,,,,,,,,,,,,,,
12.71667,28.28,,,,,,,,,,,,,,,,,,,
12.73333,28.28,,,,,,,,,,,,,,,,,,,
12.75,28.28,,,,,,,,,,,,,,,,,,,
12.76667,28.28,,,,,,,,,,,,,,,,,,,
12.78333,28.27,,,,,,,,,,,,,,,,,,,
12.8,28.27,,,,,,,,,,,,,,,,,,,
12.81667,28.27,,,,,,,,,,,,,,,,,,,
12.83333,28.27,,,,,,,,,,,,,,,,,,,
12.85,28.27,,,,,,,,,,,,,,,,,,,
12.86667,28.27,,,,,,,,,,,,,,,,,,,
12.88333,28.27,,,,,,,,,,,,,,,,,,,
12.9,28.27,,,,,,,,,,,,,,,,,,,
12.91667,28.27,,,,,,,,,,,,,,,,,,,
12.93333,28.27,,,,,,,,,,,,,,,,,,,
12.95,28.27,,,,,,,,,,,,,,,,,,,
12.96667,28.27,,,,,,,,,,,,,,,,,,,
12.98333,28.27,,,,,,,,,,,,,,,,,,,
13,28.27,,,,,,,,,,,,,,,,,,,
13.01667,28.27,,,,,,,,,,,,,,,,,,,
13.03333,28.27,,,,,,,,,,,,,,,,,,,
13.05,28.27,,,,,,,,,,,,,,,,,,,
13.06667,28.27,,,,,,,,,,,,,,,,,,,
13.08333,28.27,,,,,,,,,,,,,,,,,,,
13.1,28.27,,,,,,,,,,,,,,,,,,,
13.11667,28.26,,,,,,,,,,,,,,,,,,,
13.13333,28.26,,,,,,,,,,,,,,,,,,,
13.15,28.26,,,,,,,,,,,,,,,,,,,
13.16667,28.26,,,,,,,,,,,,,,,,,,,
13.18333,28.26,,,,,,,,,,,,,,,,,,,
13.2,28.26,,,,,,,,,,,,,,,,,,,
13.21667,28.26,,,,,,,,,,,,,,,,,,,
13.23333,28.26,,,,,,,,,,,,,,,,,,,
13.25,28.26,,,,,,,,,,,,,,,,,,,
13.26667,28.26,,,,,,,,,,,,,,,,,,,
13.28333,28.26,,,,,,,,,,,,,,,,,,,
13.3,28.26,,,,,,,,,,,,,,,,,,,
13.31667,28.26,,,,,,,,,,,,,,,,,,,
13.33333,28.26,,,,,,,,,,,,,,,,,,,
13.35,28.26,,,,,,,,,,,,,,,,,,,
13.36667,28.26,,,,,,,,,,,,,,,,,,,
13.38333,28.26,,,,,,,,,,,,,,,,,,,
13.4,28.26,,,,,,,,,,,,,,,,,,,
13.41667,28.26,,,,,,,,,,,,,,,,,,,
13.43333,28.26,,,,,,,,,,,,,,,,,,,
13.45,28.26,,,,,,,,,,,,,,,,,,,
13.46667,28.25,,,,,,,,,,,,,,,,,,,
13.48333,28.25,,,,,,,,,,,,,,,,,,,
13.5,28.25,,,,,,,,,,,,,,,,,,,
13.51667,28.25,,,,,,,,,,,,,,,,,,,
13.53333,28.25,,,,,,,,,,,,,,,,,,,
13.55,28.25,,,,,,,,,,,,,,,,,,,
13.56667,28.25,,,,,,,,,,,,,,,,,,,
13.58333,28.25,,,,,,,,,,,,,,,,,,,
13.6,28.25,,,,,,,,,,,,,,,,,,,
13.61667,28.25,,,,,,,,,,,,,,,,,,,
13.63333,28.25,,,,,,,,,,,,,,,,,,,
13.65,28.25,,,,,,,,,,,,,,,,,,,
13.66667,28.25,,,,,,,,,,,,,,,,,,,
13.68333,28.25,,,,,,,,,,,,,,,,,,,
13.7,28.25,,,,,,,,,,,,,,,,,,,
13.71667,28.25,,,,,,,,,,,,,,,,,,,
13.73333,28.25,,,,,,,,,,,,,,,,,,,
13.75,28.25,,,,,,,,,,,,,,,,,,,
13.76667,28.25,,,,,,,,,,,,,,,,,,,
13.78333,28.25,,,,,,,,,,,,,,,,,,,
13.8,28.25,,,,,,,,,,,,,,,,,,,
13.81667,28.25,,,,,,,,,,,,,,,,,,,
13.83333,28.25,,,,,,,,,,,,,,,,,,,
13.85,28.24,,,,,,,,,,,,,,,,,,,
13.86667,28.24,,,,,,,,,,,,,,,,,,,
13.88333,28.24,,,,,,,,,,,,,,,,,,,
13.9,28.24,,,,,,,,,,,,,,,,,,,
13.91667,28.24,,,,,,,,,,,,,,,,,,,
13.93333,28.24,,,,,,,,,,,,,,,,,,,
13.95,28.24,,,,,,,,,,,,,,,,,,,
13.96667,28.24,,,,,,,,,,,,,,,,,,,
13.98333,28.24,,,,,,,,,,,,,,,,,,,
14,28.24,,,,,,,,,,,,,,,,,,,
14.01667,28.24,,,,,,,,,,,,,,,,,,,
14.03333,28.24,,,,,,,,,,,,,,,,,,,
14.05,28.24,,,,,,,,,,,,,,,,,,,
14.06667,28.24,,,,,,,,,,,,,,,,,,,
14.08333,28.24,,,,,,,,,,,,,,,,,,,
14.1,28.24,,,,,,,,,,,,,,,,,,,
14.11667,28.24,,,,,,,,,,,,,,,,,,,
14.13333,28.24,,,,,,,,,,,,,,,,,,,
14.15,28.24,,,,,,,,,,,,,,,,,,,
14.16667,28.24,,,,,,,,,,,,,,,,,,,
14.18333,28.24,,,,,,,,,,,,,,,,,,,
14.2,28.24,,,,,,,,,,,,,,,,,,,
14.21667,28.24,,,,,,,,,,,,,,,,,,,
14.23333,28.24,,,,,,,,,,,,,,,,,,,
14.25,28.23,,,,,,,,,,,,,,,,,,,
14.26667,28.23,,,,,,,,,,,,,,,,,,,
14.28333,28.23,,,,,,,,,,,,,,,,,,,
14.3,28.23,,,,,,,,,,,,,,,,,,,
14.31667,28.23,,,,,,,,,,,,,,,,,,,
14.33333,28.23,,,,,,,,,,,,,,,,,,,
14.35,28.23,,,,,,,,,,,,,,,,,,,
14.36667,28.23,,,,,,,,,,,,,,,,,,,
14.38333,28.23,,,,,,,,,,,,,,,,,,,
14.4,28.23,,,,,,,,,,,,,,,,,,,
14.41667,28.23,,,,,,,,,,,,,,,,,,,
14.43333,28.23,,,,,,,,,,,,,,,,,,,
14.45,28.23,,,,,,,,,,,,,,,,,,,
14.46667,28.23,,,,,,,,,,,,,,,,,,,
14.48333,28.23,,,,,,,,,,,,,,,,,,,
14.5,28.23,,,,,,,,,,,,,,,,,,,
14.51667,28.23,,,,,,,,,,,,,,,,,,,
14.53333,28.23,,,,,,,,,,,,,,,,,,,
14.55,28.23,,,,,,,,,,,,,,,,,,,
14.56667,28.23,,,,,,,,,,,,,,,,,,,
14.58333,28.23,,,,,,,,,,,,,,,,,,,
14.6,28.23,,,,,,,,,,,,,,,,,,,
14.61667,28.23,,,,,,,,,,,,,,,,,,,
14.63333,28.23,,,,,,,,,,,,,,,,,,,
14.65,28.23,,,,,,,,,,,,,,,,,,,
14.66667,28.22,,,,,,,,,,,,,,,,,,,
14.68333,28.22,,,,,,,,,,,,,,,,,,,
14.7,28.22,,,,,,,,,,,,,,,,,,,
14.71667,28.22,,,,,,,,,,,,,,,,,,,
14.73333,28.22,,,,,,,,,,,,,,,,,,,
14.75,28.22,,,,,,,,,,,,,,,,,,,
14.76667,28.22,,,,,,,,,,,,,,,,,,,
14.78333,28.22,,,,,,,,,,,,,,,,,,,
14.8,28.22,,,,,,,,,,,,,,,,,,,
14.81667,28.22,,,,,,,,,,,,,,,,,,,
14.83333,28.22,,,,,,,,,,,,,,,,,,,
14.85,28.22,,,,,,,,,,,,,,,,,,,
14.86667,28.22,,,,,,,,,,,,,,,,,,,
14.88333,28.22,,,,,,,,,,,,,,,,,,,
14.9,28.22,,,,,,,,,,,,,,,,,,,
14.91667,28.22,,,,,,,,,,,,,,,,,,,
14.93333,28.22,,,,,,,,,,,,,,,,,,,
14.95,28.22,,,,,,,,,,,,,,,,,,,
14.96667,28.22,,,,,,,,,,,,,,,,,,,
14.98333,28.22,,,,,,,,,,,,,,,,,,,
15,28.22,,,,,,,,,,,,,,,,,,,
15.01667,28.22,,,,,,,,,,,,,,,,,,,
15.03333,28.22,,,,,,,,,,,,,,,,,,,
15.05,28.22,,,,,,,,,,,,,,,,,,,
15.06667,28.21,,,,,,,,,,,,,,,,,,,
15.08333,28.21,,,,,,,,,,,,,,,,,,,
15.1,28.21,,,,,,,,,,,,,,,,,,,
15.11667,28.21,,,,,,,,,,,,,,,,,,,
15.13333,28.21,,,,,,,,,,,,,,,,,,,
15.15,28.21,,,,,,,,,,,,,,,,,,,
15.16667,28.21,,,,,,,,,,,,,,,,,,,
15.18333,28.21,,,,,,,,,,,,,,,,,,,
15.2,28.21,,,,,,,,,,,,,,,,,,,
15.21667,28.21,,,,,,,,,,,,,,,,,,,
15.23333,28.21,,,,,,,,,,,,,,,,,,,
15.25,28.21,,,,,,,,,,,,,,,,,,,
15.26667,28.21,,,,,,,,,,,,,,,,,,,
15.28333,28.21,,,,,,,,,,,,,,,,,,,
15.3,28.21,,,,,,,,,,,,,,,,,,,
15.31667,28.21,,,,,,,,,,,,,,,,,,,
15.33333,28.21,,,,,,,,,,,,,,,,,,,
15.35,28.21,,,,,,,,,,,,,,,,,,,
15.36667,28.21,,,,,,,,,,,,,,,,,,,
15.38333,28.21,,,,,,,,,,,,,,,,,,,
15.4,28.21,,,,,,,,,,,,,,,,,,,
15.41667,28.21,,,,,,,,,,,,,,,,,,,
15.43333,28.21,,,,,,,,,,,,,,,,,,,
15.45,28.21,,,,,,,,,,,,,,,,,,,
15.46667,28.21,,,,,,,,,,,,,,,,,,,
15.48333,28.2,,,,,,,,,,,,,,,,,,,
15.5,28.2,,,,,,,,,,,,,,,,,,,
15.51667,28.2,,,,,,,,,,,,,,,,,,,
15.53333,28.2,,,,,,,,,,,,,,,,,,,
15.55,28.2,,,,,,,,,,,,,,,,,,,
15.56667,28.2,,,,,,,,,,,,,,,,,,,
15.58333,28.2,,,,,,,,,,,,,,,,,,,
15.6,28.2,,,,,,,,,,,,,,,,,,,
15.61667,28.2,,,,,,,,,,,,,,,,,,,
15.63333,28.2,,,,,,,,,,,,,,,,,,,
15.65,28.2,,,,,,,,,,,,,,,,,,,
15.66667,28.2,,,,,,,,,,,,,,,,,,,
15.68333,28.2,,,,,,,,,,,,,,,,,,,
15.7,28.2,,,,,,,,,,,,,,,,,,,
15.71667,28.2,,,,,,,,,,,,,,,,,,,
15.73333,28.2,,,,,,,,,,,,,,,,,,,
15.75,28.2,,,,,,,,,,,,,,,,,,,
15.76667,28.2,,,,,,,,,,,,,,,,,,,
15.78333,28.2,,,,,,,,,,,,,,,,,,,
15.8,28.2,,,,,,,,,,,,,,,,,,,
15.81667,28.2,,,,,,,,,,,,,,,,,,,
15.83333,28.2,,,,,,,,,,,,,,,,,,,
15.85,28.2,,,,,,,,,,,,,,,,,,,
15.86667,28.2,,,,,,,,,,,,,,,,,,,
15.88333,28.2,,,,,,,,,,,,,,,,,,,
15.9,28.2,,,,,,,,,,,,,,,,,,,
15.91667,28.2,,,,,,,,,,,,,,,,,,,
15.93333,28.19,,,,,,,,,,,,,,,,,,,
15.95,28.19,,,,,,,,,,,,,,,,,,,
15.96667,28.19,,,,,,,,,,,,,,,,,,,
15.98333,28.19,,,,,,,,,,,,,,,,,,,
16,28.19,,,,,,,,,,,,,,,,,,,
16.01667,28.19,,,,,,,,,,,,,,,,,,,
16.03333,28.19,,,,,,,,,,,,,,,,,,,
16.05,28.19,,,,,,,,,,,,,,,,,,,
16.06667,28.19,,,,,,,,,,,,,,,,,,,
16.08333,28.19,,,,,,,,,,,,,,,,,,,
16.1,28.19,,,,,,,,,,,,,,,,,,,
16.11667,28.19,,,,,,,,,,,,,,,,,,,
16.13333,28.19,,,,,,,,,,,,,,,,,,,
16.15,28.19,,,,,,,,,,,,,,,,,,,
16.16667,28.19,,,,,,,,,,,,,,,,,,,
16.18333,28.19,,,,,,,,,,,,,,,,,,,
16.2,28.19,,,,,,,,,,,,,,,,,,,
16.21667,28.19,,,,,,,,,,,,,,,,,,,
16.23333,28.19,,,,,,,,,,,,,,,,,,,
16.25,28.19,,,,,,,,,,,,,,,,,,,
16.26667,28.19,,,,,,,,,,,,,,,,,,,
16.28333,28.19,,,,,,,,,,,,,,,,,,,
16.3,28.19,,,,,,,,,,,,,,,,,,,
16.31667,28.19,,,,,,,,,,,,,,,,,,,
16.33333,28.19,,,,,,,,,,,,,,,,,,,
16.35,28.19,,,,,,,,,,,,,,,,,,,
16.36667,28.19,,,,,,,,,,,,,,,,,,,
16.38333,28.19,,,,,,,,,,,,,,,,,,,
16.4,28.19,,,,,,,,,,,,,,,,,,,
16.41667,28.19,,,,,,,,,,,,,,,,,,,
16.43333,28.19,,,,,,,,,,,,,,,,,,,
16.45,28.18,,,,,,,,,,,,,,,,,,,
16.46667,28.18,,,,,,,,,,,,,,,,,,,
16.48333,28.18,,,,,,,,,,,,,,,,,,,
16.5,28.18,,,,,,,,,,,,,,,,,,,
16.51667,28.18,,,,,,,,,,,,,,,,,,,
16.53333,28.18,,,,,,,,,,,,,,,,,,,
16.55,28.18,,,,,,,,,,,,,,,,,,,
16.56667,28.18,,,,,,,,,,,,,,,,,,,
16.58333,28.18,,,,,,,,,,,,,,,,,,,
16.6,28.18,,,,,,,,,,,,,,,,,,,
16.61667,28.18,,,,,,,,,,,,,,,,,,,
16.63333,28.18,,,,,,,,,,,,,,,,,,,
16.65,28.18,,,,,,,,,,,,,,,,,,,
16.66667,28.18,,,,,,,,,,,,,,,,,,,
16.68333,28.18,,,,,,,,,,,,,,,,,,,
16.7,28.18,,,,,,,,,,,,,,,,,,,
16.71667,28.18,,,,,,,,,,,,,,,,,,,
16.73333,28.18,,,,,,,,,,,,,,,,,,,
16.75,28.18,,,,,,,,,,,,,,,,,,,
16.76667,28.18,,,,,,,,,,,,,,,,,,,
16.78333,28.18,,,,,,,,,,,,,,,,,,,
16.8,28.18,,,,,,,,,,,,,,,,,,,
16.81667,28.18,,,,,,,,,,,,,,,,,,,
16.83333,28.18,,,,,,,,,,,,,,,,,,,
16.85,28.18,,,,,,,,,,,,,,,,,,,
16.86667,28.18,,,,,,,,,,,,,,,,,,,
16.88333,28.18,,,,,,,,,,,,,,,,,,,
16.9,28.18,,,,,,,,,,,,,,,,,,,
16.91667,28.18,,,,,,,,,,,,,,,,,,,
16.93333,28.18,,,,,,,,,,,,,,,,,,,
16.95,28.18,,,,,,,,,,,,,,,,,,,
16.96667,28.18,,,,,,,,,,,,,,,,,,,
16.98333,28.18,,,,,,,,,,,,,,,,,,,
17,28.18,,,,,,,,,,,,,,,,,,,
17.01667,28.18,,,,,,,,,,,,,,,,,,,
17.03333,28.17,,,,,,,,,,,,,,,,,,,
17.05,28.17,,,,,,,,,,,,,,,,,,,
17.06667,28.17,,,,,,,,,,,,,,,,,,,
17.08333,28.17,,,,,,,,,,,,,,,,,,,
17.1,28.17,,,,,,,,,,,,,,,,,,,
17.11667,28.17,,,,,,,,,,,,,,,,,,,
17.13333,28.17,,,,,,,,,,,,,,,,,,,
17.15,28.17,,,,,,,,,,,,,,,,,,,
17.16667,28.17,,,,,,,,,,,,,,,,,,,
17.18333,28.17,,,,,,,,,,,,,,,,,,,
17.2,28.17,,,,,,,,,,,,,,,,,,,
17.21667,28.17,,,,,,,,,,,,,,,,,,,
17.23333,28.17,,,,,,,,,,,,,,,,,,,
17.25,28.17,,,,,,,,,,,,,,,,,,,
17.26667,28.17,,,,,,,,,,,,,,,,,,,
17.28333,28.17,,,,,,,,,,,,,,,,,,,
17.3,28.17,,,,,,,,,,,,,,,,,,,
17.31667,28.17,,,,,,,,,,,,,,,,,,,
17.33333,28.17,,,,,,,,,,,,,,,,,,,
17.35,28.17,,,,,,,,,,,,,,,,,,,
17.36667,28.17,,,,,,,,,,,,,,,,,,,
17.38333,28.17,,,,,,,,,,,,,,,,,,,
17.4,28.17,,,,,,,,,,,,,,,,,,,
17.41667,28.17,,,,,,,,,,,,,,,,,,,
17.43333,28.17,,,,,,,,,,,,,,,,,,,
17.45,28.17,,,,,,,,,,,,,,,,,,,
17.46667,28.17,,,,,,,,,,,,,,,,,,,
17.48333,28.17,,,,,,,,,,,,,,,,,,,
17.5,28.17,,,,,,,,,,,,,,,,,,,
17.51667,28.17,,,,,,,,,,,,,,,,,,,
17.53333,28.17,,,,,,,,,,,,,,,,,,,
17.55,28.17,,,,,,,,,,,,,,,,,,,
17.56667,28.17,,,,,,,,,,,,,,,,,,,
17.58333,28.16,,,,,,,,,,,,,,,,,,,
17.6,28.16,,,,,,,,,,,,,,,,,,,
17.61667,28.16,,,,,,,,,,,,,,,,,,,
17.63333,28.16,,,,,,,,,,,,,,,,,,,
17.65,28.16,,,,,,,,,,,,,,,,,,,
17.66667,28.16,,,,,,,,,,,,,,,,,,,
17.68333,28.16,,,,,,,,,,,,,,,,,,,
17.7,28.16,,,,,,,,,,,,,,,,,,,
17.71667,28.16,,,,,,,,,,,,,,,,,,,
17.73333,28.16,,,,,,,,,,,,,,,,,,,
17.75,28.16,,,,,,,,,,,,,,,,,,,
17.76667,28.16,,,,,,,,,,,,,,,,,,,
17.78333,28.16,,,,,,,,,,,,,,,,,,,
17.8,28.16,,,,,,,,,,,,,,,,,,,
17.81667,28.16,,,,,,,,,,,,,,,,,,,
17.83333,28.16,,,,,,,,,,,,,,,,,,,
17.85,28.16,,,,,,,,,,,,,,,,,,,
17.86667,28.16,,,,,,,,,,,,,,,,,,,
17.88333,28.16,,,,,,,,,,,,,,,,,,,
17.9,28.16,,,,,,,,,,,,,,,,,,,
17.91667,28.16,,,,,,,,,,,,,,,,,,,
17.93333,28.16,,,,,,,,,,,,,,,,,,,
17.95,28.16,,,,,,,,,,,,,,,,,,,
17.96667,28.16,,,,,,,,,,,,,,,,,,,
17.98333,28.16,,,,,,,,,,,,,,,,,,,
18,28.16,,,,,,,,,,,,,,,,,,,
18.01667,28.16,,,,,,,,,,,,,,,,,,,
18.03333,28.16,,,,,,,,,,,,,,,,,,,
18.05,28.16,,,,,,,,,,,,,,,,,,,
18.06667,28.16,,,,,,,,,,,,,,,,,,,
18.08333,28.16,,,,,,,,,,,,,,,,,,,
18.1,28.16,,,,,,,,,,,,,,,,,,,
18.11667,28.15,,,,,,,,,,,,,,,,,,,
18.13333,28.15,,,,,,,,,,,,,,,,,,,
18.15,28.15,,,,,,,,,,,,,,,,,,,
18.16667,28.15,,,,,,,,,,,,,,,,,,,
18.18333,28.15,,,,,,,,,,,,,,,,,,,
18.2,28.15,,,,,,,,,,,,,,,,,,,
18.21667,28.15,,,,,,,,,,,,,,,,,,,
18.23333,28.15,,,,,,,,,,,,,,,,,,,
18.25,28.15,,,,,,,,,,,,,,,,,,,
18.26667,28.15,,,,,,,,,,,,,,,,,,,
18.28333,28.15,,,,,,,,,,,,,,,,,,,
18.3,28.15,,,,,,,,,,,,,,,,,,,
18.31667,28.15,,,,,,,,,,,,,,,,,,,
18.33333,28.15,,,,,,,,,,,,,,,,,,,
18.35,28.15,,,,,,,,,,,,,,,,,,,
18.36667,28.15,,,,,,,,,,,,,,,,,,,
18.38333,28.15,,,,,,,,,,,,,,,,,,,
18.4,28.15,,,,,,,,,,,,,,,,,,,
18.41667,28.15,,,,,,,,,,,,,,,,,,,
18.43333,28.15,,,,,,,,,,,,,,,,,,,
18.45,28.15,,,,,,,,,,,,,,,,,,,
18.46667,28.15,,,,,,,,,,,,,,,,,,,
18.48333,28.15,,,,,,,,,,,,,,,,,,,
18.5,28.15,,,,,,,,,,,,,,,,,,,
18.51667,28.15,,,,,,,,,,,,,,,,,,,
18.53333,28.15,,,,,,,,,,,,,,,,,,,
18.55,28.15,,,,,,,,,,,,,,,,,,,
18.56667,28.15,,,,,,,,,,,,,,,,,,,
18.58333,28.15,,,,,,,,,,,,,,,,,,,
18.6,28.15,,,,,,,,,,,,,,,,,,,
18.61667,28.15,,,,,,,,,,,,,,,,,,,
18.63333,28.15,,,,,,,,,,,,,,,,,,,
18.65,28.15,,,,,,,,,,,,,,,,,,,
18.66667,28.15,,,,,,,,,,,,,,,,,,,
18.68333,28.15,,,,,,,,,,,,,,,,,,,
18.7,28.14,,,,,,,,,,,,,,,,,,,
18.71667,28.14,,,,,,,,,,,,,,,,,,,
18.73333,28.14,,,,,,,,,,,,,,,,,,,
18.75,28.14,,,,,,,,,,,,,,,,,,,
18.76667,28.14,,,,,,,,,,,,,,,,,,,
18.78333,28.14,,,,,,,,,,,,,,,,,,,
18.8,28.14,,,,,,,,,,,,,,,,,,,
18.81667,28.14,,,,,,,,,,,,,,,,,,,
18.83333,28.14,,,,,,,,,,,,,,,,,,,
18.85,28.14,,,,,,,,,,,,,,,,,,,
18.86667,28.14,,,,,,,,,,,,,,,,,,,
18.88333,28.14,,,,,,,,,,,,,,,,,,,
18.9,28.14,,,,,,,,,,,,,,,,,,,
18.91667,28.14,,,,,,,,,,,,,,,,,,,
18.93333,28.14,,,,,,,,,,,,,,,,,,,
18.95,28.14,,,,,,,,,,,,,,,,,,,
18.96667,28.14,,,,,,,,,,,,,,,,,,,
18.98333,28.14,,,,,,,,,,,,,,,,,,,
19,28.14,,,,,,,,,,,,,,,,,,,
19.01667,28.14,,,,,,,,,,,,,,,,,,,
19.03333,28.14,,,,,,,,,,,,,,,,,,,
19.05,28.14,,,,,,,,,,,,,,,,,,,
19.06667,28.14,,,,,,,,,,,,,,,,,,,
19.08333,28.14,,,,,,,,,,,,,,,,,,,
19.1,28.14,,,,,,,,,,,,,,,,,,,
19.11667,28.14,,,,,,,,,,,,,,,,,,,
19.13333,28.14,,,,,,,,,,,,,,,,,,,
19.15,28.14,,,,,,,,,,,,,,,,,,,
19.16667,28.14,,,,,,,,,,,,,,,,,,,
19.18333,28.14,,,,,,,,,,,,,,,,,,,
19.2,28.14,,,,,,,,,,,,,,,,,,,
19.21667,28.14,,,,,,,,,,,,,,,,,,,
19.23333,28.14,,,,,,,,,,,,,,,,,,,
19.25,28.14,,,,,,,,,,,,,,,,,,,
19.26667,28.14,,,,,,,,,,,,,,,,,,,
19.28333,28.14,,,,,,,,,,,,,,,,,,,
19.3,28.14,,,,,,,,,,,,,,,,,,,
19.31667,28.14,,,,,,,,,,,,,,,,,,,
19.33333,28.13,,,,,,,,,,,,,,,,,,,
19.35,28.13,,,,,,,,,,,,,,,,,,,
19.36667,28.13,,,,,,,,,,,,,,,,,,,
19.38333,28.13,,,,,,,,,,,,,,,,,,,
19.4,28.13,,,,,,,,,,,,,,,,,,,
19.41667,28.13,,,,,,,,,,,,,,,,,,,
19.43333,28.13,,,,,,,,,,,,,,,,,,,
19.45,28.13,,,,,,,,,,,,,,,,,,,
19.46667,28.13,,,,,,,,,,,,,,,,,,,
19.48333,28.13,,,,,,,,,,,,,,,,,,,
19.5,28.13,,,,,,,,,,,,,,,,,,,
19.51667,28.13,,,,,,,,,,,,,,,,,,,
19.53333,28.13,,,,,,,,,,,,,,,,,,,
19.55,28.13,,,,,,,,,,,,,,,,,,,
19.56667,28.13,,,,,,,,,,,,,,,,,,,
19.58333,28.13,,,,,,,,,,,,,,,,,,,
19.6,28.13,,,,,,,,,,,,,,,,,,,
19.61667,28.13,,,,,,,,,,,,,,,,,,,
19.63333,28.13,,,,,,,,,,,,,,,,,,,
19.65,28.13,,,,,,,,,,,,,,,,,,,
19.66667,28.13,,,,,,,,,,,,,,,,,,,
19.68333,28.13,,,,,,,,,,,,,,,,,,,
19.7,28.13,,,,,,,,,,,,,,,,,,,
19.71667,28.13,,,,,,,,,,,,,,,,,,,
19.73333,28.13,,,,,,,,,,,,,,,,,,,
19.75,28.13,,,,,,,,,,,,,,,,,,,
19.76667,28.13,,,,,,,,,,,,,,,,,,,
19.78333,28.13,,,,,,,,,,,,,,,,,,,
19.8,28.13,,,,,,,,,,,,,,,,,,,
19.81667,28.13,,,,,,,,,,,,,,,,,,,
19.83333,28.13,,,,,,,,,,,,,,,,,,,
19.85,28.13,,,,,,,,,,,,,,,,,,,
19.86667,28.13,,,,,,,,,,,,,,,,,,,
19.88333,28.13,,,,,,,,,,,,,,,,,,,
19.9,28.13,,,,,,,,,,,,,,,,,,,
19.91667,28.13,,,,,,,,,,,,,,,,,,,
19.93333,28.13,,,,,,,,,,,,,,,,,,,
19.95,28.13,,,,,,,,,,,,,,,,,,,
19.96667,28.13,,,,,,,,,,,,,,,,,,,
19.98333,28.13,,,,,,,,,,,,,,,,,,,
20,28.13,,,,,,,,,,,,,,,,,,,
20.01667,28.12,,,,,,,,,,,,,,,,,,,
20.03333,28.12,,,,,,,,,,,,,,,,,,,
20.05,28.12,,,,,,,,,,,,,,,,,,,
20.06667,28.12,,,,,,,,,,,,,,,,,,,
20.08333,28.12,,,,,,,,,,,,,,,,,,,
20.1,28.12,,,,,,,,,,,,,,,,,,,
20.11667,28.12,,,,,,,,,,,,,,,,,,,
20.13333,28.12,,,,,,,,,,,,,,,,,,,
20.15,28.12,,,,,,,,,,,,,,,,,,,
20.16667,28.12,,,,,,,,,,,,,,,,,,,
20.18333,28.12,,,,,,,,,,,,,,,,,,,
20.2,28.12,,,,,,,,,,,,,,,,,,,
20.21667,28.12,,,,,,,,,,,,,,,,,,,
20.23333,28.12,,,,,,,,,,,,,,,,,,,
20.25,28.12,,,,,,,,,,,,,,,,,,,
20.26667,28.12,,,,,,,,,,,,,,,,,,,
20.28333,28.12,,,,,,,,,,,,,,,,,,,
20.3,28.12,,,,,,,,,,,,,,,,,,,
20.31667,28.12,,,,,,,,,,,,,,,,,,,
20.33333,28.12,,,,,,,,,,,,,,,,,,,
20.35,28.12,,,,,,,,,,,,,,,,,,,
20.36667,28.12,,,,,,,,,,,,,,,,,,,
20.38333,28.12,,,,,,,,,,,,,,,,,,,
20.4,28.12,,,,,,,,,,,,,,,,,,,
20.41667,28.12,,,,,,,,,,,,,,,,,,,
20.43333,28.12,,,,,,,,,,,,,,,,,,,
20.45,28.12,,,,,,,,,,,,,,,,,,,
20.46667,28.12,,,,,,,,,,,,,,,,,,,
20.48333,28.12,,,,,,,,,,,,,,,,,,,
20.5,28.12,,,,,,,,,,,,,,,,,,,
20.51667,28.12,,,,,,,,,,,,,,,,,,,
20.53333,28.12,,,,,,,,,,,,,,,,,,,
20.55,28.12,,,,,,,,,,,,,,,,,,,
20.56667,28.12,,,,,,,,,,,,,,,,,,,
20.58333,28.12,,,,,,,,,,,,,,,,,,,
20.6,28.12,,,,,,,,,,,,,,,,,,,
20.61667,28.12,,,,,,,,,,,,,,,,,,,
20.63333,28.12,,,,,,,,,,,,,,,,,,,
20.65,28.12,,,,,,,,,,,,,,,,,,,
20.66667,28.12,,,,,,,,,,,,,,,,,,,
20.68333,28.11,,,,,,,,,,,,,,,,,,,
20.7,28.11,,,,,,,,,,,,,,,,,,,
20.71667,28.11,,,,,,,,,,,,,,,,,,,
20.73333,28.11,,,,,,,,,,,,,,,,,,,
20.75,28.11,,,,,,,,,,,,,,,,,,,
20.76667,28.11,,,,,,,,,,,,,,,,,,,
20.78333,28.11,,,,,,,,,,,,,,,,,,,
20.8,28.11,,,,,,,,,,,,,,,,,,,
20.81667,28.11,,,,,,,,,,,,,,,,,,,
20.83333,28.11,,,,,,,,,,,,,,,,,,,
20.85,28.11,,,,,,,,,,,,,,,,,,,
20.86667,28.11,,,,,,,,,,,,,,,,,,,
20.88333,28.11,,,,,,,,,,,,,,,,,,,
20.9,28.11,,,,,,,,,,,,,,,,,,,
20.91667,28.11,,,,,,,,,,,,,,,,,,,
20.93333,28.11,,,,,,,,,,,,,,,,,,,
20.95,28.11,,,,,,,,,,,,,,,,,,,
20.96667,28.11,,,,,,,,,,,,,,,,,,,
20.98333,28.11,,,,,,,,,,,,,,,,,,,
21,28.11,,,,,,,,,,,,,,,,,,,
21.01667,28.11,,,,,,,,,,,,,,,,,,,
21.03333,28.11,,,,,,,,,,,,,,,,,,,
21.05,28.11,,,,,,,,,,,,,,,,,,,
21.06667,28.11,,,,,,,,,,,,,,,,,,,
21.08333,28.11,,,,,,,,,,,,,,,,,,,
21.1,28.11,,,,,,,,,,,,,,,,,,,
21.11667,28.11,,,,,,,,,,,,,,,,,,,
21.13333,28.11,,,,,,,,,,,,,,,,,,,
21.15,28.11,,,,,,,,,,,,,,,,,,,
21.16667,28.11,,,,,,,,,,,,,,,,,,,
21.18333,28.11,,,,,,,,,,,,,,,,,,,
21.2,28.11,,,,,,,,,,,,,,,,,,,
21.21667,28.11,,,,,,,,,,,,,,,,,,,
21.23333,28.11,,,,,,,,,,,,,,,,,,,
21.25,28.11,,,,,,,,,,,,,,,,,,,
21.26667,28.11,,,,,,,,,,,,,,,,,,,
21.28333,28.11,,,,,,,,,,,,,,,,,,,
21.3,28.11,,,,,,,,,,,,,,,,,,,
21.31667,28.11,,,,,,,,,,,,,,,,,,,
21.33333,28.11,,,,,,,,,,,,,,,,,,,
21.35,28.11,,,,,,,,,,,,,,,,,,,
21.36667,28.11,,,,,,,,,,,,,,,,,,,
21.38333,28.11,,,,,,,,,,,,,,,,,,,
21.4,28.11,,,,,,,,,,,,,,,,,,,
21.41667,28.11,,,,,,,,,,,,,,,,,,,
21.43333,28.11,,,,,,,,,,,,,,,,,,,
21.45,28.11,,,,,,,,,,,,,,,,,,,
21.46667,28.1,,,,,,,,,,,,,,,,,,,
21.48333,28.1,,,,,,,,,,,,,,,,,,,
21.5,28.1,,,,,,,,,,,,,,,,,,,
21.51667,28.1,,,,,,,,,,,,,,,,,,,
21.53333,28.1,,,,,,,,,,,,,,,,,,,
21.55,28.1,,,,,,,,,,,,,,,,,,,
21.56667,28.1,,,,,,,,,,,,,,,,,,,
21.58333,28.1,,,,,,,,,,,,,,,,,,,
21.6,28.1,,,,,,,,,,,,,,,,,,,
21.61667,28.1,,,,,,,,,,,,,,,,,,,
21.63333,28.1,,,,,,,,,,,,,,,,,,,
21.65,28.1,,,,,,,,,,,,,,,,,,,
21.66667,28.1,,,,,,,,,,,,,,,,,,,
21.68333,28.1,,,,,,,,,,,,,,,,,,,
21.7,28.1,,,,,,,,,,,,,,,,,,,
21.71667,28.1,,,,,,,,,,,,,,,,,,,
21.73333,28.1,,,,,,,,,,,,,,,,,,,
21.75,28.1,,,,,,,,,,,,,,,,,,,
21.76667,28.1,,,,,,,,,,,,,,,,,,,
21.78333,28.1,,,,,,,,,,,,,,,,,,,
21.8,28.1,,,,,,,,,,,,,,,,,,,
21.81667,28.1,,,,,,,,,,,,,,,,,,,
21.83333,28.1,,,,,,,,,,,,,,,,,,,
21.85,28.1,,,,,,,,,,,,,,,,,,,
21.86667,28.1,,,,,,,,,,,,,,,,,,,
21.88333,28.1,,,,,,,,,,,,,,,,,,,
21.9,28.1,,,,,,,,,,,,,,,,,,,
21.91667,28.1,,,,,,,,,,,,,,,,,,,
21.93333,28.1,,,,,,,,,,,,,,,,,,,
21.95,28.1,,,,,,,,,,,,,,,,,,,
21.96667,28.1,,,,,,,,,,,,,,,,,,,
21.98333,28.1,,,,,,,,,,,,,,,,,,,
22,28.1,,,,,,,,,,,,,,,,,,,
22.01667,28.1,,,,,,,,,,,,,,,,,,,
22.03333,28.1,,,,,,,,,,,,,,,,,,,
22.05,28.1,,,,,,,,,,,,,,,,,,,
22.06667,28.1,,,,,,,,,,,,,,,,,,,
22.08333,28.1,,,,,,,,,,,,,,,,,,,
22.1,28.1,,,,,,,,,,,,,,,,,,,
22.11667,28.1,,,,,,,,,,,,,,,,,,,
22.13333,28.1,,,,,,,,,,,,,,,,,,,
22.15,28.1,,,,,,,,,,,,,,,,,,,
22.16667,28.1,,,,,,,,,,,,,,,,,,,
22.18333,28.09,,,,,,,,,,,,,,,,,,,
22.2,28.09,,,,,,,,,,,,,,,,,,,
22.21667,28.09,,,,,,,,,,,,,,,,,,,
22.23333,28.09,,,,,,,,,,,,,,,,,,,
22.25,28.09,,,,,,,,,,,,,,,,,,,
22.26667,28.09,,,,,,,,,,,,,,,,,,,
22.28333,28.09,,,,,,,,,,,,,,,,,,,
22.3,28.09,,,,,,,,,,,,,,,,,,,
22.31667,28.09,,,,,,,,,,,,,,,,,,,
22.33333,28.09,,,,,,,,,,,,,,,,,,,
22.35,28.09,,,,,,,,,,,,,,,,,,,
22.36667,28.09,,,,,,,,,,,,,,,,,,,
22.38333,28.09,,,,,,,,,,,,,,,,,,,
22.4,28.09,,,,,,,,,,,,,,,,,,,
22.41667,28.09,,,,,,,,,,,,,,,,,,,
22.43333,28.09,,,,,,,,,,,,,,,,,,,
22.45,28.09,,,,,,,,,,,,,,,,,,,
22.46667,28.09,,,,,,,,,,,,,,,,,,,
22.48333,28.09,,,,,,,,,,,,,,,,,,,
22.5,28.09,,,,,,,,,,,,,,,,,,,
22.51667,28.09,,,,,,,,,,,,,,,,,,,
22.53333,28.09,,,,,,,,,,,,,,,,,,,
22.55,28.09,,,,,,,,,,,,,,,,,,,
22.56667,28.09,,,,,,,,,,,,,,,,,,,
22.58333,28.09,,,,,,,,,,,,,,,,,,,
22.6,28.09,,,,,,,,,,,,,,,,,,,
22.61667,28.09,,,,,,,,,,,,,,,,,,,
22.63333,28.09,,,,,,,,,,,,,,,,,,,
22.65,28.09,,,,,,,,,,,,,,,,,,,
22.66667,28.09,,,,,,,,,,,,,,,,,,,
22.68333,28.09,,,,,,,,,,,,,,,,,,,
22.7,28.09,,,,,,,,,,,,,,,,,,,
22.71667,28.09,,,,,,,,,,,,,,,,,,,
22.73333,28.09,,,,,,,,,,,,,,,,,,,
22.75,28.09,,,,,,,,,,,,,,,,,,,
22.76667,28.08,,,,,,,,,,,,,,,,,,,
22.78333,28.08,,,,,,,,,,,,,,,,,,,
22.8,28.08,,,,,,,,,,,,,,,,,,,
22.81667,28.08,,,,,,,,,,,,,,,,,,,
22.83333,28.08,,,,,,,,,,,,,,,,,,,
22.85,28.08,,,,,,,,,,,,,,,,,,,
22.86667,28.08,,,,,,,,,,,,,,,,,,,
22.88333,28.08,,,,,,,,,,,,,,,,,,,
22.9,28.08,,,,,,,,,,,,,,,,,,,
22.91667,28.08,,,,,,,,,,,,,,,,,,,
22.93333,28.08,,,,,,,,,,,,,,,,,,,
22.95,28.08,,,,,,,,,,,,,,,,,,,
22.96667,28.08,,,,,,,,,,,,,,,,,,,
22.98333,28.08,,,,,,,,,,,,,,,,,,,
23,28.08,,,,,,,,,,,,,,,,,,,
23.01667,28.08,,,,,,,,,,,,,,,,,,,
23.03333,28.08,,,,,,,,,,,,,,,,,,,
23.05,28.08,,,,,,,,,,,,,,,,,,,
23.06667,28.08,,,,,,,,,,,,,,,,,,,
23.08333,28.08,,,,,,,,,,,,,,,,,,,
23.1,28.08,,,,,,,,,,,,,,,,,,,
23.11667,28.08,,,,,,,,,,,,,,,,,,,
23.13333,28.08,,,,,,,,,,,,,,,,,,,
23.15,28.08,,,,,,,,,,,,,,,,,,,
23.16667,28.08,,,,,,,,,,,,,,,,,,,
23.18333,28.08,,,,,,,,,,,,,,,,,,,
23.2,28.08,,,,,,,,,,,,,,,,,,,
23.21667,28.08,,,,,,,,,,,,,,,,,,,
23.23333,28.08,,,,,,,,,,,,,,,,,,,
23.25,28.08,,,,,,,,,,,,,,,,,,,
23.26667,28.08,,,,,,,,,,,,,,,,,,,
23.28333,28.08,,,,,,,,,,,,,,,,,,,
23.3,28.08,,,,,,,,,,,,,,,,,,,
23.31667,28.08,,,,,,,,,,,,,,,,,,,
23.33333,28.08,,,,,,,,,,,,,,,,,,,
23.35,28.08,,,,,,,,,,,,,,,,,,,
23.36667,28.07,,,,,,,,,,,,,,,,,,,
23.38333,28.07,,,,,,,,,,,,,,,,,,,
23.4,28.07,,,,,,,,,,,,,,,,,,,
23.41667,28.07,,,,,,,,,,,,,,,,,,,
23.43333,28.07,,,,,,,,,,,,,,,,,,,
23.45,28.07,,,,,,,,,,,,,,,,,,,
23.46667,28.07,,,,,,,,,,,,,,,,,,,
23.48333,28.07,,,,,,,,,,,,,,,,,,,
23.5,28.07,,,,,,,,,,,,,,,,,,,
23.51667,28.07,,,,,,,,,,,,,,,,,,,
23.53333,28.07,,,,,,,,,,,,,,,,,,,
23.55,28.07,,,,,,,,,,,,,,,,,,,
23.56667,28.07,,,,,,,,,,,,,,,,,,,
23.58333,28.07,,,,,,,,,,,,,,,,,,,
23.6,28.07,,,,,,,,,,,,,,,,,,,
23.61667,28.07,,,,,,,,,,,,,,,,,,,
23.63333,28.07,,,,,,,,,,,,,,,,,,,
23.65,28.07,,,,,,,,,,,,,,,,,,,
23.66667,28.07,,,,,,,,,,,,,,,,,,,
23.68333,28.07,,,,,,,,,,,,,,,,,,,
23.7,28.07,,,,,,,,,,,,,,,,,,,
23.71667,28.07,,,,,,,,,,,,,,,,,,,
23.73333,28.07,,,,,,,,,,,,,,,,,,,
23.75,28.07,,,,,,,,,,,,,,,,,,,
23.76667,28.07,,,,,,,,,,,,,,,,,,,
23.78333,28.07,,,,,,,,,,,,,,,,,,,
23.8,28.07,,,,,,,,,,,,,,,,,,,
23.81667,28.07,,,,,,,,,,,,,,,,,,,
23.83333,28.07,,,,,,,,,,,,,,,,,,,
23.85,28.07,,,,,,,,,,,,,,,,,,,
23.86667,28.07,,,,,,,,,,,,,,,,,,,
23.88333,28.07,,,,,,,,,,,,,,,,,,,
23.9,28.07,,,,,,,,,,,,,,,,,,,
23.91667,28.07,,,,,,,,,,,,,,,,,,,
23.93333,28.07,,,,,,,,,,,,,,,,,,,
23.95,28.07,,,,,,,,,,,,,,,,,,,
23.96667,28.07,,,,,,,,,,,,,,,,,,,
23.98333,28.06,,,,,,,,,,,,,,,,,,,
24,28.06,,,,,,,,,,,,,,,,,,,
24.01667,28.06,,,,,,,,,,,,,,,,,,,
24.03333,28.06,,,,,,,,,,,,,,,,,,,
24.05,28.06,,,,,,,,,,,,,,,,,,,
24.06667,28.06,,,,,,,,,,,,,,,,,,,
24.08333,28.06,,,,,,,,,,,,,,,,,,,
24.1,28.06,,,,,,,,,,,,,,,,,,,
24.11667,28.06,,,,,,,,,,,,,,,,,,,
24.13333,28.06,,,,,,,,,,,,,,,,,,,
24.15,28.06,,,,,,,,,,,,,,,,,,,
24.16667,28.06,,,,,,,,,,,,,,,,,,,
24.18333,28.06,,,,,,,,,,,,,,,,,,,
24.2,28.06,,,,,,,,,,,,,,,,,,,
24.21667,28.06,,,,,,,,,,,,,,,,,,,
24.23333,28.06,,,,,,,,,,,,,,,,,,,
24.25,28.06,,,,,,,,,,,,,,,,,,,
24.26667,28.06,,,,,,,,,,,,,,,,,,,
24.28333,28.06,,,,,,,,,,,,,,,,,,,
24.3,28.06,,,,,,,,,,,,,,,,,,,
24.31667,28.06,,,,,,,,,,,,,,,,,,,
24.33333,28.06,,,,,,,,,,,,,,,,,,,
24.35,28.06,,,,,,,,,,,,,,,,,,,
24.36667,28.06,,,,,,,,,,,,,,,,,,,
24.38333,28.06,,,,,,,,,,,,,,,,,,,
24.4,28.06,,,,,,,,,,,,,,,,,,,
24.41667,28.06,,,,,,,,,,,,,,,,,,,
24.43333,28.06,,,,,,,,,,,,,,,,,,,
24.45,28.06,,,,,,,,,,,,,,,,,,,
24.46667,28.06,,,,,,,,,,,,,,,,,,,
24.48333,28.06,,,,,,,,,,,,,,,,,,,
24.5,28.06,,,,,,,,,,,,,,,,,,,
24.51667,28.06,,,,,,,,,,,,,,,,,,,
24.53333,28.06,,,,,,,,,,,,,,,,,,,
24.55,28.06,,,,,,,,,,,,,,,,,,,
24.56667,28.06,,,,,,,,,,,,,,,,,,,
24.58333,28.05,,,,,,,,,,,,,,,,,,,
24.6,28.05,,,,,,,,,,,,,,,,,,,
24.61667,28.05,,,,,,,,,,,,,,,,,,,
24.63333,28.05,,,,,,,,,,,,,,,,,,,
24.65,28.05,,,,,,,,,,,,,,,,,,,
24.66667,28.05,,,,,,,,,,,,,,,,,,,
24.68333,28.05,,,,,,,,,,,,,,,,,,,
24.7,28.05,,,,,,,,,,,,,,,,,,,
24.71667,28.05,,,,,,,,,,,,,,,,,,,
24.73333,28.05,,,,,,,,,,,,,,,,,,,
24.75,28.05,,,,,,,,,,,,,,,,,,,
24.76667,28.05,,,,,,,,,,,,,,,,,,,
24.78333,28.05,,,,,,,,,,,,,,,,,,,
24.8,28.05,,,,,,,,,,,,,,,,,,,
24.81667,28.05,,,,,,,,,,,,,,,,,,,
24.83333,28.05,,,,,,,,,,,,,,,,,,,
24.85,28.05,,,,,,,,,,,,,,,,,,,
24.86667,28.05,,,,,,,,,,,,,,,,,,,
24.88333,28.05,,,,,,,,,,,,,,,,,,,
24.9,28.05,,,,,,,,,,,,,,,,,,,
24.91667,28.05,,,,,,,,,,,,,,,,,,,
24.93333,28.05,,,,,,,,,,,,,,,,,,,
24.95,28.05,,,,,,,,,,,,,,,,,,,
24.96667,28.05,,,,,,,,,,,,,,,,,,,
24.98333,28.05,,,,,,,,,,,,,,,,,,,
25,28.05,,,,,,,,,,,,,,,,,,,
25.01667,28.05,,,,,,,,,,,,,,,,,,,
25.03333,28.05,,,,,,,,,,,,,,,,,,,
25.05,28.05,,,,,,,,,,,,,,,,,,,
25.06667,28.05,,,,,,,,,,,,,,,,,,,
25.08333,28.05,,,,,,,,,,,,,,,,,,,
25.1,28.05,,,,,,,,,,,,,,,,,,,
25.11667,28.05,,,,,,,,,,,,,,,,,,,
25.13333,28.05,,,,,,,,,,,,,,,,,,,
25.15,28.05,,,,,,,,,,,,,,,,,,,
25.16667,28.05,,,,,,,,,,,,,,,,,,,
25.18333,28.04,,,,,,,,,,,,,,,,,,,
25.2,28.04,,,,,,,,,,,,,,,,,,,
25.21667,28.04,,,,,,,,,,,,,,,,,,,
25.23333,28.04,,,,,,,,,,,,,,,,,,,
25.25,28.04,,,,,,,,,,,,,,,,,,,
25.26667,28.04,,,,,,,,,,,,,,,,,,,
25.28333,28.04,,,,,,,,,,,,,,,,,,,
25.3,28.04,,,,,,,,,,,,,,,,,,,
25.31667,28.04,,,,,,,,,,,,,,,,,,,
25.33333,28.04,,,,,,,,,,,,,,,,,,,
25.35,28.04,,,,,,,,,,,,,,,,,,,
25.36667,28.04,,,,,,,,,,,,,,,,,,,
25.38333,28.04,,,,,,,,,,,,,,,,,,,
25.4,28.04,,,,,,,,,,,,,,,,,,,
25.41667,28.04,,,,,,,,,,,,,,,,,,,
25.43333,28.04,,,,,,,,,,,,,,,,,,,
,,,,,,,,,,,,,,,,,,,,
[Fraction Collection Report],,,,,,,,,,,,,,,,,,,,
# of Fractions,0,,,,,,,,,,,,,,,,,,,
